scenario_id,window_start_time,window_end_time,p_active,pred_active,true_active,overlap_ratio,target_node_idx,defect_node_id,top_candidate_node
50,2025-01-01 00:10:00,2025-01-01 06:00:00,0.9996930360794067,1,1,0.6857143044471741,58,HS1314505,HS1344263
50,2025-01-01 01:10:00,2025-01-01 07:00:00,0.9998337030410767,1,1,0.8571428656578064,58,HS1314505,HS1316643
50,2025-01-01 02:10:00,2025-01-01 08:00:00,0.9999606609344482,1,1,1.0,58,HS1314505,HS1316643
50,2025-01-01 03:10:00,2025-01-01 09:00:00,0.9998400211334229,1,1,0.8285714387893677,58,HS1314505,HS1316643
50,2025-01-01 04:10:00,2025-01-01 10:00:00,0.9929990768432617,1,1,0.6571428775787354,58,HS1314505,HS1314237
50,2025-01-01 05:10:00,2025-01-01 11:00:00,0.8792860507965088,1,0,0.48571428656578064,-1,HS1314505,HS1313205
50,2025-01-01 06:10:00,2025-01-01 12:00:00,0.5606204271316528,1,0,0.3142857253551483,-1,HS1314505,HS1313205
50,2025-01-01 07:10:00,2025-01-01 13:00:00,0.7940970063209534,1,0,0.1428571492433548,-1,HS1314505,HS1313205
50,2025-01-01 08:10:00,2025-01-01 14:00:00,0.9753301739692688,1,0,0.0,-1,HS1314505,HS1313925
50,2025-01-01 09:10:00,2025-01-01 15:00:00,0.976314127445221,1,0,0.0,-1,HS1314505,HS1313925
50,2025-01-01 10:10:00,2025-01-01 16:00:00,0.9748511910438538,1,0,0.0,-1,HS1314505,HS1313925
50,2025-01-01 11:10:00,2025-01-01 17:00:00,0.9741055369377136,1,0,0.0,-1,HS1314505,HS1313925
50,2025-01-01 12:10:00,2025-01-01 18:00:00,0.9760905504226685,1,0,0.0,-1,HS1314505,HS1313925
50,2025-01-01 13:10:00,2025-01-01 19:00:00,0.9777107834815979,1,0,0.0,-1,HS1314505,HS1313925
50,2025-01-01 14:10:00,2025-01-01 20:00:00,0.978245198726654,1,0,0.0,-1,HS1314505,HS1313001
50,2025-01-01 15:10:00,2025-01-01 21:00:00,0.9776152968406677,1,0,0.0,-1,HS1314505,HS1313001
50,2025-01-01 16:10:00,2025-01-01 22:00:00,0.9837954044342041,1,0,0.0,-1,HS1314505,HS1313001
50,2025-01-01 17:10:00,2025-01-01 23:00:00,0.9915099143981934,1,0,0.0,-1,HS1314505,HS1313298
50,2025-01-01 18:10:00,2025-01-02 00:00:00,0.994640052318573,1,0,0.0,-1,HS1314505,HS1313298
50,2025-01-01 19:10:00,2025-01-02 01:00:00,0.9956045150756836,1,0,0.0,-1,HS1314505,HS1313298
50,2025-01-01 20:10:00,2025-01-02 02:00:00,0.9945264458656311,1,0,0.0,-1,HS1314505,HS1313298
50,2025-01-01 21:10:00,2025-01-02 03:00:00,0.9909505844116211,1,0,0.0,-1,HS1314505,HS1313298
50,2025-01-01 22:10:00,2025-01-02 04:00:00,0.9821884036064148,1,0,0.0,-1,HS1314505,HS1313298
50,2025-01-01 23:10:00,2025-01-02 05:00:00,0.9553224444389343,1,0,0.0,-1,HS1314505,HS1313298
50,2025-01-02 00:10:00,2025-01-02 06:00:00,0.9375990629196167,1,0,0.0,-1,HS1314505,HS1313298
50,2025-01-02 01:10:00,2025-01-02 07:00:00,0.9425109028816223,1,0,0.0,-1,HS1314505,HS1313298
50,2025-01-02 02:10:00,2025-01-02 08:00:00,0.9509806632995605,1,0,0.0,-1,HS1314505,HS1313298
50,2025-01-02 03:10:00,2025-01-02 09:00:00,0.9608038067817688,1,0,0.0,-1,HS1314505,HS1313298
50,2025-01-02 04:10:00,2025-01-02 10:00:00,0.9700247049331665,1,0,0.0,-1,HS1314505,HS1313001
50,2025-01-02 05:10:00,2025-01-02 11:00:00,0.9755789041519165,1,0,0.0,-1,HS1314505,HS1313001
50,2025-01-02 06:10:00,2025-01-02 12:00:00,0.9773299694061279,1,0,0.0,-1,HS1314505,HS1313001
50,2025-01-02 07:10:00,2025-01-02 13:00:00,0.9776006937026978,1,0,0.0,-1,HS1314505,HS1313925
50,2025-01-02 08:10:00,2025-01-02 14:00:00,0.9774341583251953,1,0,0.0,-1,HS1314505,HS1313925
50,2025-01-02 09:10:00,2025-01-02 15:00:00,0.9773988723754883,1,0,0.0,-1,HS1314505,HS1313925
50,2025-01-02 10:10:00,2025-01-02 16:00:00,0.9777851104736328,1,0,0.0,-1,HS1314505,HS1313925
50,2025-01-02 11:10:00,2025-01-02 17:00:00,0.9783217310905457,1,0,0.0,-1,HS1314505,HS1313925
50,2025-01-02 12:10:00,2025-01-02 18:00:00,0.9781743288040161,1,0,0.0,-1,HS1314505,HS1313925
50,2025-01-02 13:10:00,2025-01-02 19:00:00,0.9778096079826355,1,0,0.0,-1,HS1314505,HS1313925
50,2025-01-02 14:10:00,2025-01-02 20:00:00,0.9771860837936401,1,0,0.0,-1,HS1314505,HS1313001
50,2025-01-02 15:10:00,2025-01-02 21:00:00,0.9762693643569946,1,0,0.0,-1,HS1314505,HS1313001
50,2025-01-02 16:10:00,2025-01-02 22:00:00,0.9829838275909424,1,0,0.0,-1,HS1314505,HS1313001
50,2025-01-02 17:10:00,2025-01-02 23:00:00,0.9915287494659424,1,0,0.0,-1,HS1314505,HS1313298
81,2025-01-01 00:10:00,2025-01-01 06:00:00,0.9402471780776978,1,0,0.0,-1,HS1313471,HS1313298
81,2025-01-01 01:10:00,2025-01-01 07:00:00,0.9419737458229065,1,0,0.0,-1,HS1313471,HS1313298
81,2025-01-01 02:10:00,2025-01-01 08:00:00,0.9486743211746216,1,0,0.0,-1,HS1313471,HS1313298
81,2025-01-01 03:10:00,2025-01-01 09:00:00,0.9596861600875854,1,0,0.0,-1,HS1313471,HS1313298
81,2025-01-01 04:10:00,2025-01-01 10:00:00,0.9698736667633057,1,0,0.0,-1,HS1313471,HS1313001
81,2025-01-01 05:10:00,2025-01-01 11:00:00,0.9753588438034058,1,0,0.0,-1,HS1313471,HS1313001
81,2025-01-01 06:10:00,2025-01-01 12:00:00,0.9769928455352783,1,0,0.0,-1,HS1313471,HS1313001
81,2025-01-01 07:10:00,2025-01-01 13:00:00,0.977516770362854,1,0,0.0,-1,HS1313471,HS1313925
81,2025-01-01 08:10:00,2025-01-01 14:00:00,0.9775935411453247,1,0,0.0,-1,HS1313471,HS1313925
81,2025-01-01 09:10:00,2025-01-01 15:00:00,0.0774502083659172,0,0,0.17142857611179352,-1,HS1313471,HS1306904
81,2025-01-01 10:10:00,2025-01-01 16:00:00,0.9573829770088196,1,0,0.34285715222358704,-1,HS1313471,HS1306601
81,2025-01-01 11:10:00,2025-01-01 17:00:00,0.9999697208404541,1,1,0.5142857432365417,35,HS1313471,HS1306601
81,2025-01-01 12:10:00,2025-01-01 18:00:00,0.9999978542327881,1,1,0.6857143044471741,35,HS1313471,HS1306601
81,2025-01-01 13:10:00,2025-01-01 19:00:00,0.9999992847442627,1,1,0.8571428656578064,35,HS1313471,HS1306601
81,2025-01-01 14:10:00,2025-01-01 20:00:00,0.9999995231628418,1,1,1.0,35,HS1313471,HS1306601
81,2025-01-01 15:10:00,2025-01-01 21:00:00,0.9999996423721313,1,1,1.0,35,HS1313471,HS1306601
81,2025-01-01 16:10:00,2025-01-01 22:00:00,0.9999997615814209,1,1,1.0,35,HS1313471,HS1306601
81,2025-01-01 17:10:00,2025-01-01 23:00:00,0.9999998807907104,1,1,1.0,35,HS1313471,HS1306601
81,2025-01-01 18:10:00,2025-01-02 00:00:00,0.9999998807907104,1,1,1.0,35,HS1313471,HS1306601
81,2025-01-01 19:10:00,2025-01-02 01:00:00,1.0,1,1,1.0,35,HS1313471,HS1306601
81,2025-01-01 20:10:00,2025-01-02 02:00:00,1.0,1,1,1.0,35,HS1313471,HS1306601
81,2025-01-01 21:10:00,2025-01-02 03:00:00,1.0,1,1,0.8285714387893677,35,HS1313471,HS1306601
81,2025-01-01 22:10:00,2025-01-02 04:00:00,0.9999977350234985,1,1,0.6571428775787354,35,HS1313471,HS1306601
81,2025-01-01 23:10:00,2025-01-02 05:00:00,0.9750527739524841,1,0,0.48571428656578064,-1,HS1313471,HS1306601
81,2025-01-02 00:10:00,2025-01-02 06:00:00,0.13646450638771057,0,0,0.3142857253551483,-1,HS1313471,HS1306601
81,2025-01-02 01:10:00,2025-01-02 07:00:00,0.0483170785009861,0,0,0.1428571492433548,-1,HS1313471,HS1306904
81,2025-01-02 02:10:00,2025-01-02 08:00:00,0.4905194640159607,0,0,0.0,-1,HS1313471,HS1313298
81,2025-01-02 03:10:00,2025-01-02 09:00:00,0.9616653919219971,1,0,0.0,-1,HS1313471,HS1313298
81,2025-01-02 04:10:00,2025-01-02 10:00:00,0.969918966293335,1,0,0.0,-1,HS1313471,HS1313001
81,2025-01-02 05:10:00,2025-01-02 11:00:00,0.9749286770820618,1,0,0.0,-1,HS1313471,HS1313001
81,2025-01-02 06:10:00,2025-01-02 12:00:00,0.976153552532196,1,0,0.0,-1,HS1313471,HS1313001
81,2025-01-02 07:10:00,2025-01-02 13:00:00,0.9773054122924805,1,0,0.0,-1,HS1313471,HS1313925
81,2025-01-02 08:10:00,2025-01-02 14:00:00,0.9780105948448181,1,0,0.0,-1,HS1313471,HS1313925
81,2025-01-02 09:10:00,2025-01-02 15:00:00,0.9775616526603699,1,0,0.0,-1,HS1313471,HS1313925
81,2025-01-02 10:10:00,2025-01-02 16:00:00,0.9767968058586121,1,0,0.0,-1,HS1313471,HS1313925
81,2025-01-02 11:10:00,2025-01-02 17:00:00,0.9772049784660339,1,0,0.0,-1,HS1313471,HS1313925
81,2025-01-02 12:10:00,2025-01-02 18:00:00,0.9776689410209656,1,0,0.0,-1,HS1313471,HS1313925
81,2025-01-02 13:10:00,2025-01-02 19:00:00,0.9778029918670654,1,0,0.0,-1,HS1313471,HS1313925
81,2025-01-02 14:10:00,2025-01-02 20:00:00,0.9761019945144653,1,0,0.0,-1,HS1313471,HS1313001
81,2025-01-02 15:10:00,2025-01-02 21:00:00,0.9754671454429626,1,0,0.0,-1,HS1313471,HS1313001
81,2025-01-02 16:10:00,2025-01-02 22:00:00,0.9828280210494995,1,0,0.0,-1,HS1313471,HS1313001
81,2025-01-02 17:10:00,2025-01-02 23:00:00,0.991234540939331,1,0,0.0,-1,HS1313471,HS1313298
206,2025-01-01 00:10:00,2025-01-01 06:00:00,0.9402471780776978,1,0,0.0,-1,MH0242782,HS1313298
206,2025-01-01 01:10:00,2025-01-01 07:00:00,0.9419737458229065,1,0,0.0,-1,MH0242782,HS1313298
206,2025-01-01 02:10:00,2025-01-01 08:00:00,0.9486743211746216,1,0,0.0,-1,MH0242782,HS1313298
206,2025-01-01 03:10:00,2025-01-01 09:00:00,0.9596861600875854,1,0,0.0,-1,MH0242782,HS1313298
206,2025-01-01 04:10:00,2025-01-01 10:00:00,0.9698736667633057,1,0,0.0,-1,MH0242782,HS1313001
206,2025-01-01 05:10:00,2025-01-01 11:00:00,0.9753588438034058,1,0,0.0,-1,MH0242782,HS1313001
206,2025-01-01 06:10:00,2025-01-01 12:00:00,0.9769928455352783,1,0,0.0,-1,MH0242782,HS1313001
206,2025-01-01 07:10:00,2025-01-01 13:00:00,0.977516770362854,1,0,0.0,-1,MH0242782,HS1313925
206,2025-01-01 08:10:00,2025-01-01 14:00:00,0.9775935411453247,1,0,0.0,-1,MH0242782,HS1313925
206,2025-01-01 09:10:00,2025-01-01 15:00:00,0.8166593313217163,1,0,0.17142857611179352,-1,MH0242782,HS1313597
206,2025-01-01 10:10:00,2025-01-01 16:00:00,0.9970079064369202,1,0,0.34285715222358704,-1,MH0242782,HS1313597
206,2025-01-01 11:10:00,2025-01-01 17:00:00,0.9999910593032837,1,1,0.5142857432365417,124,MH0242782,HS1308259
206,2025-01-01 12:10:00,2025-01-01 18:00:00,0.9999996423721313,1,1,0.6857143044471741,124,MH0242782,HS1308259
206,2025-01-01 13:10:00,2025-01-01 19:00:00,0.9999998807907104,1,1,0.8571428656578064,124,MH0242782,HS1308259
206,2025-01-01 14:10:00,2025-01-01 20:00:00,1.0,1,1,1.0,124,MH0242782,HS1316417
206,2025-01-01 15:10:00,2025-01-01 21:00:00,0.9999998807907104,1,1,0.8285714387893677,124,MH0242782,HS1313597
206,2025-01-01 16:10:00,2025-01-01 22:00:00,0.9999916553497314,1,1,0.6571428775787354,124,MH0242782,HS1313597
206,2025-01-01 17:10:00,2025-01-01 23:00:00,0.9436642527580261,1,0,0.48571428656578064,-1,MH0242782,HS1313597
206,2025-01-01 18:10:00,2025-01-02 00:00:00,0.43702495098114014,0,0,0.3142857253551483,-1,MH0242782,HS1313402
206,2025-01-01 19:10:00,2025-01-02 01:00:00,0.9137759208679199,1,0,0.1428571492433548,-1,MH0242782,HS1313298
206,2025-01-01 20:10:00,2025-01-02 02:00:00,0.9932443499565125,1,0,0.0,-1,MH0242782,HS1313298
206,2025-01-01 21:10:00,2025-01-02 03:00:00,0.9905286431312561,1,0,0.0,-1,MH0242782,HS1313298
206,2025-01-01 22:10:00,2025-01-02 04:00:00,0.9821112751960754,1,0,0.0,-1,MH0242782,HS1313298
206,2025-01-01 23:10:00,2025-01-02 05:00:00,0.9582259654998779,1,0,0.0,-1,MH0242782,HS1313298
206,2025-01-02 00:10:00,2025-01-02 06:00:00,0.9371452927589417,1,0,0.0,-1,MH0242782,HS1313298
206,2025-01-02 01:10:00,2025-01-02 07:00:00,0.9399337768554688,1,0,0.0,-1,MH0242782,HS1313298
206,2025-01-02 02:10:00,2025-01-02 08:00:00,0.9519737362861633,1,0,0.0,-1,MH0242782,HS1313298
206,2025-01-02 03:10:00,2025-01-02 09:00:00,0.963687539100647,1,0,0.0,-1,MH0242782,HS1313298
206,2025-01-02 04:10:00,2025-01-02 10:00:00,0.9708057045936584,1,0,0.0,-1,MH0242782,HS1313001
206,2025-01-02 05:10:00,2025-01-02 11:00:00,0.9751555919647217,1,0,0.0,-1,MH0242782,HS1313001
206,2025-01-02 06:10:00,2025-01-02 12:00:00,0.9763387441635132,1,0,0.0,-1,MH0242782,HS1313001
206,2025-01-02 07:10:00,2025-01-02 13:00:00,0.977177083492279,1,0,0.0,-1,MH0242782,HS1313925
206,2025-01-02 08:10:00,2025-01-02 14:00:00,0.9777349233627319,1,0,0.0,-1,MH0242782,HS1313925
206,2025-01-02 09:10:00,2025-01-02 15:00:00,0.9770063757896423,1,0,0.0,-1,MH0242782,HS1313925
206,2025-01-02 10:10:00,2025-01-02 16:00:00,0.9772193431854248,1,0,0.0,-1,MH0242782,HS1313925
206,2025-01-02 11:10:00,2025-01-02 17:00:00,0.977597177028656,1,0,0.0,-1,MH0242782,HS1313925
206,2025-01-02 12:10:00,2025-01-02 18:00:00,0.9775789380073547,1,0,0.0,-1,MH0242782,HS1313925
206,2025-01-02 13:10:00,2025-01-02 19:00:00,0.977042555809021,1,0,0.0,-1,MH0242782,HS1313925
206,2025-01-02 14:10:00,2025-01-02 20:00:00,0.9756008386611938,1,0,0.0,-1,MH0242782,HS1313001
206,2025-01-02 15:10:00,2025-01-02 21:00:00,0.9753345847129822,1,0,0.0,-1,MH0242782,HS1313001
206,2025-01-02 16:10:00,2025-01-02 22:00:00,0.9829384684562683,1,0,0.0,-1,MH0242782,HS1313001
206,2025-01-02 17:10:00,2025-01-02 23:00:00,0.9912516474723816,1,0,0.0,-1,MH0242782,HS1313298
35,2025-01-01 00:10:00,2025-01-01 06:00:00,0.9402471780776978,1,0,0.0,-1,HS1311288,HS1313298
35,2025-01-01 01:10:00,2025-01-01 07:00:00,0.9419737458229065,1,0,0.0,-1,HS1311288,HS1313298
35,2025-01-01 02:10:00,2025-01-01 08:00:00,0.9486743211746216,1,0,0.0,-1,HS1311288,HS1313298
35,2025-01-01 03:10:00,2025-01-01 09:00:00,0.9596861600875854,1,0,0.0,-1,HS1311288,HS1313298
35,2025-01-01 04:10:00,2025-01-01 10:00:00,0.9698736667633057,1,0,0.0,-1,HS1311288,HS1313001
35,2025-01-01 05:10:00,2025-01-01 11:00:00,0.9753588438034058,1,0,0.0,-1,HS1311288,HS1313001
35,2025-01-01 06:10:00,2025-01-01 12:00:00,0.9769928455352783,1,0,0.0,-1,HS1311288,HS1313001
35,2025-01-01 07:10:00,2025-01-01 13:00:00,0.977516770362854,1,0,0.0,-1,HS1311288,HS1313925
35,2025-01-01 08:10:00,2025-01-01 14:00:00,0.9775935411453247,1,0,0.0,-1,HS1311288,HS1313925
35,2025-01-01 09:10:00,2025-01-01 15:00:00,0.9770922064781189,1,0,0.17142857611179352,-1,HS1311288,HS1313925
35,2025-01-01 10:10:00,2025-01-01 16:00:00,0.9912052750587463,1,0,0.34285715222358704,-1,HS1311288,HS1313001
35,2025-01-01 11:10:00,2025-01-01 17:00:00,0.9985144734382629,1,1,0.5142857432365417,11,HS1311288,HS1313001
35,2025-01-01 12:10:00,2025-01-01 18:00:00,0.9995642304420471,1,1,0.6857143044471741,11,HS1311288,HS1313001
35,2025-01-01 13:10:00,2025-01-01 19:00:00,0.9997482895851135,1,1,0.8571428656578064,11,HS1311288,HS1313001
35,2025-01-01 14:10:00,2025-01-01 20:00:00,0.9998156428337097,1,1,1.0,11,HS1311288,HS1313298
35,2025-01-01 15:10:00,2025-01-01 21:00:00,0.9998289346694946,1,1,1.0,11,HS1311288,HS1313298
35,2025-01-01 16:10:00,2025-01-01 22:00:00,0.9998512268066406,1,1,1.0,11,HS1311288,HS1313298
35,2025-01-01 17:10:00,2025-01-01 23:00:00,0.9998886585235596,1,1,1.0,11,HS1311288,HS1313298
35,2025-01-01 18:10:00,2025-01-02 00:00:00,0.999904990196228,1,1,1.0,11,HS1311288,HS1313298
35,2025-01-01 19:10:00,2025-01-02 01:00:00,0.9999011754989624,1,1,1.0,11,HS1311288,HS1313001
35,2025-01-01 20:10:00,2025-01-02 02:00:00,0.9998706579208374,1,1,1.0,11,HS1311288,HS1313001
35,2025-01-01 21:10:00,2025-01-02 03:00:00,0.9998277425765991,1,1,1.0,11,HS1311288,HS1313001
35,2025-01-01 22:10:00,2025-01-02 04:00:00,0.9997468590736389,1,1,1.0,11,HS1311288,HS1313001
35,2025-01-01 23:10:00,2025-01-02 05:00:00,0.9994513392448425,1,1,1.0,11,HS1311288,HS1313001
35,2025-01-02 00:10:00,2025-01-02 06:00:00,0.9991047978401184,1,1,1.0,11,HS1311288,HS1313001
35,2025-01-02 01:10:00,2025-01-02 07:00:00,0.9988376498222351,1,1,1.0,11,HS1311288,HS1313001
35,2025-01-02 02:10:00,2025-01-02 08:00:00,0.9989646673202515,1,1,1.0,11,HS1311288,HS1313001
35,2025-01-02 03:10:00,2025-01-02 09:00:00,0.9993422627449036,1,1,1.0,11,HS1311288,HS1313001
35,2025-01-02 04:10:00,2025-01-02 10:00:00,0.9995279312133789,1,1,1.0,11,HS1311288,HS1313001
35,2025-01-02 05:10:00,2025-01-02 11:00:00,0.9996767044067383,1,1,1.0,11,HS1311288,HS1313001
35,2025-01-02 06:10:00,2025-01-02 12:00:00,0.9997435212135315,1,1,1.0,11,HS1311288,HS1313001
35,2025-01-02 07:10:00,2025-01-02 13:00:00,0.999760091304779,1,1,1.0,11,HS1311288,HS1313001
35,2025-01-02 08:10:00,2025-01-02 14:00:00,0.9997718930244446,1,1,1.0,11,HS1311288,HS1313001
35,2025-01-02 09:10:00,2025-01-02 15:00:00,0.9996680021286011,1,1,0.8285714387893677,11,HS1311288,HS1313001
35,2025-01-02 10:10:00,2025-01-02 16:00:00,0.9982740879058838,1,1,0.6571428775787354,11,HS1311288,HS1313001
35,2025-01-02 11:10:00,2025-01-02 17:00:00,0.9935442209243774,1,0,0.48571428656578064,-1,HS1311288,HS1313001
35,2025-01-02 12:10:00,2025-01-02 18:00:00,0.9903533458709717,1,0,0.3142857253551483,-1,HS1311288,HS1313001
35,2025-01-02 13:10:00,2025-01-02 19:00:00,0.9804758429527283,1,0,0.1428571492433548,-1,HS1311288,HS1313001
35,2025-01-02 14:10:00,2025-01-02 20:00:00,0.9765274524688721,1,0,0.0,-1,HS1311288,HS1313001
35,2025-01-02 15:10:00,2025-01-02 21:00:00,0.976175844669342,1,0,0.0,-1,HS1311288,HS1313001
35,2025-01-02 16:10:00,2025-01-02 22:00:00,0.9829650521278381,1,0,0.0,-1,HS1311288,HS1313001
35,2025-01-02 17:10:00,2025-01-02 23:00:00,0.991517961025238,1,0,0.0,-1,HS1311288,HS1313298
264,2025-01-01 00:10:00,2025-01-01 06:00:00,1.0,1,1,1.0,5,HS1306904,HS1313140
264,2025-01-01 01:10:00,2025-01-01 07:00:00,0.9999996423721313,1,1,1.0,5,HS1306904,HS1313140
264,2025-01-01 02:10:00,2025-01-01 08:00:00,0.9999997615814209,1,1,1.0,5,HS1306904,HS1306904
264,2025-01-01 03:10:00,2025-01-01 09:00:00,0.9999997615814209,1,1,1.0,5,HS1306904,HS1306904
264,2025-01-01 04:10:00,2025-01-01 10:00:00,0.9999998807907104,1,1,1.0,5,HS1306904,HS1306904
264,2025-01-01 05:10:00,2025-01-01 11:00:00,1.0,1,1,1.0,5,HS1306904,HS1306904
264,2025-01-01 06:10:00,2025-01-01 12:00:00,0.9999998807907104,1,1,1.0,5,HS1306904,HS1306904
264,2025-01-01 07:10:00,2025-01-01 13:00:00,0.9999998807907104,1,1,1.0,5,HS1306904,HS1306904
264,2025-01-01 08:10:00,2025-01-01 14:00:00,0.9999998807907104,1,1,1.0,5,HS1306904,MH0101924
264,2025-01-01 09:10:00,2025-01-01 15:00:00,0.9999998807907104,1,1,1.0,5,HS1306904,MH0101924
264,2025-01-01 10:10:00,2025-01-01 16:00:00,0.9999998807907104,1,1,1.0,5,HS1306904,MH0101924
264,2025-01-01 11:10:00,2025-01-01 17:00:00,0.9999998807907104,1,1,1.0,5,HS1306904,MH0101924
264,2025-01-01 12:10:00,2025-01-01 18:00:00,0.9999998807907104,1,1,1.0,5,HS1306904,MH0101924
264,2025-01-01 13:10:00,2025-01-01 19:00:00,0.9999998807907104,1,1,1.0,5,HS1306904,MH0101924
264,2025-01-01 14:10:00,2025-01-01 20:00:00,0.9999998807907104,1,1,1.0,5,HS1306904,MH0101924
264,2025-01-01 15:10:00,2025-01-01 21:00:00,1.0,1,1,1.0,5,HS1306904,MH0101924
264,2025-01-01 16:10:00,2025-01-01 22:00:00,1.0,1,1,1.0,5,HS1306904,HS1306904
264,2025-01-01 17:10:00,2025-01-01 23:00:00,1.0,1,1,1.0,5,HS1306904,HS1306904
264,2025-01-01 18:10:00,2025-01-02 00:00:00,0.9999997615814209,1,1,1.0,5,HS1306904,HS1306904
264,2025-01-01 19:10:00,2025-01-02 01:00:00,0.9999980926513672,1,1,0.8285714387893677,5,HS1306904,HS1313140
264,2025-01-01 20:10:00,2025-01-02 02:00:00,0.9995805621147156,1,1,0.6571428775787354,5,HS1306904,HS1313140
264,2025-01-01 21:10:00,2025-01-02 03:00:00,0.9071260094642639,1,0,0.48571428656578064,-1,HS1306904,HS1313140
264,2025-01-01 22:10:00,2025-01-02 04:00:00,0.42755964398384094,0,0,0.3142857253551483,-1,HS1306904,HS1313140
264,2025-01-01 23:10:00,2025-01-02 05:00:00,0.4125310778617859,0,0,0.1428571492433548,-1,HS1306904,HS1313140
264,2025-01-02 00:10:00,2025-01-02 06:00:00,0.6912400126457214,1,0,0.0,-1,HS1306904,HS1306904
264,2025-01-02 01:10:00,2025-01-02 07:00:00,0.9594349265098572,1,0,0.0,-1,HS1306904,HS1313298
264,2025-01-02 02:10:00,2025-01-02 08:00:00,0.9579066634178162,1,0,0.0,-1,HS1306904,HS1313298
264,2025-01-02 03:10:00,2025-01-02 09:00:00,0.9595592617988586,1,0,0.0,-1,HS1306904,HS1313298
264,2025-01-02 04:10:00,2025-01-02 10:00:00,0.96877521276474,1,0,0.0,-1,HS1306904,HS1313001
264,2025-01-02 05:10:00,2025-01-02 11:00:00,0.9758459329605103,1,0,0.0,-1,HS1306904,HS1313001
264,2025-01-02 06:10:00,2025-01-02 12:00:00,0.9776706695556641,1,0,0.0,-1,HS1306904,HS1313001
264,2025-01-02 07:10:00,2025-01-02 13:00:00,0.9779065847396851,1,0,0.0,-1,HS1306904,HS1313925
264,2025-01-02 08:10:00,2025-01-02 14:00:00,0.9777761101722717,1,0,0.0,-1,HS1306904,HS1313925
264,2025-01-02 09:10:00,2025-01-02 15:00:00,0.9772936701774597,1,0,0.0,-1,HS1306904,HS1313925
264,2025-01-02 10:10:00,2025-01-02 16:00:00,0.977395236492157,1,0,0.0,-1,HS1306904,HS1313925
264,2025-01-02 11:10:00,2025-01-02 17:00:00,0.9774417281150818,1,0,0.0,-1,HS1306904,HS1313925
264,2025-01-02 12:10:00,2025-01-02 18:00:00,0.977784276008606,1,0,0.0,-1,HS1306904,HS1313925
264,2025-01-02 13:10:00,2025-01-02 19:00:00,0.9782652854919434,1,0,0.0,-1,HS1306904,HS1313925
264,2025-01-02 14:10:00,2025-01-02 20:00:00,0.9774700403213501,1,0,0.0,-1,HS1306904,HS1313001
264,2025-01-02 15:10:00,2025-01-02 21:00:00,0.9764190316200256,1,0,0.0,-1,HS1306904,HS1313001
264,2025-01-02 16:10:00,2025-01-02 22:00:00,0.9831022620201111,1,0,0.0,-1,HS1306904,HS1313001
264,2025-01-02 17:10:00,2025-01-02 23:00:00,0.9912007451057434,1,0,0.0,-1,HS1306904,HS1313298
92,2025-01-01 00:10:00,2025-01-01 06:00:00,0.9402471780776978,1,0,0.0,-1,HS1314237,HS1313298
92,2025-01-01 01:10:00,2025-01-01 07:00:00,0.9419737458229065,1,0,0.0,-1,HS1314237,HS1313298
92,2025-01-01 02:10:00,2025-01-01 08:00:00,0.9486743211746216,1,0,0.0,-1,HS1314237,HS1313298
92,2025-01-01 03:10:00,2025-01-01 09:00:00,0.9596861600875854,1,0,0.0,-1,HS1314237,HS1313298
92,2025-01-01 04:10:00,2025-01-01 10:00:00,0.9698736667633057,1,0,0.0,-1,HS1314237,HS1313001
92,2025-01-01 05:10:00,2025-01-01 11:00:00,0.9753588438034058,1,0,0.0,-1,HS1314237,HS1313001
92,2025-01-01 06:10:00,2025-01-01 12:00:00,0.9769928455352783,1,0,0.0,-1,HS1314237,HS1313001
92,2025-01-01 07:10:00,2025-01-01 13:00:00,0.977516770362854,1,0,0.0,-1,HS1314237,HS1313925
92,2025-01-01 08:10:00,2025-01-01 14:00:00,0.9775935411453247,1,0,0.0,-1,HS1314237,HS1313925
92,2025-01-01 09:10:00,2025-01-01 15:00:00,0.9774520397186279,1,0,0.0,-1,HS1314237,HS1313925
92,2025-01-01 10:10:00,2025-01-01 16:00:00,0.9771436452865601,1,0,0.0,-1,HS1314237,HS1313925
92,2025-01-01 11:10:00,2025-01-01 17:00:00,0.9772705435752869,1,0,0.0,-1,HS1314237,HS1313925
92,2025-01-01 12:10:00,2025-01-01 18:00:00,0.9775956869125366,1,0,0.0,-1,HS1314237,HS1313925
92,2025-01-01 13:10:00,2025-01-01 19:00:00,0.9779080748558044,1,0,0.0,-1,HS1314237,HS1313925
92,2025-01-01 14:10:00,2025-01-01 20:00:00,0.9780827760696411,1,0,0.0,-1,HS1314237,HS1313001
92,2025-01-01 15:10:00,2025-01-01 21:00:00,0.9272587895393372,1,0,0.17142857611179352,-1,HS1314237,HS1313001
92,2025-01-01 16:10:00,2025-01-01 22:00:00,0.913083553314209,1,0,0.34285715222358704,-1,HS1314237,HS1313298
92,2025-01-01 17:10:00,2025-01-01 23:00:00,0.9999700784683228,1,1,0.5142857432365417,55,HS1314237,HS1306571
92,2025-01-01 18:10:00,2025-01-02 00:00:00,0.9999920129776001,1,1,0.6857143044471741,55,HS1314237,HS1306571
92,2025-01-01 19:10:00,2025-01-02 01:00:00,0.9999892711639404,1,1,0.8571428656578064,55,HS1314237,HS1306571
92,2025-01-01 20:10:00,2025-01-02 02:00:00,0.999993085861206,1,1,1.0,55,HS1314237,HS1306601
92,2025-01-01 21:10:00,2025-01-02 03:00:00,0.9999966621398926,1,1,1.0,55,HS1314237,HS1306601
92,2025-01-01 22:10:00,2025-01-02 04:00:00,0.9999957084655762,1,1,1.0,55,HS1314237,HS1306601
92,2025-01-01 23:10:00,2025-01-02 05:00:00,0.9999841451644897,1,1,1.0,55,HS1314237,HS1344263
92,2025-01-02 00:10:00,2025-01-02 06:00:00,0.9999853372573853,1,1,1.0,55,HS1314237,HS1344263
92,2025-01-02 01:10:00,2025-01-02 07:00:00,0.9999799728393555,1,1,1.0,55,HS1314237,HS1306601
92,2025-01-02 02:10:00,2025-01-02 08:00:00,0.9999895095825195,1,1,1.0,55,HS1314237,HS1306601
92,2025-01-02 03:10:00,2025-01-02 09:00:00,0.9999839067459106,1,1,0.8285714387893677,55,HS1314237,HS1306571
92,2025-01-02 04:10:00,2025-01-02 10:00:00,0.99937903881073,1,1,0.6571428775787354,55,HS1314237,HS1306571
92,2025-01-02 05:10:00,2025-01-02 11:00:00,0.9252022504806519,1,0,0.48571428656578064,-1,HS1314237,HS1313205
92,2025-01-02 06:10:00,2025-01-02 12:00:00,0.4407634437084198,0,0,0.3142857253551483,-1,HS1314237,HS1313205
92,2025-01-02 07:10:00,2025-01-02 13:00:00,0.3103193938732147,0,0,0.1428571492433548,-1,HS1314237,HS1313205
92,2025-01-02 08:10:00,2025-01-02 14:00:00,0.9241796731948853,1,0,0.0,-1,HS1314237,HS1313001
92,2025-01-02 09:10:00,2025-01-02 15:00:00,0.9774225950241089,1,0,0.0,-1,HS1314237,HS1313925
92,2025-01-02 10:10:00,2025-01-02 16:00:00,0.9779422879219055,1,0,0.0,-1,HS1314237,HS1313925
92,2025-01-02 11:10:00,2025-01-02 17:00:00,0.9783068895339966,1,0,0.0,-1,HS1314237,HS1306554
92,2025-01-02 12:10:00,2025-01-02 18:00:00,0.9775933027267456,1,0,0.0,-1,HS1314237,HS1306554
92,2025-01-02 13:10:00,2025-01-02 19:00:00,0.9768204689025879,1,0,0.0,-1,HS1314237,HS1313001
92,2025-01-02 14:10:00,2025-01-02 20:00:00,0.9752576947212219,1,0,0.0,-1,HS1314237,HS1313001
92,2025-01-02 15:10:00,2025-01-02 21:00:00,0.9750854969024658,1,0,0.0,-1,HS1314237,HS1313001
92,2025-01-02 16:10:00,2025-01-02 22:00:00,0.9829188585281372,1,0,0.0,-1,HS1314237,HS1313001
92,2025-01-02 17:10:00,2025-01-02 23:00:00,0.991454005241394,1,0,0.0,-1,HS1314237,HS1313298
340,2025-01-01 00:10:00,2025-01-01 06:00:00,0.9402471780776978,1,0,0.0,-1,HS1314505,HS1313298
340,2025-01-01 01:10:00,2025-01-01 07:00:00,0.9419737458229065,1,0,0.0,-1,HS1314505,HS1313298
340,2025-01-01 02:10:00,2025-01-01 08:00:00,0.9486743211746216,1,0,0.0,-1,HS1314505,HS1313298
340,2025-01-01 03:10:00,2025-01-01 09:00:00,0.9596861600875854,1,0,0.0,-1,HS1314505,HS1313298
340,2025-01-01 04:10:00,2025-01-01 10:00:00,0.9698736667633057,1,0,0.0,-1,HS1314505,HS1313001
340,2025-01-01 05:10:00,2025-01-01 11:00:00,0.9753588438034058,1,0,0.0,-1,HS1314505,HS1313001
340,2025-01-01 06:10:00,2025-01-01 12:00:00,0.9769928455352783,1,0,0.0,-1,HS1314505,HS1313001
340,2025-01-01 07:10:00,2025-01-01 13:00:00,0.9892122745513916,1,0,0.17142857611179352,-1,HS1314505,HS1313001
340,2025-01-01 08:10:00,2025-01-01 14:00:00,0.9947245717048645,1,0,0.34285715222358704,-1,HS1314505,HS1313001
340,2025-01-01 09:10:00,2025-01-01 15:00:00,0.9992486834526062,1,1,0.5142857432365417,58,HS1314505,HS1344263
340,2025-01-01 10:10:00,2025-01-01 16:00:00,0.9997833371162415,1,1,0.6857143044471741,58,HS1314505,HS1316643
340,2025-01-01 11:10:00,2025-01-01 17:00:00,0.9997336268424988,1,1,0.8571428656578064,58,HS1314505,HS1316643
340,2025-01-01 12:10:00,2025-01-01 18:00:00,0.9996558427810669,1,1,1.0,58,HS1314505,HS1316643
340,2025-01-01 13:10:00,2025-01-01 19:00:00,0.9995452761650085,1,1,1.0,58,HS1314505,HS1316643
340,2025-01-01 14:10:00,2025-01-01 20:00:00,0.999672532081604,1,1,1.0,58,HS1314505,HS1316643
340,2025-01-01 15:10:00,2025-01-01 21:00:00,0.999739944934845,1,1,1.0,58,HS1314505,HS1316643
340,2025-01-01 16:10:00,2025-01-01 22:00:00,0.999894380569458,1,1,1.0,58,HS1314505,HS1316643
340,2025-01-01 17:10:00,2025-01-01 23:00:00,0.9999377727508545,1,1,1.0,58,HS1314505,HS1344263
340,2025-01-01 18:10:00,2025-01-02 00:00:00,0.9999595880508423,1,1,1.0,58,HS1314505,HS1344263
340,2025-01-01 19:10:00,2025-01-02 01:00:00,0.9999793767929077,1,1,1.0,58,HS1314505,HS1344263
340,2025-01-01 20:10:00,2025-01-02 02:00:00,0.9999819993972778,1,1,1.0,58,HS1314505,HS1308259
340,2025-01-01 21:10:00,2025-01-02 03:00:00,0.999976634979248,1,1,1.0,58,HS1314505,HS1308259
340,2025-01-01 22:10:00,2025-01-02 04:00:00,0.999962568283081,1,1,1.0,58,HS1314505,HS1308259
340,2025-01-01 23:10:00,2025-01-02 05:00:00,0.9999144077301025,1,1,1.0,58,HS1314505,HS1344263
340,2025-01-02 00:10:00,2025-01-02 06:00:00,0.9998388290405273,1,1,1.0,58,HS1314505,HS1344263
340,2025-01-02 01:10:00,2025-01-02 07:00:00,0.9995192289352417,1,1,0.8285714387893677,58,HS1314505,HS1344263
340,2025-01-02 02:10:00,2025-01-02 08:00:00,0.9958486557006836,1,1,0.6571428775787354,58,HS1314505,MH0242782
340,2025-01-02 03:10:00,2025-01-02 09:00:00,0.9537309408187866,1,0,0.48571428656578064,-1,HS1314505,HS1306904
340,2025-01-02 04:10:00,2025-01-02 10:00:00,0.9187690019607544,1,0,0.3142857253551483,-1,HS1314505,HS1313001
340,2025-01-02 05:10:00,2025-01-02 11:00:00,0.9636691808700562,1,0,0.1428571492433548,-1,HS1314505,HS1313001
340,2025-01-02 06:10:00,2025-01-02 12:00:00,0.9768984913825989,1,0,0.0,-1,HS1314505,HS1313001
340,2025-01-02 07:10:00,2025-01-02 13:00:00,0.9775164127349854,1,0,0.0,-1,HS1314505,HS1313925
340,2025-01-02 08:10:00,2025-01-02 14:00:00,0.9775974154472351,1,0,0.0,-1,HS1314505,HS1313925
340,2025-01-02 09:10:00,2025-01-02 15:00:00,0.9774571657180786,1,0,0.0,-1,HS1314505,HS1313925
340,2025-01-02 10:10:00,2025-01-02 16:00:00,0.977037787437439,1,0,0.0,-1,HS1314505,HS1313925
340,2025-01-02 11:10:00,2025-01-02 17:00:00,0.9771072268486023,1,0,0.0,-1,HS1314505,HS1313925
340,2025-01-02 12:10:00,2025-01-02 18:00:00,0.9775312542915344,1,0,0.0,-1,HS1314505,HS1313925
340,2025-01-02 13:10:00,2025-01-02 19:00:00,0.977886438369751,1,0,0.0,-1,HS1314505,HS1313925
340,2025-01-02 14:10:00,2025-01-02 20:00:00,0.9780898094177246,1,0,0.0,-1,HS1314505,HS1313001
340,2025-01-02 15:10:00,2025-01-02 21:00:00,0.9775893092155457,1,0,0.0,-1,HS1314505,HS1313001
340,2025-01-02 16:10:00,2025-01-02 22:00:00,0.9832320213317871,1,0,0.0,-1,HS1314505,HS1313001
340,2025-01-02 17:10:00,2025-01-02 23:00:00,0.9916073083877563,1,0,0.0,-1,HS1314505,HS1313298
53,2025-01-01 00:10:00,2025-01-01 06:00:00,0.9402471780776978,1,0,0.0,-1,HS1316563,HS1313298
53,2025-01-01 01:10:00,2025-01-01 07:00:00,0.9419737458229065,1,0,0.0,-1,HS1316563,HS1313298
53,2025-01-01 02:10:00,2025-01-01 08:00:00,0.9486743211746216,1,0,0.0,-1,HS1316563,HS1313298
53,2025-01-01 03:10:00,2025-01-01 09:00:00,0.9596861600875854,1,0,0.0,-1,HS1316563,HS1313298
53,2025-01-01 04:10:00,2025-01-01 10:00:00,0.9698736667633057,1,0,0.0,-1,HS1316563,HS1313001
53,2025-01-01 05:10:00,2025-01-01 11:00:00,0.9753588438034058,1,0,0.0,-1,HS1316563,HS1313001
53,2025-01-01 06:10:00,2025-01-01 12:00:00,0.9769928455352783,1,0,0.0,-1,HS1316563,HS1313001
53,2025-01-01 07:10:00,2025-01-01 13:00:00,0.977516770362854,1,0,0.0,-1,HS1316563,HS1313925
53,2025-01-01 08:10:00,2025-01-01 14:00:00,0.9775935411453247,1,0,0.0,-1,HS1316563,HS1313925
53,2025-01-01 09:10:00,2025-01-01 15:00:00,0.6426270604133606,1,0,0.17142857611179352,-1,HS1316563,HS1313597
53,2025-01-01 10:10:00,2025-01-01 16:00:00,0.9897352457046509,1,0,0.34285715222358704,-1,HS1316563,HS1344263
53,2025-01-01 11:10:00,2025-01-01 17:00:00,0.9998366832733154,1,1,0.5142857432365417,77,HS1316563,HS1316563
53,2025-01-01 12:10:00,2025-01-01 18:00:00,0.9998958110809326,1,1,0.6857143044471741,77,HS1316563,HS1316563
53,2025-01-01 13:10:00,2025-01-01 19:00:00,0.9999172687530518,1,1,0.8571428656578064,77,HS1316563,HS1316563
53,2025-01-01 14:10:00,2025-01-01 20:00:00,0.9999784231185913,1,1,1.0,77,HS1316563,HS1344263
53,2025-01-01 15:10:00,2025-01-01 21:00:00,0.9999947547912598,1,1,1.0,77,HS1316563,HS1344263
53,2025-01-01 16:10:00,2025-01-01 22:00:00,0.9999984502792358,1,1,1.0,77,HS1316563,HS1344263
53,2025-01-01 17:10:00,2025-01-01 23:00:00,0.9999988079071045,1,1,1.0,77,HS1316563,HS1344263
53,2025-01-01 18:10:00,2025-01-02 00:00:00,0.9999946355819702,1,1,1.0,77,HS1316563,HS1313298
53,2025-01-01 19:10:00,2025-01-02 01:00:00,0.999991774559021,1,1,1.0,77,HS1316563,HS1344263
53,2025-01-01 20:10:00,2025-01-02 02:00:00,0.9999837875366211,1,1,1.0,77,HS1316563,HS1344263
53,2025-01-01 21:10:00,2025-01-02 03:00:00,0.9999734163284302,1,1,1.0,77,HS1316563,HS1344263
53,2025-01-01 22:10:00,2025-01-02 04:00:00,0.9999796152114868,1,1,1.0,77,HS1316563,HS1308259
53,2025-01-01 23:10:00,2025-01-02 05:00:00,0.9999823570251465,1,1,1.0,77,HS1316563,HS1344263
53,2025-01-02 00:10:00,2025-01-02 06:00:00,0.9999735355377197,1,1,1.0,77,HS1316563,HS1344263
53,2025-01-02 01:10:00,2025-01-02 07:00:00,0.9999808073043823,1,1,1.0,77,HS1316563,HS1344263
53,2025-01-02 02:10:00,2025-01-02 08:00:00,0.9999939203262329,1,1,1.0,77,HS1316563,HS1316563
53,2025-01-02 03:10:00,2025-01-02 09:00:00,0.9999934434890747,1,1,0.8285714387893677,77,HS1316563,HS1344263
53,2025-01-02 04:10:00,2025-01-02 10:00:00,0.9997956156730652,1,1,0.6571428775787354,77,HS1316563,HS1344263
53,2025-01-02 05:10:00,2025-01-02 11:00:00,0.977246105670929,1,0,0.48571428656578064,-1,HS1316563,HS1344263
53,2025-01-02 06:10:00,2025-01-02 12:00:00,0.5391504764556885,1,0,0.3142857253551483,-1,HS1316563,HS1313205
53,2025-01-02 07:10:00,2025-01-02 13:00:00,0.19978155195713043,0,0,0.1428571492433548,-1,HS1316563,HS1313205
53,2025-01-02 08:10:00,2025-01-02 14:00:00,0.9701856374740601,1,0,0.0,-1,HS1316563,HS1308259
53,2025-01-02 09:10:00,2025-01-02 15:00:00,0.9772112369537354,1,0,0.0,-1,HS1316563,HS1313925
53,2025-01-02 10:10:00,2025-01-02 16:00:00,0.9775916934013367,1,0,0.0,-1,HS1316563,HS1313925
53,2025-01-02 11:10:00,2025-01-02 17:00:00,0.977863073348999,1,0,0.0,-1,HS1316563,HS1313925
53,2025-01-02 12:10:00,2025-01-02 18:00:00,0.9777218699455261,1,0,0.0,-1,HS1316563,HS1306554
53,2025-01-02 13:10:00,2025-01-02 19:00:00,0.9769670963287354,1,0,0.0,-1,HS1316563,HS1313001
53,2025-01-02 14:10:00,2025-01-02 20:00:00,0.9754040241241455,1,0,0.0,-1,HS1316563,HS1313001
53,2025-01-02 15:10:00,2025-01-02 21:00:00,0.9751054644584656,1,0,0.0,-1,HS1316563,HS1313001
53,2025-01-02 16:10:00,2025-01-02 22:00:00,0.9829024076461792,1,0,0.0,-1,HS1316563,HS1313001
53,2025-01-02 17:10:00,2025-01-02 23:00:00,0.9914313554763794,1,0,0.0,-1,HS1316563,HS1313298
346,2025-01-01 00:10:00,2025-01-01 06:00:00,0.9402471780776978,1,0,0.0,-1,HS1316563,HS1313298
346,2025-01-01 01:10:00,2025-01-01 07:00:00,0.9419737458229065,1,0,0.0,-1,HS1316563,HS1313298
346,2025-01-01 02:10:00,2025-01-01 08:00:00,0.9486743211746216,1,0,0.0,-1,HS1316563,HS1313298
346,2025-01-01 03:10:00,2025-01-01 09:00:00,0.9596861600875854,1,0,0.0,-1,HS1316563,HS1313298
346,2025-01-01 04:10:00,2025-01-01 10:00:00,0.9698736667633057,1,0,0.0,-1,HS1316563,HS1313001
346,2025-01-01 05:10:00,2025-01-01 11:00:00,0.9753588438034058,1,0,0.0,-1,HS1316563,HS1313001
346,2025-01-01 06:10:00,2025-01-01 12:00:00,0.9769928455352783,1,0,0.0,-1,HS1316563,HS1313001
346,2025-01-01 07:10:00,2025-01-01 13:00:00,0.9545854926109314,1,0,0.17142857611179352,-1,HS1316563,HS1313298
346,2025-01-01 08:10:00,2025-01-01 14:00:00,0.9944437146186829,1,0,0.34285715222358704,-1,HS1316563,HS1306904
346,2025-01-01 09:10:00,2025-01-01 15:00:00,0.9999687671661377,1,1,0.5142857432365417,77,HS1316563,HS1306904
346,2025-01-01 10:10:00,2025-01-01 16:00:00,0.9999997615814209,1,1,0.6857143044471741,77,HS1316563,HS1306904
346,2025-01-01 11:10:00,2025-01-01 17:00:00,0.9999998807907104,1,1,0.8571428656578064,77,HS1316563,HS1306904
346,2025-01-01 12:10:00,2025-01-01 18:00:00,0.9999998807907104,1,1,1.0,77,HS1316563,HS1306904
346,2025-01-01 13:10:00,2025-01-01 19:00:00,0.9999997615814209,1,1,1.0,77,HS1316563,HS1306904
346,2025-01-01 14:10:00,2025-01-01 20:00:00,0.9999998807907104,1,1,1.0,77,HS1316563,HS1306904
346,2025-01-01 15:10:00,2025-01-01 21:00:00,1.0,1,1,1.0,77,HS1316563,HS1306904
346,2025-01-01 16:10:00,2025-01-01 22:00:00,1.0,1,1,1.0,77,HS1316563,HS1306904
346,2025-01-01 17:10:00,2025-01-01 23:00:00,1.0,1,1,1.0,77,HS1316563,HS1306904
346,2025-01-01 18:10:00,2025-01-02 00:00:00,1.0,1,1,1.0,77,HS1316563,HS1306904
346,2025-01-01 19:10:00,2025-01-02 01:00:00,0.9999998807907104,1,1,1.0,77,HS1316563,HS1306904
346,2025-01-01 20:10:00,2025-01-02 02:00:00,0.9999997615814209,1,1,1.0,77,HS1316563,HS1306904
346,2025-01-01 21:10:00,2025-01-02 03:00:00,0.9999996423721313,1,1,1.0,77,HS1316563,HS1306904
346,2025-01-01 22:10:00,2025-01-02 04:00:00,0.9999996423721313,1,1,1.0,77,HS1316563,HS1306904
346,2025-01-01 23:10:00,2025-01-02 05:00:00,0.9999990463256836,1,1,1.0,77,HS1316563,HS1306904
346,2025-01-02 00:10:00,2025-01-02 06:00:00,0.9999998807907104,1,1,1.0,77,HS1316563,HS1306904
346,2025-01-02 01:10:00,2025-01-02 07:00:00,0.9999996423721313,1,1,0.8285714387893677,77,HS1316563,HS1306904
346,2025-01-02 02:10:00,2025-01-02 08:00:00,0.9999306201934814,1,1,0.6571428775787354,77,HS1316563,HS1306904
346,2025-01-02 03:10:00,2025-01-02 09:00:00,0.9850130081176758,1,0,0.48571428656578064,-1,HS1316563,HS1306904
346,2025-01-02 04:10:00,2025-01-02 10:00:00,0.7469793558120728,1,0,0.3142857253551483,-1,HS1316563,HS1306904
346,2025-01-02 05:10:00,2025-01-02 11:00:00,0.8444767594337463,1,0,0.1428571492433548,-1,HS1316563,HS1313298
346,2025-01-02 06:10:00,2025-01-02 12:00:00,0.9714476466178894,1,0,0.0,-1,HS1316563,HS1313001
346,2025-01-02 07:10:00,2025-01-02 13:00:00,0.9776886701583862,1,0,0.0,-1,HS1316563,HS1313925
346,2025-01-02 08:10:00,2025-01-02 14:00:00,0.9775522947311401,1,0,0.0,-1,HS1316563,HS1313925
346,2025-01-02 09:10:00,2025-01-02 15:00:00,0.9772143363952637,1,0,0.0,-1,HS1316563,HS1313925
346,2025-01-02 10:10:00,2025-01-02 16:00:00,0.977644681930542,1,0,0.0,-1,HS1316563,HS1313925
346,2025-01-02 11:10:00,2025-01-02 17:00:00,0.9783663749694824,1,0,0.0,-1,HS1316563,HS1313925
346,2025-01-02 12:10:00,2025-01-02 18:00:00,0.9782071709632874,1,0,0.0,-1,HS1316563,HS1313925
346,2025-01-02 13:10:00,2025-01-02 19:00:00,0.9776579141616821,1,0,0.0,-1,HS1316563,HS1313925
346,2025-01-02 14:10:00,2025-01-02 20:00:00,0.9769223928451538,1,0,0.0,-1,HS1316563,HS1313001
346,2025-01-02 15:10:00,2025-01-02 21:00:00,0.9759749174118042,1,0,0.0,-1,HS1316563,HS1313001
346,2025-01-02 16:10:00,2025-01-02 22:00:00,0.9828914403915405,1,0,0.0,-1,HS1316563,HS1313001
346,2025-01-02 17:10:00,2025-01-02 23:00:00,0.9914782643318176,1,0,0.0,-1,HS1316563,HS1313298
265,2025-01-01 00:10:00,2025-01-01 06:00:00,0.9402471780776978,1,0,0.0,-1,HS1306904,HS1313298
265,2025-01-01 01:10:00,2025-01-01 07:00:00,0.9419737458229065,1,0,0.0,-1,HS1306904,HS1313298
265,2025-01-01 02:10:00,2025-01-01 08:00:00,0.9486743211746216,1,0,0.0,-1,HS1306904,HS1313298
265,2025-01-01 03:10:00,2025-01-01 09:00:00,0.9596861600875854,1,0,0.0,-1,HS1306904,HS1313298
265,2025-01-01 04:10:00,2025-01-01 10:00:00,0.9698736667633057,1,0,0.0,-1,HS1306904,HS1313001
265,2025-01-01 05:10:00,2025-01-01 11:00:00,0.9753588438034058,1,0,0.0,-1,HS1306904,HS1313001
265,2025-01-01 06:10:00,2025-01-01 12:00:00,0.9769928455352783,1,0,0.0,-1,HS1306904,HS1313001
265,2025-01-01 07:10:00,2025-01-01 13:00:00,0.48982512950897217,0,0,0.17142857611179352,-1,HS1306904,HS1306904
265,2025-01-01 08:10:00,2025-01-01 14:00:00,0.9999014139175415,1,0,0.34285715222358704,-1,HS1306904,HS1306904
265,2025-01-01 09:10:00,2025-01-01 15:00:00,0.9999978542327881,1,1,0.5142857432365417,5,HS1306904,MH0101924
265,2025-01-01 10:10:00,2025-01-01 16:00:00,0.9999996423721313,1,1,0.6857143044471741,5,HS1306904,MH0101924
265,2025-01-01 11:10:00,2025-01-01 17:00:00,0.9999998807907104,1,1,0.8571428656578064,5,HS1306904,MH0101924
265,2025-01-01 12:10:00,2025-01-01 18:00:00,1.0,1,1,1.0,5,HS1306904,MH0101924
265,2025-01-01 13:10:00,2025-01-01 19:00:00,1.0,1,1,1.0,5,HS1306904,MH0101924
265,2025-01-01 14:10:00,2025-01-01 20:00:00,1.0,1,1,1.0,5,HS1306904,MH0101924
265,2025-01-01 15:10:00,2025-01-01 21:00:00,1.0,1,1,1.0,5,HS1306904,MH0101924
265,2025-01-01 16:10:00,2025-01-01 22:00:00,1.0,1,1,1.0,5,HS1306904,MH0101924
265,2025-01-01 17:10:00,2025-01-01 23:00:00,1.0,1,1,1.0,5,HS1306904,MH0101924
265,2025-01-01 18:10:00,2025-01-02 00:00:00,0.9999998807907104,1,1,1.0,5,HS1306904,MH0101924
265,2025-01-01 19:10:00,2025-01-02 01:00:00,0.9999964237213135,1,1,1.0,5,HS1306904,MH0101924
265,2025-01-01 20:10:00,2025-01-02 02:00:00,0.9999638795852661,1,1,1.0,5,HS1306904,MH0101924
265,2025-01-01 21:10:00,2025-01-02 03:00:00,0.9999337196350098,1,1,1.0,5,HS1306904,MH0101924
265,2025-01-01 22:10:00,2025-01-02 04:00:00,0.999964714050293,1,1,1.0,5,HS1306904,MH0101924
265,2025-01-01 23:10:00,2025-01-02 05:00:00,0.9999899864196777,1,1,1.0,5,HS1306904,MH0101924
265,2025-01-02 00:10:00,2025-01-02 06:00:00,0.9999295473098755,1,1,1.0,5,HS1306904,MH0101924
265,2025-01-02 01:10:00,2025-01-02 07:00:00,0.9999978542327881,1,1,0.8285714387893677,5,HS1306904,HS1313140
265,2025-01-02 02:10:00,2025-01-02 08:00:00,0.9999698400497437,1,1,0.6571428775787354,5,HS1306904,HS1313140
265,2025-01-02 03:10:00,2025-01-02 09:00:00,0.9843444228172302,1,0,0.48571428656578064,-1,HS1306904,HS1313140
265,2025-01-02 04:10:00,2025-01-02 10:00:00,0.5729886293411255,1,0,0.3142857253551483,-1,HS1306904,HS1313140
265,2025-01-02 05:10:00,2025-01-02 11:00:00,0.2021152526140213,0,0,0.1428571492433548,-1,HS1306904,HS1313140
265,2025-01-02 06:10:00,2025-01-02 12:00:00,0.8839868903160095,1,0,0.0,-1,HS1306904,HS1313925
265,2025-01-02 07:10:00,2025-01-02 13:00:00,0.9778723120689392,1,0,0.0,-1,HS1306904,HS1313925
265,2025-01-02 08:10:00,2025-01-02 14:00:00,0.9778025150299072,1,0,0.0,-1,HS1306904,HS1313925
265,2025-01-02 09:10:00,2025-01-02 15:00:00,0.9774370193481445,1,0,0.0,-1,HS1306904,HS1313925
265,2025-01-02 10:10:00,2025-01-02 16:00:00,0.9770022630691528,1,0,0.0,-1,HS1306904,HS1313925
265,2025-01-02 11:10:00,2025-01-02 17:00:00,0.9771300554275513,1,0,0.0,-1,HS1306904,HS1313925
265,2025-01-02 12:10:00,2025-01-02 18:00:00,0.9775629043579102,1,0,0.0,-1,HS1306904,HS1313925
265,2025-01-02 13:10:00,2025-01-02 19:00:00,0.9780426025390625,1,0,0.0,-1,HS1306904,HS1313001
265,2025-01-02 14:10:00,2025-01-02 20:00:00,0.9782388806343079,1,0,0.0,-1,HS1306904,HS1313001
265,2025-01-02 15:10:00,2025-01-02 21:00:00,0.9777330160140991,1,0,0.0,-1,HS1306904,HS1313001
265,2025-01-02 16:10:00,2025-01-02 22:00:00,0.9832942485809326,1,0,0.0,-1,HS1306904,HS1313001
265,2025-01-02 17:10:00,2025-01-02 23:00:00,0.9916371703147888,1,0,0.0,-1,HS1306904,HS1313298
242,2025-01-01 00:10:00,2025-01-01 06:00:00,0.9402471780776978,1,0,0.0,-1,HS1344261,HS1313298
242,2025-01-01 01:10:00,2025-01-01 07:00:00,0.9419737458229065,1,0,0.0,-1,HS1344261,HS1313298
242,2025-01-01 02:10:00,2025-01-01 08:00:00,0.9486743211746216,1,0,0.0,-1,HS1344261,HS1313298
242,2025-01-01 03:10:00,2025-01-01 09:00:00,0.9927244782447815,1,0,0.17142857611179352,-1,HS1344261,HS1313925
242,2025-01-01 04:10:00,2025-01-01 10:00:00,0.9986512064933777,1,0,0.34285715222358704,-1,HS1344261,HS1313001
242,2025-01-01 05:10:00,2025-01-01 11:00:00,0.9998063445091248,1,1,0.5142857432365417,100,HS1344261,HS1313001
242,2025-01-01 06:10:00,2025-01-01 12:00:00,0.9999092817306519,1,1,0.6857143044471741,100,HS1344261,HS1308259
242,2025-01-01 07:10:00,2025-01-01 13:00:00,0.9999246597290039,1,1,0.8571428656578064,100,HS1344261,HS1308259
242,2025-01-01 08:10:00,2025-01-01 14:00:00,0.9999297857284546,1,1,1.0,100,HS1344261,HS1308259
242,2025-01-01 09:10:00,2025-01-01 15:00:00,0.9999167919158936,1,1,0.8285714387893677,100,HS1344261,HS1308259
242,2025-01-01 10:10:00,2025-01-01 16:00:00,0.999777615070343,1,1,0.6571428775787354,100,HS1344261,HS1308259
242,2025-01-01 11:10:00,2025-01-01 17:00:00,0.9978340268135071,1,0,0.48571428656578064,-1,HS1344261,HS1316417
242,2025-01-01 12:10:00,2025-01-01 18:00:00,0.9751636981964111,1,0,0.3142857253551483,-1,HS1344261,HS1316417
242,2025-01-01 13:10:00,2025-01-01 19:00:00,0.9678829908370972,1,0,0.1428571492433548,-1,HS1344261,HS1313925
242,2025-01-01 14:10:00,2025-01-01 20:00:00,0.9779216647148132,1,0,0.0,-1,HS1344261,HS1313001
242,2025-01-01 15:10:00,2025-01-01 21:00:00,0.9771789312362671,1,0,0.0,-1,HS1344261,HS1313001
242,2025-01-01 16:10:00,2025-01-01 22:00:00,0.9834559559822083,1,0,0.0,-1,HS1344261,HS1313001
242,2025-01-01 17:10:00,2025-01-01 23:00:00,0.9916653037071228,1,0,0.0,-1,HS1344261,HS1313001
242,2025-01-01 18:10:00,2025-01-02 00:00:00,0.9947330951690674,1,0,0.0,-1,HS1344261,HS1313298
242,2025-01-01 19:10:00,2025-01-02 01:00:00,0.9956465363502502,1,0,0.0,-1,HS1344261,HS1313298
242,2025-01-01 20:10:00,2025-01-02 02:00:00,0.9943928718566895,1,0,0.0,-1,HS1344261,HS1313298
242,2025-01-01 21:10:00,2025-01-02 03:00:00,0.9906553626060486,1,0,0.0,-1,HS1344261,HS1313298
242,2025-01-01 22:10:00,2025-01-02 04:00:00,0.9822538495063782,1,0,0.0,-1,HS1344261,HS1313298
242,2025-01-01 23:10:00,2025-01-02 05:00:00,0.9594783782958984,1,0,0.0,-1,HS1344261,HS1313298
242,2025-01-02 00:10:00,2025-01-02 06:00:00,0.9394807815551758,1,0,0.0,-1,HS1344261,HS1313298
242,2025-01-02 01:10:00,2025-01-02 07:00:00,0.9417436718940735,1,0,0.0,-1,HS1344261,HS1313298
242,2025-01-02 02:10:00,2025-01-02 08:00:00,0.9530728459358215,1,0,0.0,-1,HS1344261,HS1313298
242,2025-01-02 03:10:00,2025-01-02 09:00:00,0.9618523716926575,1,0,0.0,-1,HS1344261,HS1313298
242,2025-01-02 04:10:00,2025-01-02 10:00:00,0.969965398311615,1,0,0.0,-1,HS1344261,HS1313001
242,2025-01-02 05:10:00,2025-01-02 11:00:00,0.9750261306762695,1,0,0.0,-1,HS1344261,HS1313001
242,2025-01-02 06:10:00,2025-01-02 12:00:00,0.976353108882904,1,0,0.0,-1,HS1344261,HS1313001
242,2025-01-02 07:10:00,2025-01-02 13:00:00,0.97735995054245,1,0,0.0,-1,HS1344261,HS1313925
242,2025-01-02 08:10:00,2025-01-02 14:00:00,0.9779304265975952,1,0,0.0,-1,HS1344261,HS1313925
242,2025-01-02 09:10:00,2025-01-02 15:00:00,0.9773145914077759,1,0,0.0,-1,HS1344261,HS1313925
242,2025-01-02 10:10:00,2025-01-02 16:00:00,0.977678656578064,1,0,0.0,-1,HS1344261,HS1313925
242,2025-01-02 11:10:00,2025-01-02 17:00:00,0.9778629541397095,1,0,0.0,-1,HS1344261,HS1313925
242,2025-01-02 12:10:00,2025-01-02 18:00:00,0.9778146147727966,1,0,0.0,-1,HS1344261,HS1313925
242,2025-01-02 13:10:00,2025-01-02 19:00:00,0.9770622253417969,1,0,0.0,-1,HS1344261,HS1313925
242,2025-01-02 14:10:00,2025-01-02 20:00:00,0.9752475023269653,1,0,0.0,-1,HS1344261,HS1313001
242,2025-01-02 15:10:00,2025-01-02 21:00:00,0.9752791523933411,1,0,0.0,-1,HS1344261,HS1313001
242,2025-01-02 16:10:00,2025-01-02 22:00:00,0.9829012155532837,1,0,0.0,-1,HS1344261,HS1313001
242,2025-01-02 17:10:00,2025-01-02 23:00:00,0.991374671459198,1,0,0.0,-1,HS1344261,HS1313298
14,2025-01-01 00:10:00,2025-01-01 06:00:00,0.9402471780776978,1,0,0.0,-1,VP0232532,HS1313298
14,2025-01-01 01:10:00,2025-01-01 07:00:00,0.9419737458229065,1,0,0.0,-1,VP0232532,HS1313298
14,2025-01-01 02:10:00,2025-01-01 08:00:00,0.9486743211746216,1,0,0.0,-1,VP0232532,HS1313298
14,2025-01-01 03:10:00,2025-01-01 09:00:00,0.9596861600875854,1,0,0.0,-1,VP0232532,HS1313298
14,2025-01-01 04:10:00,2025-01-01 10:00:00,0.9698736667633057,1,0,0.0,-1,VP0232532,HS1313001
14,2025-01-01 05:10:00,2025-01-01 11:00:00,0.9753588438034058,1,0,0.0,-1,VP0232532,HS1313001
14,2025-01-01 06:10:00,2025-01-01 12:00:00,0.9769928455352783,1,0,0.0,-1,VP0232532,HS1313001
14,2025-01-01 07:10:00,2025-01-01 13:00:00,0.977516770362854,1,0,0.0,-1,VP0232532,HS1313925
14,2025-01-01 08:10:00,2025-01-01 14:00:00,0.9775935411453247,1,0,0.0,-1,VP0232532,HS1313925
14,2025-01-01 09:10:00,2025-01-01 15:00:00,0.9982910752296448,1,0,0.17142857611179352,-1,VP0232532,HS1313925
14,2025-01-01 10:10:00,2025-01-01 16:00:00,0.9993379712104797,1,0,0.34285715222358704,-1,VP0232532,HS1313925
14,2025-01-01 11:10:00,2025-01-01 17:00:00,0.9999209642410278,1,1,0.5142857432365417,126,VP0232532,HS1308259
14,2025-01-01 12:10:00,2025-01-01 18:00:00,0.9999951124191284,1,1,0.6857143044471741,126,VP0232532,HS1308259
14,2025-01-01 13:10:00,2025-01-01 19:00:00,0.9999992847442627,1,1,0.8571428656578064,126,VP0232532,HS1316563
14,2025-01-01 14:10:00,2025-01-01 20:00:00,0.9999997615814209,1,1,1.0,126,VP0232532,HS1316563
14,2025-01-01 15:10:00,2025-01-01 21:00:00,0.9999960660934448,1,1,0.8285714387893677,126,VP0232532,HS1316563
14,2025-01-01 16:10:00,2025-01-01 22:00:00,0.9999781847000122,1,1,0.6571428775787354,126,VP0232532,HS1316563
14,2025-01-01 17:10:00,2025-01-01 23:00:00,0.9962970614433289,1,0,0.48571428656578064,-1,VP0232532,HS1313835
14,2025-01-01 18:10:00,2025-01-02 00:00:00,0.8730292320251465,1,0,0.3142857253551483,-1,VP0232532,HS1308259
14,2025-01-01 19:10:00,2025-01-02 01:00:00,0.6567578315734863,1,0,0.1428571492433548,-1,VP0232532,HS1313925
14,2025-01-01 20:10:00,2025-01-02 02:00:00,0.7731541395187378,1,0,0.0,-1,VP0232532,HS1313925
14,2025-01-01 21:10:00,2025-01-02 03:00:00,0.9142953753471375,1,0,0.0,-1,VP0232532,HS1313925
14,2025-01-01 22:10:00,2025-01-02 04:00:00,0.9160746335983276,1,0,0.0,-1,VP0232532,HS1313925
14,2025-01-01 23:10:00,2025-01-02 05:00:00,0.8630716800689697,1,0,0.0,-1,VP0232532,HS1313925
14,2025-01-02 00:10:00,2025-01-02 06:00:00,0.8095783591270447,1,0,0.0,-1,VP0232532,HS1313925
14,2025-01-02 01:10:00,2025-01-02 07:00:00,0.824127197265625,1,0,0.0,-1,VP0232532,HS1313925
14,2025-01-02 02:10:00,2025-01-02 08:00:00,0.8683326244354248,1,0,0.0,-1,VP0232532,HS1313925
14,2025-01-02 03:10:00,2025-01-02 09:00:00,0.9019638895988464,1,0,0.0,-1,VP0232532,HS1313925
14,2025-01-02 04:10:00,2025-01-02 10:00:00,0.9437410235404968,1,0,0.0,-1,VP0232532,HS1313925
14,2025-01-02 05:10:00,2025-01-02 11:00:00,0.965121328830719,1,0,0.0,-1,VP0232532,HS1313925
14,2025-01-02 06:10:00,2025-01-02 12:00:00,0.9739461541175842,1,0,0.0,-1,VP0232532,HS1313925
14,2025-01-02 07:10:00,2025-01-02 13:00:00,0.9751173853874207,1,0,0.0,-1,VP0232532,HS1313925
14,2025-01-02 08:10:00,2025-01-02 14:00:00,0.9773153066635132,1,0,0.0,-1,VP0232532,HS1313925
14,2025-01-02 09:10:00,2025-01-02 15:00:00,0.9778006076812744,1,0,0.0,-1,VP0232532,HS1313925
14,2025-01-02 10:10:00,2025-01-02 16:00:00,0.9773128032684326,1,0,0.0,-1,VP0232532,HS1313925
14,2025-01-02 11:10:00,2025-01-02 17:00:00,0.9770684242248535,1,0,0.0,-1,VP0232532,HS1313925
14,2025-01-02 12:10:00,2025-01-02 18:00:00,0.9773038029670715,1,0,0.0,-1,VP0232532,HS1313925
14,2025-01-02 13:10:00,2025-01-02 19:00:00,0.9777379035949707,1,0,0.0,-1,VP0232532,HS1313925
14,2025-01-02 14:10:00,2025-01-02 20:00:00,0.9763765931129456,1,0,0.0,-1,VP0232532,HS1313001
14,2025-01-02 15:10:00,2025-01-02 21:00:00,0.9760874509811401,1,0,0.0,-1,VP0232532,HS1313001
14,2025-01-02 16:10:00,2025-01-02 22:00:00,0.9830076694488525,1,0,0.0,-1,VP0232532,HS1313001
14,2025-01-02 17:10:00,2025-01-02 23:00:00,0.9914229512214661,1,0,0.0,-1,VP0232532,HS1313298
316,2025-01-01 00:10:00,2025-01-01 06:00:00,0.99998939037323,1,1,1.0,40,HS1313597,HS1306904
316,2025-01-01 01:10:00,2025-01-01 07:00:00,0.9999872446060181,1,1,1.0,40,HS1313597,HS1306904
316,2025-01-01 02:10:00,2025-01-01 08:00:00,0.9999852180480957,1,1,1.0,40,HS1313597,HS1313835
316,2025-01-01 03:10:00,2025-01-01 09:00:00,0.9999945163726807,1,1,1.0,40,HS1313597,HS1313835
316,2025-01-01 04:10:00,2025-01-01 10:00:00,0.9999948740005493,1,1,1.0,40,HS1313597,HS1313835
316,2025-01-01 05:10:00,2025-01-01 11:00:00,0.9999943971633911,1,1,1.0,40,HS1313597,HS1313835
316,2025-01-01 06:10:00,2025-01-01 12:00:00,0.999992847442627,1,1,1.0,40,HS1313597,HS1313835
316,2025-01-01 07:10:00,2025-01-01 13:00:00,0.9999898672103882,1,1,1.0,40,HS1313597,HS1313835
316,2025-01-01 08:10:00,2025-01-01 14:00:00,0.9999842643737793,1,1,1.0,40,HS1313597,HS1313835
316,2025-01-01 09:10:00,2025-01-01 15:00:00,0.9999785423278809,1,1,1.0,40,HS1313597,HS1313835
316,2025-01-01 10:10:00,2025-01-01 16:00:00,0.9999852180480957,1,1,1.0,40,HS1313597,HS1313835
316,2025-01-01 11:10:00,2025-01-01 17:00:00,0.9999897480010986,1,1,1.0,40,HS1313597,HS1313835
316,2025-01-01 12:10:00,2025-01-01 18:00:00,0.9999915361404419,1,1,1.0,40,HS1313597,HS1313835
316,2025-01-01 13:10:00,2025-01-01 19:00:00,0.9999783039093018,1,1,0.8285714387893677,40,HS1313597,HS1313835
316,2025-01-01 14:10:00,2025-01-01 20:00:00,0.9981902241706848,1,1,0.6571428775787354,40,HS1313597,HS1313835
316,2025-01-01 15:10:00,2025-01-01 21:00:00,0.9101693034172058,1,0,0.48571428656578064,-1,HS1313597,HS1306904
316,2025-01-01 16:10:00,2025-01-01 22:00:00,0.6246761083602905,1,0,0.3142857253551483,-1,HS1313597,HS1306904
316,2025-01-01 17:10:00,2025-01-01 23:00:00,0.7802042365074158,1,0,0.1428571492433548,-1,HS1313597,HS1313205
316,2025-01-01 18:10:00,2025-01-02 00:00:00,0.9948775768280029,1,0,0.0,-1,HS1313597,HS1313298
316,2025-01-01 19:10:00,2025-01-02 01:00:00,0.9956488013267517,1,0,0.0,-1,HS1313597,HS1313298
316,2025-01-01 20:10:00,2025-01-02 02:00:00,0.9945576190948486,1,0,0.0,-1,HS1313597,HS1313298
316,2025-01-01 21:10:00,2025-01-02 03:00:00,0.990984320640564,1,0,0.0,-1,HS1313597,HS1313298
316,2025-01-01 22:10:00,2025-01-02 04:00:00,0.9822390079498291,1,0,0.0,-1,HS1313597,HS1313298
316,2025-01-01 23:10:00,2025-01-02 05:00:00,0.9554459452629089,1,0,0.0,-1,HS1313597,HS1313298
316,2025-01-02 00:10:00,2025-01-02 06:00:00,0.9377503991127014,1,0,0.0,-1,HS1313597,HS1313298
316,2025-01-02 01:10:00,2025-01-02 07:00:00,0.9426167011260986,1,0,0.0,-1,HS1313597,HS1313298
316,2025-01-02 02:10:00,2025-01-02 08:00:00,0.9510469436645508,1,0,0.0,-1,HS1313597,HS1313298
316,2025-01-02 03:10:00,2025-01-02 09:00:00,0.9608567357063293,1,0,0.0,-1,HS1313597,HS1313298
316,2025-01-02 04:10:00,2025-01-02 10:00:00,0.97002112865448,1,0,0.0,-1,HS1313597,HS1313001
316,2025-01-02 05:10:00,2025-01-02 11:00:00,0.9755603075027466,1,0,0.0,-1,HS1313597,HS1313001
316,2025-01-02 06:10:00,2025-01-02 12:00:00,0.9773070812225342,1,0,0.0,-1,HS1313597,HS1313001
316,2025-01-02 07:10:00,2025-01-02 13:00:00,0.9775949120521545,1,0,0.0,-1,HS1313597,HS1313925
316,2025-01-02 08:10:00,2025-01-02 14:00:00,0.9774401187896729,1,0,0.0,-1,HS1313597,HS1313925
316,2025-01-02 09:10:00,2025-01-02 15:00:00,0.9774177670478821,1,0,0.0,-1,HS1313597,HS1313925
316,2025-01-02 10:10:00,2025-01-02 16:00:00,0.9778128862380981,1,0,0.0,-1,HS1313597,HS1313925
316,2025-01-02 11:10:00,2025-01-02 17:00:00,0.9783487915992737,1,0,0.0,-1,HS1313597,HS1313925
316,2025-01-02 12:10:00,2025-01-02 18:00:00,0.9781762957572937,1,0,0.0,-1,HS1313597,HS1313925
316,2025-01-02 13:10:00,2025-01-02 19:00:00,0.9777838587760925,1,0,0.0,-1,HS1313597,HS1313925
316,2025-01-02 14:10:00,2025-01-02 20:00:00,0.9771496653556824,1,0,0.0,-1,HS1313597,HS1313001
316,2025-01-02 15:10:00,2025-01-02 21:00:00,0.9762378931045532,1,0,0.0,-1,HS1313597,HS1313001
316,2025-01-02 16:10:00,2025-01-02 22:00:00,0.9829750657081604,1,0,0.0,-1,HS1313597,HS1313001
316,2025-01-02 17:10:00,2025-01-02 23:00:00,0.9915237426757812,1,0,0.0,-1,HS1313597,HS1313298
89,2025-01-01 00:10:00,2025-01-01 06:00:00,0.9402471780776978,1,0,0.0,-1,MH0200661,HS1313298
89,2025-01-01 01:10:00,2025-01-01 07:00:00,0.9419737458229065,1,0,0.0,-1,MH0200661,HS1313298
89,2025-01-01 02:10:00,2025-01-01 08:00:00,0.9486743211746216,1,0,0.0,-1,MH0200661,HS1313298
89,2025-01-01 03:10:00,2025-01-01 09:00:00,0.9596861600875854,1,0,0.0,-1,MH0200661,HS1313298
89,2025-01-01 04:10:00,2025-01-01 10:00:00,0.9698736667633057,1,0,0.0,-1,MH0200661,HS1313001
89,2025-01-01 05:10:00,2025-01-01 11:00:00,0.9753588438034058,1,0,0.0,-1,MH0200661,HS1313001
89,2025-01-01 06:10:00,2025-01-01 12:00:00,0.9769928455352783,1,0,0.0,-1,MH0200661,HS1313001
89,2025-01-01 07:10:00,2025-01-01 13:00:00,0.977516770362854,1,0,0.0,-1,MH0200661,HS1313925
89,2025-01-01 08:10:00,2025-01-01 14:00:00,0.9775935411453247,1,0,0.0,-1,MH0200661,HS1313925
89,2025-01-01 09:10:00,2025-01-01 15:00:00,0.9774520397186279,1,0,0.0,-1,MH0200661,HS1313925
89,2025-01-01 10:10:00,2025-01-01 16:00:00,0.9771436452865601,1,0,0.0,-1,MH0200661,HS1313925
89,2025-01-01 11:10:00,2025-01-01 17:00:00,0.9772705435752869,1,0,0.0,-1,MH0200661,HS1313925
89,2025-01-01 12:10:00,2025-01-01 18:00:00,0.9775956869125366,1,0,0.0,-1,MH0200661,HS1313925
89,2025-01-01 13:10:00,2025-01-01 19:00:00,0.9779080748558044,1,0,0.0,-1,MH0200661,HS1313925
89,2025-01-01 14:10:00,2025-01-01 20:00:00,0.9780827760696411,1,0,0.0,-1,MH0200661,HS1313001
89,2025-01-01 15:10:00,2025-01-01 21:00:00,0.7661568522453308,1,0,0.17142857611179352,-1,MH0200661,HS1316417
89,2025-01-01 16:10:00,2025-01-01 22:00:00,0.9991724491119385,1,0,0.34285715222358704,-1,MH0200661,HS1313597
89,2025-01-01 17:10:00,2025-01-01 23:00:00,0.9999998807907104,1,1,0.5142857432365417,117,MH0200661,MH0201710
89,2025-01-01 18:10:00,2025-01-02 00:00:00,1.0,1,1,0.6857143044471741,117,MH0200661,MH0201710
89,2025-01-01 19:10:00,2025-01-02 01:00:00,1.0,1,1,0.8571428656578064,117,MH0200661,MH0201710
89,2025-01-01 20:10:00,2025-01-02 02:00:00,1.0,1,1,1.0,117,MH0200661,MH0201710
89,2025-01-01 21:10:00,2025-01-02 03:00:00,1.0,1,1,1.0,117,MH0200661,MH0201710
89,2025-01-01 22:10:00,2025-01-02 04:00:00,1.0,1,1,1.0,117,MH0200661,MH0201710
89,2025-01-01 23:10:00,2025-01-02 05:00:00,1.0,1,1,1.0,117,MH0200661,MH0201710
89,2025-01-02 00:10:00,2025-01-02 06:00:00,1.0,1,1,1.0,117,MH0200661,MH0201710
89,2025-01-02 01:10:00,2025-01-02 07:00:00,1.0,1,1,1.0,117,MH0200661,MH0201710
89,2025-01-02 02:10:00,2025-01-02 08:00:00,1.0,1,1,1.0,117,MH0200661,MH0201710
89,2025-01-02 03:10:00,2025-01-02 09:00:00,1.0,1,1,0.8285714387893677,117,MH0200661,MH0201710
89,2025-01-02 04:10:00,2025-01-02 10:00:00,1.0,1,1,0.6571428775787354,117,MH0200661,MH0201710
89,2025-01-02 05:10:00,2025-01-02 11:00:00,0.999998927116394,1,0,0.48571428656578064,-1,MH0200661,MH0201710
89,2025-01-02 06:10:00,2025-01-02 12:00:00,0.9100366830825806,1,0,0.3142857253551483,-1,MH0200661,MH0201710
89,2025-01-02 07:10:00,2025-01-02 13:00:00,0.04459717124700546,0,0,0.1428571492433548,-1,MH0200661,HS1313205
89,2025-01-02 08:10:00,2025-01-02 14:00:00,0.08598233759403229,0,0,0.0,-1,MH0200661,HS1313205
89,2025-01-02 09:10:00,2025-01-02 15:00:00,0.9315171241760254,1,0,0.0,-1,MH0200661,HS1306571
89,2025-01-02 10:10:00,2025-01-02 16:00:00,0.9747826457023621,1,0,0.0,-1,MH0200661,HS1313925
89,2025-01-02 11:10:00,2025-01-02 17:00:00,0.9776300191879272,1,0,0.0,-1,MH0200661,HS1313925
89,2025-01-02 12:10:00,2025-01-02 18:00:00,0.9779727458953857,1,0,0.0,-1,MH0200661,HS1313925
89,2025-01-02 13:10:00,2025-01-02 19:00:00,0.9778644442558289,1,0,0.0,-1,MH0200661,HS1313001
89,2025-01-02 14:10:00,2025-01-02 20:00:00,0.9773398041725159,1,0,0.0,-1,MH0200661,HS1313001
89,2025-01-02 15:10:00,2025-01-02 21:00:00,0.9764101505279541,1,0,0.0,-1,MH0200661,HS1313001
89,2025-01-02 16:10:00,2025-01-02 22:00:00,0.9830089211463928,1,0,0.0,-1,MH0200661,HS1313001
89,2025-01-02 17:10:00,2025-01-02 23:00:00,0.9915519952774048,1,0,0.0,-1,MH0200661,HS1313298
274,2025-01-01 00:10:00,2025-01-01 06:00:00,0.9402471780776978,1,0,0.0,-1,HS1308302,HS1313298
274,2025-01-01 01:10:00,2025-01-01 07:00:00,0.9419737458229065,1,0,0.0,-1,HS1308302,HS1313298
274,2025-01-01 02:10:00,2025-01-01 08:00:00,0.9486743211746216,1,0,0.0,-1,HS1308302,HS1313298
274,2025-01-01 03:10:00,2025-01-01 09:00:00,0.9596861600875854,1,0,0.0,-1,HS1308302,HS1313298
274,2025-01-01 04:10:00,2025-01-01 10:00:00,0.9698736667633057,1,0,0.0,-1,HS1308302,HS1313001
274,2025-01-01 05:10:00,2025-01-01 11:00:00,0.9753588438034058,1,0,0.0,-1,HS1308302,HS1313001
274,2025-01-01 06:10:00,2025-01-01 12:00:00,0.9769928455352783,1,0,0.0,-1,HS1308302,HS1313001
274,2025-01-01 07:10:00,2025-01-01 13:00:00,0.6939192414283752,1,0,0.17142857611179352,-1,HS1308302,HS1306904
274,2025-01-01 08:10:00,2025-01-01 14:00:00,0.9992762207984924,1,0,0.34285715222358704,-1,HS1308302,HS1306904
274,2025-01-01 09:10:00,2025-01-01 15:00:00,0.9897680878639221,1,1,0.5142857432365417,8,HS1308302,HS1306601
274,2025-01-01 10:10:00,2025-01-01 16:00:00,0.9979744553565979,1,1,0.6857143044471741,8,HS1308302,HS1306904
274,2025-01-01 11:10:00,2025-01-01 17:00:00,0.9999895095825195,1,1,0.8571428656578064,8,HS1308302,HS1306904
274,2025-01-01 12:10:00,2025-01-01 18:00:00,0.9999979734420776,1,1,1.0,8,HS1308302,HS1306904
274,2025-01-01 13:10:00,2025-01-01 19:00:00,0.9999966621398926,1,1,1.0,8,HS1308302,HS1306904
274,2025-01-01 14:10:00,2025-01-01 20:00:00,0.999974250793457,1,1,1.0,8,HS1308302,HS1306904
274,2025-01-01 15:10:00,2025-01-01 21:00:00,0.9986768364906311,1,1,1.0,8,HS1308302,HS1306904
274,2025-01-01 16:10:00,2025-01-01 22:00:00,0.9985802173614502,1,1,1.0,8,HS1308302,HS1306904
274,2025-01-01 17:10:00,2025-01-01 23:00:00,0.9999836683273315,1,1,1.0,8,HS1308302,HS1306904
274,2025-01-01 18:10:00,2025-01-02 00:00:00,1.0,1,1,1.0,8,HS1308302,HS1306601
274,2025-01-01 19:10:00,2025-01-02 01:00:00,1.0,1,1,0.8285714387893677,8,HS1308302,HS1308302
274,2025-01-01 20:10:00,2025-01-02 02:00:00,0.9999998807907104,1,1,0.6571428775787354,8,HS1308302,HS1306601
274,2025-01-01 21:10:00,2025-01-02 03:00:00,0.9966511130332947,1,0,0.48571428656578064,-1,HS1308302,HS1306904
274,2025-01-01 22:10:00,2025-01-02 04:00:00,0.32787859439849854,0,0,0.3142857253551483,-1,HS1308302,HS1306904
274,2025-01-01 23:10:00,2025-01-02 05:00:00,0.13315449655056,0,0,0.1428571492433548,-1,HS1308302,HS1306904
274,2025-01-02 00:10:00,2025-01-02 06:00:00,0.6400079131126404,1,0,0.0,-1,HS1308302,HS1313298
274,2025-01-02 01:10:00,2025-01-02 07:00:00,0.9418781399726868,1,0,0.0,-1,HS1308302,HS1313298
274,2025-01-02 02:10:00,2025-01-02 08:00:00,0.9512670040130615,1,0,0.0,-1,HS1308302,HS1313298
274,2025-01-02 03:10:00,2025-01-02 09:00:00,0.9594554305076599,1,0,0.0,-1,HS1308302,HS1313298
274,2025-01-02 04:10:00,2025-01-02 10:00:00,0.9693825244903564,1,0,0.0,-1,HS1308302,HS1313001
274,2025-01-02 05:10:00,2025-01-02 11:00:00,0.9753440022468567,1,0,0.0,-1,HS1308302,HS1313001
274,2025-01-02 06:10:00,2025-01-02 12:00:00,0.9772542715072632,1,0,0.0,-1,HS1308302,HS1313001
274,2025-01-02 07:10:00,2025-01-02 13:00:00,0.9776839017868042,1,0,0.0,-1,HS1308302,HS1313925
274,2025-01-02 08:10:00,2025-01-02 14:00:00,0.9775492548942566,1,0,0.0,-1,HS1308302,HS1313925
274,2025-01-02 09:10:00,2025-01-02 15:00:00,0.977203369140625,1,0,0.0,-1,HS1308302,HS1313925
274,2025-01-02 10:10:00,2025-01-02 16:00:00,0.9776286482810974,1,0,0.0,-1,HS1308302,HS1313925
274,2025-01-02 11:10:00,2025-01-02 17:00:00,0.9783287048339844,1,0,0.0,-1,HS1308302,HS1313925
274,2025-01-02 12:10:00,2025-01-02 18:00:00,0.9781666994094849,1,0,0.0,-1,HS1308302,HS1313925
274,2025-01-02 13:10:00,2025-01-02 19:00:00,0.9776710271835327,1,0,0.0,-1,HS1308302,HS1313925
274,2025-01-02 14:10:00,2025-01-02 20:00:00,0.9769659638404846,1,0,0.0,-1,HS1308302,HS1313001
274,2025-01-02 15:10:00,2025-01-02 21:00:00,0.9760224223136902,1,0,0.0,-1,HS1308302,HS1313001
274,2025-01-02 16:10:00,2025-01-02 22:00:00,0.9829097390174866,1,0,0.0,-1,HS1308302,HS1313001
274,2025-01-02 17:10:00,2025-01-02 23:00:00,0.9914841055870056,1,0,0.0,-1,HS1308302,HS1313298
167,2025-01-01 00:10:00,2025-01-01 06:00:00,0.9402471780776978,1,0,0.0,-1,HS1313205,HS1313298
167,2025-01-01 01:10:00,2025-01-01 07:00:00,0.9419737458229065,1,0,0.0,-1,HS1313205,HS1313298
167,2025-01-01 02:10:00,2025-01-01 08:00:00,0.9486743211746216,1,0,0.0,-1,HS1313205,HS1313298
167,2025-01-01 03:10:00,2025-01-01 09:00:00,0.9554325342178345,1,0,0.17142857611179352,-1,HS1313205,HS1313253
167,2025-01-01 04:10:00,2025-01-01 10:00:00,0.9999991655349731,1,0,0.34285715222358704,-1,HS1313205,HS1313253
167,2025-01-01 05:10:00,2025-01-01 11:00:00,1.0,1,1,0.5142857432365417,25,HS1313205,HS1313253
167,2025-01-01 06:10:00,2025-01-01 12:00:00,1.0,1,1,0.6857143044471741,25,HS1313205,HS1313253
167,2025-01-01 07:10:00,2025-01-01 13:00:00,1.0,1,1,0.8571428656578064,25,HS1313205,HS1313253
167,2025-01-01 08:10:00,2025-01-01 14:00:00,1.0,1,1,1.0,25,HS1313205,HS1313253
167,2025-01-01 09:10:00,2025-01-01 15:00:00,1.0,1,1,0.8285714387893677,25,HS1313205,HS1313253
167,2025-01-01 10:10:00,2025-01-01 16:00:00,1.0,1,1,0.6571428775787354,25,HS1313205,HS1306571
167,2025-01-01 11:10:00,2025-01-01 17:00:00,0.9977401494979858,1,0,0.48571428656578064,-1,HS1313205,HS1306571
167,2025-01-01 12:10:00,2025-01-01 18:00:00,0.01674175262451172,0,0,0.3142857253551483,-1,HS1313205,HS1306571
167,2025-01-01 13:10:00,2025-01-01 19:00:00,0.010312246158719063,0,0,0.1428571492433548,-1,HS1313205,HS1306904
167,2025-01-01 14:10:00,2025-01-01 20:00:00,0.22665469348430634,0,0,0.0,-1,HS1313205,HS1313205
167,2025-01-01 15:10:00,2025-01-01 21:00:00,0.9773187041282654,1,0,0.0,-1,HS1313205,HS1313001
167,2025-01-01 16:10:00,2025-01-01 22:00:00,0.9832233786582947,1,0,0.0,-1,HS1313205,HS1313001
167,2025-01-01 17:10:00,2025-01-01 23:00:00,0.9916785955429077,1,0,0.0,-1,HS1313205,HS1313298
167,2025-01-01 18:10:00,2025-01-02 00:00:00,0.9947636127471924,1,0,0.0,-1,HS1313205,HS1313298
167,2025-01-01 19:10:00,2025-01-02 01:00:00,0.9956187605857849,1,0,0.0,-1,HS1313205,HS1313298
167,2025-01-01 20:10:00,2025-01-02 02:00:00,0.9944127202033997,1,0,0.0,-1,HS1313205,HS1313298
167,2025-01-01 21:10:00,2025-01-02 03:00:00,0.9906992316246033,1,0,0.0,-1,HS1313205,HS1313298
167,2025-01-01 22:10:00,2025-01-02 04:00:00,0.9822261333465576,1,0,0.0,-1,HS1313205,HS1313298
167,2025-01-01 23:10:00,2025-01-02 05:00:00,0.9584788680076599,1,0,0.0,-1,HS1313205,HS1313298
167,2025-01-02 00:10:00,2025-01-02 06:00:00,0.9374580383300781,1,0,0.0,-1,HS1313205,HS1313298
167,2025-01-02 01:10:00,2025-01-02 07:00:00,0.9401412010192871,1,0,0.0,-1,HS1313205,HS1313298
167,2025-01-02 02:10:00,2025-01-02 08:00:00,0.9521000385284424,1,0,0.0,-1,HS1313205,HS1313298
167,2025-01-02 03:10:00,2025-01-02 09:00:00,0.9637919664382935,1,0,0.0,-1,HS1313205,HS1313298
167,2025-01-02 04:10:00,2025-01-02 10:00:00,0.9708036780357361,1,0,0.0,-1,HS1313205,HS1313001
167,2025-01-02 05:10:00,2025-01-02 11:00:00,0.9751181602478027,1,0,0.0,-1,HS1313205,HS1313001
167,2025-01-02 06:10:00,2025-01-02 12:00:00,0.9762914776802063,1,0,0.0,-1,HS1313205,HS1313001
167,2025-01-02 07:10:00,2025-01-02 13:00:00,0.9771649241447449,1,0,0.0,-1,HS1313205,HS1313925
167,2025-01-02 08:10:00,2025-01-02 14:00:00,0.97774738073349,1,0,0.0,-1,HS1313205,HS1313925
167,2025-01-02 09:10:00,2025-01-02 15:00:00,0.9770451784133911,1,0,0.0,-1,HS1313205,HS1313925
167,2025-01-02 10:10:00,2025-01-02 16:00:00,0.9772716760635376,1,0,0.0,-1,HS1313205,HS1313925
167,2025-01-02 11:10:00,2025-01-02 17:00:00,0.977644145488739,1,0,0.0,-1,HS1313205,HS1313925
167,2025-01-02 12:10:00,2025-01-02 18:00:00,0.9775806665420532,1,0,0.0,-1,HS1313205,HS1313925
167,2025-01-02 13:10:00,2025-01-02 19:00:00,0.9769846200942993,1,0,0.0,-1,HS1313205,HS1313925
167,2025-01-02 14:10:00,2025-01-02 20:00:00,0.9755125641822815,1,0,0.0,-1,HS1313205,HS1313001
167,2025-01-02 15:10:00,2025-01-02 21:00:00,0.9752547740936279,1,0,0.0,-1,HS1313205,HS1313001
167,2025-01-02 16:10:00,2025-01-02 22:00:00,0.9829154014587402,1,0,0.0,-1,HS1313205,HS1313001
167,2025-01-02 17:10:00,2025-01-02 23:00:00,0.9914836287498474,1,0,0.0,-1,HS1313205,HS1313298
329,2025-01-01 00:10:00,2025-01-01 06:00:00,0.9994770884513855,1,1,1.0,55,HS1314237,HS1306904
329,2025-01-01 01:10:00,2025-01-01 07:00:00,0.9984470009803772,1,1,1.0,55,HS1314237,HS1306904
329,2025-01-01 02:10:00,2025-01-01 08:00:00,0.9902836680412292,1,1,1.0,55,HS1314237,HS1306904
329,2025-01-01 03:10:00,2025-01-01 09:00:00,0.976570188999176,1,1,1.0,55,HS1314237,HS1306904
329,2025-01-01 04:10:00,2025-01-01 10:00:00,0.9979238510131836,1,1,1.0,55,HS1314237,HS1306904
329,2025-01-01 05:10:00,2025-01-01 11:00:00,0.9997093081474304,1,1,1.0,55,HS1314237,HS1306904
329,2025-01-01 06:10:00,2025-01-01 12:00:00,0.9999845027923584,1,1,1.0,55,HS1314237,HS1306904
329,2025-01-01 07:10:00,2025-01-01 13:00:00,0.9999961853027344,1,1,0.8285714387893677,55,HS1314237,HS1306904
329,2025-01-01 08:10:00,2025-01-01 14:00:00,0.9999834299087524,1,1,0.6571428775787354,55,HS1314237,HS1306904
329,2025-01-01 09:10:00,2025-01-01 15:00:00,0.999046266078949,1,0,0.48571428656578064,-1,HS1314237,HS1306904
329,2025-01-01 10:10:00,2025-01-01 16:00:00,0.9819475412368774,1,0,0.3142857253551483,-1,HS1314237,HS1306904
329,2025-01-01 11:10:00,2025-01-01 17:00:00,0.9687756299972534,1,0,0.1428571492433548,-1,HS1314237,HS1306904
329,2025-01-01 12:10:00,2025-01-01 18:00:00,0.9825207591056824,1,0,0.0,-1,HS1314237,HS1313925
329,2025-01-01 13:10:00,2025-01-01 19:00:00,0.9779154062271118,1,0,0.0,-1,HS1314237,HS1313925
329,2025-01-01 14:10:00,2025-01-01 20:00:00,0.9783430695533752,1,0,0.0,-1,HS1314237,HS1313001
329,2025-01-01 15:10:00,2025-01-01 21:00:00,0.977247416973114,1,0,0.0,-1,HS1314237,HS1313001
329,2025-01-01 16:10:00,2025-01-01 22:00:00,0.983325719833374,1,0,0.0,-1,HS1314237,HS1313001
329,2025-01-01 17:10:00,2025-01-01 23:00:00,0.9917359948158264,1,0,0.0,-1,HS1314237,HS1313298
329,2025-01-01 18:10:00,2025-01-02 00:00:00,0.9947951436042786,1,0,0.0,-1,HS1314237,HS1313298
329,2025-01-01 19:10:00,2025-01-02 01:00:00,0.9956390857696533,1,0,0.0,-1,HS1314237,HS1313298
329,2025-01-01 20:10:00,2025-01-02 02:00:00,0.9944334626197815,1,0,0.0,-1,HS1314237,HS1313298
329,2025-01-01 21:10:00,2025-01-02 03:00:00,0.9906275272369385,1,0,0.0,-1,HS1314237,HS1313298
329,2025-01-01 22:10:00,2025-01-02 04:00:00,0.9822350144386292,1,0,0.0,-1,HS1314237,HS1313298
329,2025-01-01 23:10:00,2025-01-02 05:00:00,0.958446204662323,1,0,0.0,-1,HS1314237,HS1313298
329,2025-01-02 00:10:00,2025-01-02 06:00:00,0.9372195601463318,1,0,0.0,-1,HS1314237,HS1313298
329,2025-01-02 01:10:00,2025-01-02 07:00:00,0.9399269223213196,1,0,0.0,-1,HS1314237,HS1313298
329,2025-01-02 02:10:00,2025-01-02 08:00:00,0.951961874961853,1,0,0.0,-1,HS1314237,HS1313298
329,2025-01-02 03:10:00,2025-01-02 09:00:00,0.9636742472648621,1,0,0.0,-1,HS1314237,HS1313298
329,2025-01-02 04:10:00,2025-01-02 10:00:00,0.9708065986633301,1,0,0.0,-1,HS1314237,HS1313001
329,2025-01-02 05:10:00,2025-01-02 11:00:00,0.9751607775688171,1,0,0.0,-1,HS1314237,HS1313001
329,2025-01-02 06:10:00,2025-01-02 12:00:00,0.9763450026512146,1,0,0.0,-1,HS1314237,HS1313001
329,2025-01-02 07:10:00,2025-01-02 13:00:00,0.977178692817688,1,0,0.0,-1,HS1314237,HS1313925
329,2025-01-02 08:10:00,2025-01-02 14:00:00,0.9777332544326782,1,0,0.0,-1,HS1314237,HS1313925
329,2025-01-02 09:10:00,2025-01-02 15:00:00,0.9770010113716125,1,0,0.0,-1,HS1314237,HS1313925
329,2025-01-02 10:10:00,2025-01-02 16:00:00,0.977212131023407,1,0,0.0,-1,HS1314237,HS1313925
329,2025-01-02 11:10:00,2025-01-02 17:00:00,0.9775912761688232,1,0,0.0,-1,HS1314237,HS1313925
329,2025-01-02 12:10:00,2025-01-02 18:00:00,0.9775787591934204,1,0,0.0,-1,HS1314237,HS1313925
329,2025-01-02 13:10:00,2025-01-02 19:00:00,0.9770492911338806,1,0,0.0,-1,HS1314237,HS1313925
329,2025-01-02 14:10:00,2025-01-02 20:00:00,0.9756104350090027,1,0,0.0,-1,HS1314237,HS1313001
329,2025-01-02 15:10:00,2025-01-02 21:00:00,0.9753426313400269,1,0,0.0,-1,HS1314237,HS1313001
329,2025-01-02 16:10:00,2025-01-02 22:00:00,0.9829404950141907,1,0,0.0,-1,HS1314237,HS1313001
329,2025-01-02 17:10:00,2025-01-02 23:00:00,0.9912529587745667,1,0,0.0,-1,HS1314237,HS1313298
415,2025-01-01 00:10:00,2025-01-01 06:00:00,0.9999979734420776,1,1,1.0,124,MH0242782,HS1308259
415,2025-01-01 01:10:00,2025-01-01 07:00:00,0.9999967813491821,1,1,1.0,124,MH0242782,HS1308259
415,2025-01-01 02:10:00,2025-01-01 08:00:00,0.9999961853027344,1,1,1.0,124,MH0242782,HS1308259
415,2025-01-01 03:10:00,2025-01-01 09:00:00,0.9999990463256836,1,1,1.0,124,MH0242782,HS1308259
415,2025-01-01 04:10:00,2025-01-01 10:00:00,0.9999995231628418,1,1,1.0,124,MH0242782,HS1308259
415,2025-01-01 05:10:00,2025-01-01 11:00:00,0.9999994039535522,1,1,1.0,124,MH0242782,HS1308259
415,2025-01-01 06:10:00,2025-01-01 12:00:00,0.9999988079071045,1,1,1.0,124,MH0242782,HS1308259
415,2025-01-01 07:10:00,2025-01-01 13:00:00,0.999994158744812,1,1,0.8285714387893677,124,MH0242782,HS1308259
415,2025-01-01 08:10:00,2025-01-01 14:00:00,0.9994340538978577,1,1,0.6571428775787354,124,MH0242782,HS1308259
415,2025-01-01 09:10:00,2025-01-01 15:00:00,0.9643989205360413,1,0,0.48571428656578064,-1,MH0242782,HS1306554
415,2025-01-01 10:10:00,2025-01-01 16:00:00,0.8528651595115662,1,0,0.3142857253551483,-1,MH0242782,HS1306554
415,2025-01-01 11:10:00,2025-01-01 17:00:00,0.8924782276153564,1,0,0.1428571492433548,-1,MH0242782,HS1313925
415,2025-01-01 12:10:00,2025-01-01 18:00:00,0.9783291816711426,1,0,0.0,-1,MH0242782,HS1313925
415,2025-01-01 13:10:00,2025-01-01 19:00:00,0.9782745242118835,1,0,0.0,-1,MH0242782,HS1313925
415,2025-01-01 14:10:00,2025-01-01 20:00:00,0.9780926704406738,1,0,0.0,-1,MH0242782,HS1313001
415,2025-01-01 15:10:00,2025-01-01 21:00:00,0.9774017333984375,1,0,0.0,-1,MH0242782,HS1313001
415,2025-01-01 16:10:00,2025-01-01 22:00:00,0.9837707281112671,1,0,0.0,-1,MH0242782,HS1313001
415,2025-01-01 17:10:00,2025-01-01 23:00:00,0.9915134310722351,1,0,0.0,-1,MH0242782,HS1313298
415,2025-01-01 18:10:00,2025-01-02 00:00:00,0.9946594834327698,1,0,0.0,-1,MH0242782,HS1313298
415,2025-01-01 19:10:00,2025-01-02 01:00:00,0.9956316947937012,1,0,0.0,-1,MH0242782,HS1313298
415,2025-01-01 20:10:00,2025-01-02 02:00:00,0.9945333003997803,1,0,0.0,-1,MH0242782,HS1313298
415,2025-01-01 21:10:00,2025-01-02 03:00:00,0.9909289479255676,1,0,0.0,-1,MH0242782,HS1313298
415,2025-01-01 22:10:00,2025-01-02 04:00:00,0.9822381138801575,1,0,0.0,-1,MH0242782,HS1313298
415,2025-01-01 23:10:00,2025-01-02 05:00:00,0.9557558298110962,1,0,0.0,-1,MH0242782,HS1313298
415,2025-01-02 00:10:00,2025-01-02 06:00:00,0.9383185505867004,1,0,0.0,-1,MH0242782,HS1313298
415,2025-01-02 01:10:00,2025-01-02 07:00:00,0.943034291267395,1,0,0.0,-1,MH0242782,HS1313298
415,2025-01-02 02:10:00,2025-01-02 08:00:00,0.9513132572174072,1,0,0.0,-1,MH0242782,HS1313298
415,2025-01-02 03:10:00,2025-01-02 09:00:00,0.9594460725784302,1,0,0.0,-1,MH0242782,HS1313298
415,2025-01-02 04:10:00,2025-01-02 10:00:00,0.9694080948829651,1,0,0.0,-1,MH0242782,HS1313001
415,2025-01-02 05:10:00,2025-01-02 11:00:00,0.9754146337509155,1,0,0.0,-1,MH0242782,HS1313001
415,2025-01-02 06:10:00,2025-01-02 12:00:00,0.9773205518722534,1,0,0.0,-1,MH0242782,HS1313001
415,2025-01-02 07:10:00,2025-01-02 13:00:00,0.977699875831604,1,0,0.0,-1,MH0242782,HS1313925
415,2025-01-02 08:10:00,2025-01-02 14:00:00,0.9775384068489075,1,0,0.0,-1,MH0242782,HS1313925
415,2025-01-02 09:10:00,2025-01-02 15:00:00,0.9771667122840881,1,0,0.0,-1,MH0242782,HS1313925
415,2025-01-02 10:10:00,2025-01-02 16:00:00,0.9775788187980652,1,0,0.0,-1,MH0242782,HS1313925
415,2025-01-02 11:10:00,2025-01-02 17:00:00,0.9782806634902954,1,0,0.0,-1,MH0242782,HS1313925
415,2025-01-02 12:10:00,2025-01-02 18:00:00,0.9781655669212341,1,0,0.0,-1,MH0242782,HS1313925
415,2025-01-02 13:10:00,2025-01-02 19:00:00,0.9777243733406067,1,0,0.0,-1,MH0242782,HS1313925
415,2025-01-02 14:10:00,2025-01-02 20:00:00,0.9770423173904419,1,0,0.0,-1,MH0242782,HS1313001
415,2025-01-02 15:10:00,2025-01-02 21:00:00,0.9760929346084595,1,0,0.0,-1,MH0242782,HS1313001
415,2025-01-02 16:10:00,2025-01-02 22:00:00,0.9829320907592773,1,0,0.0,-1,MH0242782,HS1313001
415,2025-01-02 17:10:00,2025-01-02 23:00:00,0.991497814655304,1,0,0.0,-1,MH0242782,HS1313298
135,2025-01-01 00:10:00,2025-01-01 06:00:00,0.9999899864196777,1,1,0.6857143044471741,110,HS2003085,HS1344263
135,2025-01-01 01:10:00,2025-01-01 07:00:00,0.9999964237213135,1,1,0.8571428656578064,110,HS2003085,HS1313205
135,2025-01-01 02:10:00,2025-01-01 08:00:00,0.9999914169311523,1,1,1.0,110,HS2003085,HS1313205
135,2025-01-01 03:10:00,2025-01-01 09:00:00,0.9999454021453857,1,1,1.0,110,HS2003085,HS1313205
135,2025-01-01 04:10:00,2025-01-01 10:00:00,0.9996224641799927,1,1,1.0,110,HS2003085,HS1306571
135,2025-01-01 05:10:00,2025-01-01 11:00:00,0.9999446868896484,1,1,1.0,110,HS2003085,HS1306571
135,2025-01-01 06:10:00,2025-01-01 12:00:00,0.9999879598617554,1,1,1.0,110,HS2003085,HS1306571
135,2025-01-01 07:10:00,2025-01-01 13:00:00,0.9999994039535522,1,1,1.0,110,HS2003085,HS1306571
135,2025-01-01 08:10:00,2025-01-01 14:00:00,0.9999998807907104,1,1,1.0,110,HS2003085,HS1306571
135,2025-01-01 09:10:00,2025-01-01 15:00:00,0.9999998807907104,1,1,1.0,110,HS2003085,HS1306571
135,2025-01-01 10:10:00,2025-01-01 16:00:00,0.9999957084655762,1,1,1.0,110,HS2003085,HS1306571
135,2025-01-01 11:10:00,2025-01-01 17:00:00,0.999933123588562,1,1,1.0,110,HS2003085,HS1306571
135,2025-01-01 12:10:00,2025-01-01 18:00:00,0.9999231100082397,1,1,1.0,110,HS2003085,HS1306571
135,2025-01-01 13:10:00,2025-01-01 19:00:00,0.9999182224273682,1,1,1.0,110,HS2003085,HS1313205
135,2025-01-01 14:10:00,2025-01-01 20:00:00,0.9999781847000122,1,1,1.0,110,HS2003085,HS1313205
135,2025-01-01 15:10:00,2025-01-01 21:00:00,0.9999916553497314,1,1,1.0,110,HS2003085,HS1314237
135,2025-01-01 16:10:00,2025-01-01 22:00:00,0.9999947547912598,1,1,1.0,110,HS2003085,HS1306571
135,2025-01-01 17:10:00,2025-01-01 23:00:00,0.9999963045120239,1,1,1.0,110,HS2003085,HS1306571
135,2025-01-01 18:10:00,2025-01-02 00:00:00,0.9999879598617554,1,1,1.0,110,HS2003085,HS1306571
135,2025-01-01 19:10:00,2025-01-02 01:00:00,0.999987006187439,1,1,1.0,110,HS2003085,HS1306571
135,2025-01-01 20:10:00,2025-01-02 02:00:00,0.9999940395355225,1,1,1.0,110,HS2003085,HS1306601
135,2025-01-01 21:10:00,2025-01-02 03:00:00,0.9999979734420776,1,1,0.8285714387893677,110,HS2003085,HS1306601
135,2025-01-01 22:10:00,2025-01-02 04:00:00,0.999988317489624,1,1,0.6571428775787354,110,HS2003085,HS1306601
135,2025-01-01 23:10:00,2025-01-02 05:00:00,0.9948975443840027,1,0,0.48571428656578064,-1,HS2003085,HS1306601
135,2025-01-02 00:10:00,2025-01-02 06:00:00,0.596892774105072,1,0,0.3142857253551483,-1,HS2003085,HS1306601
135,2025-01-02 01:10:00,2025-01-02 07:00:00,0.21207140386104584,0,0,0.1428571492433548,-1,HS2003085,HS1313140
135,2025-01-02 02:10:00,2025-01-02 08:00:00,0.47691017389297485,0,0,0.0,-1,HS2003085,HS1306904
135,2025-01-02 03:10:00,2025-01-02 09:00:00,0.9597817659378052,1,0,0.0,-1,HS2003085,HS1313298
135,2025-01-02 04:10:00,2025-01-02 10:00:00,0.969792902469635,1,0,0.0,-1,HS2003085,HS1313001
135,2025-01-02 05:10:00,2025-01-02 11:00:00,0.975226879119873,1,0,0.0,-1,HS2003085,HS1313001
135,2025-01-02 06:10:00,2025-01-02 12:00:00,0.9769993424415588,1,0,0.0,-1,HS2003085,HS1313001
135,2025-01-02 07:10:00,2025-01-02 13:00:00,0.9774274826049805,1,0,0.0,-1,HS2003085,HS1313925
135,2025-01-02 08:10:00,2025-01-02 14:00:00,0.977721631526947,1,0,0.0,-1,HS2003085,HS1313925
135,2025-01-02 09:10:00,2025-01-02 15:00:00,0.9774541258811951,1,0,0.0,-1,HS2003085,HS1313925
135,2025-01-02 10:10:00,2025-01-02 16:00:00,0.9775477647781372,1,0,0.0,-1,HS2003085,HS1313925
135,2025-01-02 11:10:00,2025-01-02 17:00:00,0.9779037237167358,1,0,0.0,-1,HS2003085,HS1313925
135,2025-01-02 12:10:00,2025-01-02 18:00:00,0.9776862859725952,1,0,0.0,-1,HS2003085,HS1313925
135,2025-01-02 13:10:00,2025-01-02 19:00:00,0.9770715832710266,1,0,0.0,-1,HS2003085,HS1313925
135,2025-01-02 14:10:00,2025-01-02 20:00:00,0.9758878350257874,1,0,0.0,-1,HS2003085,HS1313001
135,2025-01-02 15:10:00,2025-01-02 21:00:00,0.9750593304634094,1,0,0.0,-1,HS2003085,HS1313001
135,2025-01-02 16:10:00,2025-01-02 22:00:00,0.9826132655143738,1,0,0.0,-1,HS2003085,HS1313001
135,2025-01-02 17:10:00,2025-01-02 23:00:00,0.9914301037788391,1,0,0.0,-1,HS2003085,HS1313298
307,2025-01-01 00:10:00,2025-01-01 06:00:00,1.0,1,1,1.0,30,HS1313298,HS1313298
307,2025-01-01 01:10:00,2025-01-01 07:00:00,1.0,1,1,0.8285714387893677,30,HS1313298,HS1313298
307,2025-01-01 02:10:00,2025-01-01 08:00:00,1.0,1,1,0.6571428775787354,30,HS1313298,HS1313298
307,2025-01-01 03:10:00,2025-01-01 09:00:00,0.9998353719711304,1,0,0.48571428656578064,-1,HS1313298,HS1313140
307,2025-01-01 04:10:00,2025-01-01 10:00:00,0.761523425579071,1,0,0.3142857253551483,-1,HS1313298,HS1313140
307,2025-01-01 05:10:00,2025-01-01 11:00:00,0.15799662470817566,0,0,0.1428571492433548,-1,HS1313298,HS1313140
307,2025-01-01 06:10:00,2025-01-01 12:00:00,0.46885648369789124,0,0,0.0,-1,HS1313298,HS1313205
307,2025-01-01 07:10:00,2025-01-01 13:00:00,0.9775011539459229,1,0,0.0,-1,HS1313298,HS1313925
307,2025-01-01 08:10:00,2025-01-01 14:00:00,0.977301836013794,1,0,0.0,-1,HS1313298,HS1313925
307,2025-01-01 09:10:00,2025-01-01 15:00:00,0.9771414399147034,1,0,0.0,-1,HS1313298,HS1313925
307,2025-01-01 10:10:00,2025-01-01 16:00:00,0.9771092534065247,1,0,0.0,-1,HS1313298,HS1313925
307,2025-01-01 11:10:00,2025-01-01 17:00:00,0.9771671891212463,1,0,0.0,-1,HS1313298,HS1313925
307,2025-01-01 12:10:00,2025-01-01 18:00:00,0.978411853313446,1,0,0.0,-1,HS1313298,HS1313925
307,2025-01-01 13:10:00,2025-01-01 19:00:00,0.9788138270378113,1,0,0.0,-1,HS1313298,HS1313925
307,2025-01-01 14:10:00,2025-01-01 20:00:00,0.9788212776184082,1,0,0.0,-1,HS1313298,HS1313001
307,2025-01-01 15:10:00,2025-01-01 21:00:00,0.9778775572776794,1,0,0.0,-1,HS1313298,HS1313001
307,2025-01-01 16:10:00,2025-01-01 22:00:00,0.9838776588439941,1,0,0.0,-1,HS1313298,HS1313001
307,2025-01-01 17:10:00,2025-01-01 23:00:00,0.991729199886322,1,0,0.0,-1,HS1313298,HS1313298
307,2025-01-01 18:10:00,2025-01-02 00:00:00,0.9947251677513123,1,0,0.0,-1,HS1313298,HS1313298
307,2025-01-01 19:10:00,2025-01-02 01:00:00,0.995633065700531,1,0,0.0,-1,HS1313298,HS1313298
307,2025-01-01 20:10:00,2025-01-02 02:00:00,0.994524359703064,1,0,0.0,-1,HS1313298,HS1313298
307,2025-01-01 21:10:00,2025-01-02 03:00:00,0.9907780885696411,1,0,0.0,-1,HS1313298,HS1313298
307,2025-01-01 22:10:00,2025-01-02 04:00:00,0.9821807146072388,1,0,0.0,-1,HS1313298,HS1313298
307,2025-01-01 23:10:00,2025-01-02 05:00:00,0.957991361618042,1,0,0.0,-1,HS1313298,HS1313298
307,2025-01-02 00:10:00,2025-01-02 06:00:00,0.9386608004570007,1,0,0.0,-1,HS1313298,HS1313298
307,2025-01-02 01:10:00,2025-01-02 07:00:00,0.9417382478713989,1,0,0.0,-1,HS1313298,HS1313298
307,2025-01-02 02:10:00,2025-01-02 08:00:00,0.950011134147644,1,0,0.0,-1,HS1313298,HS1313298
307,2025-01-02 03:10:00,2025-01-02 09:00:00,0.9603064060211182,1,0,0.0,-1,HS1313298,HS1313298
307,2025-01-02 04:10:00,2025-01-02 10:00:00,0.9699487090110779,1,0,0.0,-1,HS1313298,HS1313001
307,2025-01-02 05:10:00,2025-01-02 11:00:00,0.9753116965293884,1,0,0.0,-1,HS1313298,HS1313001
307,2025-01-02 06:10:00,2025-01-02 12:00:00,0.9772753119468689,1,0,0.0,-1,HS1313298,HS1313001
307,2025-01-02 07:10:00,2025-01-02 13:00:00,0.9775480628013611,1,0,0.0,-1,HS1313298,HS1313925
307,2025-01-02 08:10:00,2025-01-02 14:00:00,0.977584183216095,1,0,0.0,-1,HS1313298,HS1313925
307,2025-01-02 09:10:00,2025-01-02 15:00:00,0.9771298766136169,1,0,0.0,-1,HS1313298,HS1313925
307,2025-01-02 10:10:00,2025-01-02 16:00:00,0.9775630235671997,1,0,0.0,-1,HS1313298,HS1313925
307,2025-01-02 11:10:00,2025-01-02 17:00:00,0.9781072735786438,1,0,0.0,-1,HS1313298,HS1313925
307,2025-01-02 12:10:00,2025-01-02 18:00:00,0.9781250953674316,1,0,0.0,-1,HS1313298,HS1313925
307,2025-01-02 13:10:00,2025-01-02 19:00:00,0.9777613878250122,1,0,0.0,-1,HS1313298,HS1313925
307,2025-01-02 14:10:00,2025-01-02 20:00:00,0.9766569137573242,1,0,0.0,-1,HS1313298,HS1313001
307,2025-01-02 15:10:00,2025-01-02 21:00:00,0.975721538066864,1,0,0.0,-1,HS1313298,HS1313001
307,2025-01-02 16:10:00,2025-01-02 22:00:00,0.9825998544692993,1,0,0.0,-1,HS1313298,HS1313001
307,2025-01-02 17:10:00,2025-01-02 23:00:00,0.9915174245834351,1,0,0.0,-1,HS1313298,HS1313298
405,2025-01-01 00:10:00,2025-01-01 06:00:00,0.9999986886978149,1,1,1.0,119,MH0201629,HS1306554
405,2025-01-01 01:10:00,2025-01-01 07:00:00,1.0,1,1,1.0,119,MH0201629,HS1306554
405,2025-01-01 02:10:00,2025-01-01 08:00:00,1.0,1,1,1.0,119,MH0201629,HS1306554
405,2025-01-01 03:10:00,2025-01-01 09:00:00,1.0,1,1,1.0,119,MH0201629,HS1306554
405,2025-01-01 04:10:00,2025-01-01 10:00:00,1.0,1,1,1.0,119,MH0201629,HS1306554
405,2025-01-01 05:10:00,2025-01-01 11:00:00,1.0,1,1,1.0,119,MH0201629,HS1306554
405,2025-01-01 06:10:00,2025-01-01 12:00:00,1.0,1,1,1.0,119,MH0201629,HS1306554
405,2025-01-01 07:10:00,2025-01-01 13:00:00,1.0,1,1,0.8285714387893677,119,MH0201629,HS1306554
405,2025-01-01 08:10:00,2025-01-01 14:00:00,0.9999991655349731,1,1,0.6571428775787354,119,MH0201629,HS1306554
405,2025-01-01 09:10:00,2025-01-01 15:00:00,0.9958829879760742,1,0,0.48571428656578064,-1,MH0201629,HS1306554
405,2025-01-01 10:10:00,2025-01-01 16:00:00,0.49401620030403137,0,0,0.3142857253551483,-1,MH0201629,HS1306571
405,2025-01-01 11:10:00,2025-01-01 17:00:00,0.18195828795433044,0,0,0.1428571492433548,-1,MH0201629,HS1313205
405,2025-01-01 12:10:00,2025-01-01 18:00:00,0.6425104737281799,1,0,0.0,-1,MH0201629,HS1306904
405,2025-01-01 13:10:00,2025-01-01 19:00:00,0.9766702651977539,1,0,0.0,-1,MH0201629,HS1313001
405,2025-01-01 14:10:00,2025-01-01 20:00:00,0.9779388904571533,1,0,0.0,-1,MH0201629,HS1313001
405,2025-01-01 15:10:00,2025-01-01 21:00:00,0.9773805737495422,1,0,0.0,-1,MH0201629,HS1313001
405,2025-01-01 16:10:00,2025-01-01 22:00:00,0.9831241369247437,1,0,0.0,-1,MH0201629,HS1313001
405,2025-01-01 17:10:00,2025-01-01 23:00:00,0.9915587902069092,1,0,0.0,-1,MH0201629,HS1313298
405,2025-01-01 18:10:00,2025-01-02 00:00:00,0.9946824908256531,1,0,0.0,-1,MH0201629,HS1313298
405,2025-01-01 19:10:00,2025-01-02 01:00:00,0.9955739974975586,1,0,0.0,-1,MH0201629,HS1313298
405,2025-01-01 20:10:00,2025-01-02 02:00:00,0.9944908618927002,1,0,0.0,-1,MH0201629,HS1313298
405,2025-01-01 21:10:00,2025-01-02 03:00:00,0.9910220503807068,1,0,0.0,-1,MH0201629,HS1313298
405,2025-01-01 22:10:00,2025-01-02 04:00:00,0.9821189641952515,1,0,0.0,-1,MH0201629,HS1313298
405,2025-01-01 23:10:00,2025-01-02 05:00:00,0.9581136703491211,1,0,0.0,-1,MH0201629,HS1313298
405,2025-01-02 00:10:00,2025-01-02 06:00:00,0.9397882223129272,1,0,0.0,-1,MH0201629,HS1313298
405,2025-01-02 01:10:00,2025-01-02 07:00:00,0.94326251745224,1,0,0.0,-1,MH0201629,HS1313298
405,2025-01-02 02:10:00,2025-01-02 08:00:00,0.9499067068099976,1,0,0.0,-1,MH0201629,HS1313298
405,2025-01-02 03:10:00,2025-01-02 09:00:00,0.9603742957115173,1,0,0.0,-1,MH0201629,HS1313298
405,2025-01-02 04:10:00,2025-01-02 10:00:00,0.9698955416679382,1,0,0.0,-1,MH0201629,HS1313001
405,2025-01-02 05:10:00,2025-01-02 11:00:00,0.9754456281661987,1,0,0.0,-1,MH0201629,HS1313001
405,2025-01-02 06:10:00,2025-01-02 12:00:00,0.9772217273712158,1,0,0.0,-1,MH0201629,HS1313001
405,2025-01-02 07:10:00,2025-01-02 13:00:00,0.9776573181152344,1,0,0.0,-1,MH0201629,HS1313925
405,2025-01-02 08:10:00,2025-01-02 14:00:00,0.9776169061660767,1,0,0.0,-1,MH0201629,HS1313925
405,2025-01-02 09:10:00,2025-01-02 15:00:00,0.977510929107666,1,0,0.0,-1,MH0201629,HS1313925
405,2025-01-02 10:10:00,2025-01-02 16:00:00,0.9773380756378174,1,0,0.0,-1,MH0201629,HS1313925
405,2025-01-02 11:10:00,2025-01-02 17:00:00,0.9775484204292297,1,0,0.0,-1,MH0201629,HS1313925
405,2025-01-02 12:10:00,2025-01-02 18:00:00,0.9776113033294678,1,0,0.0,-1,MH0201629,HS1313925
405,2025-01-02 13:10:00,2025-01-02 19:00:00,0.9775987863540649,1,0,0.0,-1,MH0201629,HS1313001
405,2025-01-02 14:10:00,2025-01-02 20:00:00,0.9776648879051208,1,0,0.0,-1,MH0201629,HS1313001
405,2025-01-02 15:10:00,2025-01-02 21:00:00,0.9772025942802429,1,0,0.0,-1,MH0201629,HS1313001
405,2025-01-02 16:10:00,2025-01-02 22:00:00,0.983371376991272,1,0,0.0,-1,MH0201629,HS1313001
405,2025-01-02 17:10:00,2025-01-02 23:00:00,0.9917901754379272,1,0,0.0,-1,MH0201629,HS1313298
320,2025-01-01 00:10:00,2025-01-01 06:00:00,0.9402471780776978,1,0,0.0,-1,HS1313597,HS1313298
320,2025-01-01 01:10:00,2025-01-01 07:00:00,0.9419737458229065,1,0,0.0,-1,HS1313597,HS1313298
320,2025-01-01 02:10:00,2025-01-01 08:00:00,0.9486743211746216,1,0,0.0,-1,HS1313597,HS1313298
320,2025-01-01 03:10:00,2025-01-01 09:00:00,0.9596861600875854,1,0,0.0,-1,HS1313597,HS1313298
320,2025-01-01 04:10:00,2025-01-01 10:00:00,0.9698736667633057,1,0,0.0,-1,HS1313597,HS1313001
320,2025-01-01 05:10:00,2025-01-01 11:00:00,0.9753588438034058,1,0,0.0,-1,HS1313597,HS1313001
320,2025-01-01 06:10:00,2025-01-01 12:00:00,0.9769928455352783,1,0,0.0,-1,HS1313597,HS1313001
320,2025-01-01 07:10:00,2025-01-01 13:00:00,0.24097028374671936,0,0,0.17142857611179352,-1,HS1313597,HS1313298
320,2025-01-01 08:10:00,2025-01-01 14:00:00,0.9805797934532166,1,0,0.34285715222358704,-1,HS1313597,HS1313835
320,2025-01-01 09:10:00,2025-01-01 15:00:00,0.9998250603675842,1,1,0.5142857432365417,40,HS1313597,HS1313835
320,2025-01-01 10:10:00,2025-01-01 16:00:00,0.9999827146530151,1,1,0.6857143044471741,40,HS1313597,HS1313835
320,2025-01-01 11:10:00,2025-01-01 17:00:00,0.9999909400939941,1,1,0.8571428656578064,40,HS1313597,HS1313835
320,2025-01-01 12:10:00,2025-01-01 18:00:00,0.9999918937683105,1,1,1.0,40,HS1313597,HS1313835
320,2025-01-01 13:10:00,2025-01-01 19:00:00,0.9999915361404419,1,1,1.0,40,HS1313597,HS1313835
320,2025-01-01 14:10:00,2025-01-01 20:00:00,0.9999890327453613,1,1,1.0,40,HS1313597,HS1313835
320,2025-01-01 15:10:00,2025-01-01 21:00:00,0.9999854564666748,1,1,1.0,40,HS1313597,HS1313835
320,2025-01-01 16:10:00,2025-01-01 22:00:00,0.9999860525131226,1,1,1.0,40,HS1313597,HS1306904
320,2025-01-01 17:10:00,2025-01-01 23:00:00,0.9999929666519165,1,1,1.0,40,HS1313597,HS1306904
320,2025-01-01 18:10:00,2025-01-02 00:00:00,0.9999934434890747,1,1,1.0,40,HS1313597,HS1306904
320,2025-01-01 19:10:00,2025-01-02 01:00:00,0.9999988079071045,1,1,0.8285714387893677,40,HS1313597,HS1306904
320,2025-01-01 20:10:00,2025-01-02 02:00:00,0.9998631477355957,1,1,0.6571428775787354,40,HS1313597,HS1313835
320,2025-01-01 21:10:00,2025-01-02 03:00:00,0.9652149677276611,1,0,0.48571428656578064,-1,HS1313597,HS1313402
320,2025-01-01 22:10:00,2025-01-02 04:00:00,0.562960147857666,1,0,0.3142857253551483,-1,HS1313597,HS1313597
320,2025-01-01 23:10:00,2025-01-02 05:00:00,0.3208072781562805,0,0,0.1428571492433548,-1,HS1313597,HS1313597
320,2025-01-02 00:10:00,2025-01-02 06:00:00,0.9291500449180603,1,0,0.0,-1,HS1313597,HS1313298
320,2025-01-02 01:10:00,2025-01-02 07:00:00,0.9423404335975647,1,0,0.0,-1,HS1313597,HS1313298
320,2025-01-02 02:10:00,2025-01-02 08:00:00,0.9522416591644287,1,0,0.0,-1,HS1313597,HS1313298
320,2025-01-02 03:10:00,2025-01-02 09:00:00,0.961593508720398,1,0,0.0,-1,HS1313597,HS1313298
320,2025-01-02 04:10:00,2025-01-02 10:00:00,0.9700120687484741,1,0,0.0,-1,HS1313597,HS1313001
320,2025-01-02 05:10:00,2025-01-02 11:00:00,0.975014328956604,1,0,0.0,-1,HS1313597,HS1313001
320,2025-01-02 06:10:00,2025-01-02 12:00:00,0.9762584567070007,1,0,0.0,-1,HS1313597,HS1313001
320,2025-01-02 07:10:00,2025-01-02 13:00:00,0.9773336052894592,1,0,0.0,-1,HS1313597,HS1313925
320,2025-01-02 08:10:00,2025-01-02 14:00:00,0.9779700040817261,1,0,0.0,-1,HS1313597,HS1313925
320,2025-01-02 09:10:00,2025-01-02 15:00:00,0.9774391055107117,1,0,0.0,-1,HS1313597,HS1313925
320,2025-01-02 10:10:00,2025-01-02 16:00:00,0.9772148728370667,1,0,0.0,-1,HS1313597,HS1313925
320,2025-01-02 11:10:00,2025-01-02 17:00:00,0.9773951172828674,1,0,0.0,-1,HS1313597,HS1313925
320,2025-01-02 12:10:00,2025-01-02 18:00:00,0.9774271249771118,1,0,0.0,-1,HS1313597,HS1313925
320,2025-01-02 13:10:00,2025-01-02 19:00:00,0.9772911667823792,1,0,0.0,-1,HS1313597,HS1313925
320,2025-01-02 14:10:00,2025-01-02 20:00:00,0.9758409857749939,1,0,0.0,-1,HS1313597,HS1313001
320,2025-01-02 15:10:00,2025-01-02 21:00:00,0.9755395650863647,1,0,0.0,-1,HS1313597,HS1313001
320,2025-01-02 16:10:00,2025-01-02 22:00:00,0.9828081727027893,1,0,0.0,-1,HS1313597,HS1313001
320,2025-01-02 17:10:00,2025-01-02 23:00:00,0.9912872910499573,1,0,0.0,-1,HS1313597,HS1313298
244,2025-01-01 00:10:00,2025-01-01 06:00:00,0.9402471780776978,1,0,0.0,-1,HS1344261,HS1313298
244,2025-01-01 01:10:00,2025-01-01 07:00:00,0.9419737458229065,1,0,0.0,-1,HS1344261,HS1313298
244,2025-01-01 02:10:00,2025-01-01 08:00:00,0.9486743211746216,1,0,0.0,-1,HS1344261,HS1313298
244,2025-01-01 03:10:00,2025-01-01 09:00:00,0.9922959208488464,1,0,0.17142857611179352,-1,HS1344261,HS1313925
244,2025-01-01 04:10:00,2025-01-01 10:00:00,0.9985138773918152,1,0,0.34285715222358704,-1,HS1344261,HS1313001
244,2025-01-01 05:10:00,2025-01-01 11:00:00,0.9997473359107971,1,1,0.5142857432365417,100,HS1344261,HS1313001
244,2025-01-01 06:10:00,2025-01-01 12:00:00,0.9998635053634644,1,1,0.6857143044471741,100,HS1344261,HS1308259
244,2025-01-01 07:10:00,2025-01-01 13:00:00,0.9998873472213745,1,1,0.8571428656578064,100,HS1344261,HS1308259
244,2025-01-01 08:10:00,2025-01-01 14:00:00,0.9999016523361206,1,1,1.0,100,HS1344261,HS1308259
244,2025-01-01 09:10:00,2025-01-01 15:00:00,0.9999023675918579,1,1,1.0,100,HS1344261,HS1308259
244,2025-01-01 10:10:00,2025-01-01 16:00:00,0.9999237060546875,1,1,1.0,100,HS1344261,HS1308259
244,2025-01-01 11:10:00,2025-01-01 17:00:00,0.9999257326126099,1,1,1.0,100,HS1344261,HS1308259
244,2025-01-01 12:10:00,2025-01-01 18:00:00,0.9999345541000366,1,1,1.0,100,HS1344261,HS1308259
244,2025-01-01 13:10:00,2025-01-01 19:00:00,0.9999231100082397,1,1,1.0,100,HS1344261,HS1308259
244,2025-01-01 14:10:00,2025-01-01 20:00:00,0.9998728036880493,1,1,1.0,100,HS1344261,HS1316417
244,2025-01-01 15:10:00,2025-01-01 21:00:00,0.9998687505722046,1,1,1.0,100,HS1344261,HS1313001
244,2025-01-01 16:10:00,2025-01-01 22:00:00,0.9998548030853271,1,1,1.0,100,HS1344261,HS1313001
244,2025-01-01 17:10:00,2025-01-01 23:00:00,0.9999535083770752,1,1,1.0,100,HS1344261,HS1313925
244,2025-01-01 18:10:00,2025-01-02 00:00:00,0.9999915361404419,1,1,1.0,100,HS1344261,HS1313001
244,2025-01-01 19:10:00,2025-01-02 01:00:00,0.9999955892562866,1,1,1.0,100,HS1344261,HS1313001
244,2025-01-01 20:10:00,2025-01-02 02:00:00,0.9999936819076538,1,1,1.0,100,HS1344261,HS1313298
244,2025-01-01 21:10:00,2025-01-02 03:00:00,0.9999843835830688,1,1,0.8285714387893677,100,HS1344261,HS1308259
244,2025-01-01 22:10:00,2025-01-02 04:00:00,0.9998862743377686,1,1,0.6571428775787354,100,HS1344261,HS1313925
244,2025-01-01 23:10:00,2025-01-02 05:00:00,0.9962259531021118,1,0,0.48571428656578064,-1,HS1344261,HS1313925
244,2025-01-02 00:10:00,2025-01-02 06:00:00,0.9317319393157959,1,0,0.3142857253551483,-1,HS1344261,HS1313298
244,2025-01-02 01:10:00,2025-01-02 07:00:00,0.9266806840896606,1,0,0.1428571492433548,-1,HS1344261,HS1313298
244,2025-01-02 02:10:00,2025-01-02 08:00:00,0.949840784072876,1,0,0.0,-1,HS1344261,HS1313298
244,2025-01-02 03:10:00,2025-01-02 09:00:00,0.9627931714057922,1,0,0.0,-1,HS1344261,HS1313298
244,2025-01-02 04:10:00,2025-01-02 10:00:00,0.9704252481460571,1,0,0.0,-1,HS1344261,HS1313001
244,2025-01-02 05:10:00,2025-01-02 11:00:00,0.9751739501953125,1,0,0.0,-1,HS1344261,HS1313001
244,2025-01-02 06:10:00,2025-01-02 12:00:00,0.9765517711639404,1,0,0.0,-1,HS1344261,HS1313001
244,2025-01-02 07:10:00,2025-01-02 13:00:00,0.977236270904541,1,0,0.0,-1,HS1344261,HS1313925
244,2025-01-02 08:10:00,2025-01-02 14:00:00,0.9776696562767029,1,0,0.0,-1,HS1344261,HS1313925
244,2025-01-02 09:10:00,2025-01-02 15:00:00,0.976802408695221,1,0,0.0,-1,HS1344261,HS1313925
244,2025-01-02 10:10:00,2025-01-02 16:00:00,0.9769389033317566,1,0,0.0,-1,HS1344261,HS1313925
244,2025-01-02 11:10:00,2025-01-02 17:00:00,0.9773476123809814,1,0,0.0,-1,HS1344261,HS1313925
244,2025-01-02 12:10:00,2025-01-02 18:00:00,0.9775732755661011,1,0,0.0,-1,HS1344261,HS1313925
244,2025-01-02 13:10:00,2025-01-02 19:00:00,0.9773281812667847,1,0,0.0,-1,HS1344261,HS1313925
244,2025-01-02 14:10:00,2025-01-02 20:00:00,0.976017951965332,1,0,0.0,-1,HS1344261,HS1313001
244,2025-01-02 15:10:00,2025-01-02 21:00:00,0.9747127294540405,1,0,0.0,-1,HS1344261,HS1313001
244,2025-01-02 16:10:00,2025-01-02 22:00:00,0.9826887845993042,1,0,0.0,-1,HS1344261,HS1313001
244,2025-01-02 17:10:00,2025-01-02 23:00:00,0.9913288354873657,1,0,0.0,-1,HS1344261,HS1313298
55,2025-01-01 00:10:00,2025-01-01 06:00:00,0.9402471780776978,1,0,0.0,-1,HS1316563,HS1313298
55,2025-01-01 01:10:00,2025-01-01 07:00:00,0.9419737458229065,1,0,0.0,-1,HS1316563,HS1313298
55,2025-01-01 02:10:00,2025-01-01 08:00:00,0.9486743211746216,1,0,0.0,-1,HS1316563,HS1313298
55,2025-01-01 03:10:00,2025-01-01 09:00:00,0.9596861600875854,1,0,0.0,-1,HS1316563,HS1313298
55,2025-01-01 04:10:00,2025-01-01 10:00:00,0.9698736667633057,1,0,0.0,-1,HS1316563,HS1313001
55,2025-01-01 05:10:00,2025-01-01 11:00:00,0.9753588438034058,1,0,0.0,-1,HS1316563,HS1313001
55,2025-01-01 06:10:00,2025-01-01 12:00:00,0.9769928455352783,1,0,0.0,-1,HS1316563,HS1313001
55,2025-01-01 07:10:00,2025-01-01 13:00:00,0.977516770362854,1,0,0.0,-1,HS1316563,HS1313925
55,2025-01-01 08:10:00,2025-01-01 14:00:00,0.9775935411453247,1,0,0.0,-1,HS1316563,HS1313925
55,2025-01-01 09:10:00,2025-01-01 15:00:00,0.5857716202735901,1,0,0.17142857611179352,-1,HS1316563,HS1313597
55,2025-01-01 10:10:00,2025-01-01 16:00:00,0.9920949339866638,1,0,0.34285715222358704,-1,HS1316563,HS1316563
55,2025-01-01 11:10:00,2025-01-01 17:00:00,0.9998348951339722,1,1,0.5142857432365417,77,HS1316563,HS1316563
55,2025-01-01 12:10:00,2025-01-01 18:00:00,0.9998902082443237,1,1,0.6857143044471741,77,HS1316563,HS1316563
55,2025-01-01 13:10:00,2025-01-01 19:00:00,0.9999213218688965,1,1,0.8571428656578064,77,HS1316563,HS1316563
55,2025-01-01 14:10:00,2025-01-01 20:00:00,0.9999772310256958,1,1,1.0,77,HS1316563,HS1316563
55,2025-01-01 15:10:00,2025-01-01 21:00:00,0.9999972581863403,1,1,1.0,77,HS1316563,HS1316563
55,2025-01-01 16:10:00,2025-01-01 22:00:00,0.9999994039535522,1,1,1.0,77,HS1316563,HS1344263
55,2025-01-01 17:10:00,2025-01-01 23:00:00,0.9999996423721313,1,1,1.0,77,HS1316563,HS1344263
55,2025-01-01 18:10:00,2025-01-02 00:00:00,0.9999985694885254,1,1,1.0,77,HS1316563,HS1313298
55,2025-01-01 19:10:00,2025-01-02 01:00:00,0.9999969005584717,1,1,1.0,77,HS1316563,HS1344263
55,2025-01-01 20:10:00,2025-01-02 02:00:00,0.9999933242797852,1,1,1.0,77,HS1316563,HS1344263
55,2025-01-01 21:10:00,2025-01-02 03:00:00,0.9999879598617554,1,1,1.0,77,HS1316563,HS1344263
55,2025-01-01 22:10:00,2025-01-02 04:00:00,0.9999902248382568,1,1,1.0,77,HS1316563,HS1344263
55,2025-01-01 23:10:00,2025-01-02 05:00:00,0.999991774559021,1,1,1.0,77,HS1316563,HS1308259
55,2025-01-02 00:10:00,2025-01-02 06:00:00,0.9999854564666748,1,1,1.0,77,HS1316563,HS1344263
55,2025-01-02 01:10:00,2025-01-02 07:00:00,0.9999918937683105,1,1,1.0,77,HS1316563,HS1344263
55,2025-01-02 02:10:00,2025-01-02 08:00:00,0.9999977350234985,1,1,1.0,77,HS1316563,HS1316563
55,2025-01-02 03:10:00,2025-01-02 09:00:00,0.9999971389770508,1,1,0.8285714387893677,77,HS1316563,HS1344263
55,2025-01-02 04:10:00,2025-01-02 10:00:00,0.9998989105224609,1,1,0.6571428775787354,77,HS1316563,HS1344263
55,2025-01-02 05:10:00,2025-01-02 11:00:00,0.983259916305542,1,0,0.48571428656578064,-1,HS1316563,HS1344263
55,2025-01-02 06:10:00,2025-01-02 12:00:00,0.589942991733551,1,0,0.3142857253551483,-1,HS1316563,HS1313205
55,2025-01-02 07:10:00,2025-01-02 13:00:00,0.16446781158447266,0,0,0.1428571492433548,-1,HS1316563,HS1313205
55,2025-01-02 08:10:00,2025-01-02 14:00:00,0.9522330164909363,1,0,0.0,-1,HS1316563,HS1308259
55,2025-01-02 09:10:00,2025-01-02 15:00:00,0.9776731729507446,1,0,0.0,-1,HS1316563,HS1313925
55,2025-01-02 10:10:00,2025-01-02 16:00:00,0.9771915674209595,1,0,0.0,-1,HS1316563,HS1313925
55,2025-01-02 11:10:00,2025-01-02 17:00:00,0.9769414067268372,1,0,0.0,-1,HS1316563,HS1313925
55,2025-01-02 12:10:00,2025-01-02 18:00:00,0.9774940013885498,1,0,0.0,-1,HS1316563,HS1306554
55,2025-01-02 13:10:00,2025-01-02 19:00:00,0.9780471920967102,1,0,0.0,-1,HS1316563,HS1313001
55,2025-01-02 14:10:00,2025-01-02 20:00:00,0.977044939994812,1,0,0.0,-1,HS1316563,HS1313001
55,2025-01-02 15:10:00,2025-01-02 21:00:00,0.9766479730606079,1,0,0.0,-1,HS1316563,HS1313001
55,2025-01-02 16:10:00,2025-01-02 22:00:00,0.9831597208976746,1,0,0.0,-1,HS1316563,HS1313001
55,2025-01-02 17:10:00,2025-01-02 23:00:00,0.9913963675498962,1,0,0.0,-1,HS1316563,HS1313298
364,2025-01-01 00:10:00,2025-01-01 06:00:00,0.9402471780776978,1,0,0.0,-1,HS1316721,HS1313298
364,2025-01-01 01:10:00,2025-01-01 07:00:00,0.9419737458229065,1,0,0.0,-1,HS1316721,HS1313298
364,2025-01-01 02:10:00,2025-01-01 08:00:00,0.9486743211746216,1,0,0.0,-1,HS1316721,HS1313298
364,2025-01-01 03:10:00,2025-01-01 09:00:00,0.9596861600875854,1,0,0.0,-1,HS1316721,HS1313298
364,2025-01-01 04:10:00,2025-01-01 10:00:00,0.9698736667633057,1,0,0.0,-1,HS1316721,HS1313001
364,2025-01-01 05:10:00,2025-01-01 11:00:00,0.9753588438034058,1,0,0.0,-1,HS1316721,HS1313001
364,2025-01-01 06:10:00,2025-01-01 12:00:00,0.9769928455352783,1,0,0.0,-1,HS1316721,HS1313001
364,2025-01-01 07:10:00,2025-01-01 13:00:00,0.977516770362854,1,0,0.0,-1,HS1316721,HS1313925
364,2025-01-01 08:10:00,2025-01-01 14:00:00,0.9775935411453247,1,0,0.0,-1,HS1316721,HS1313925
364,2025-01-01 09:10:00,2025-01-01 15:00:00,0.9774520397186279,1,0,0.0,-1,HS1316721,HS1313925
364,2025-01-01 10:10:00,2025-01-01 16:00:00,0.9771436452865601,1,0,0.0,-1,HS1316721,HS1313925
364,2025-01-01 11:10:00,2025-01-01 17:00:00,0.9772705435752869,1,0,0.0,-1,HS1316721,HS1313925
364,2025-01-01 12:10:00,2025-01-01 18:00:00,0.9775956869125366,1,0,0.0,-1,HS1316721,HS1313925
364,2025-01-01 13:10:00,2025-01-01 19:00:00,0.8642376065254211,1,0,0.17142857611179352,-1,HS1316721,HS1316417
364,2025-01-01 14:10:00,2025-01-01 20:00:00,0.9805532097816467,1,0,0.34285715222358704,-1,HS1316721,HS1316417
364,2025-01-01 15:10:00,2025-01-01 21:00:00,0.9990273714065552,1,1,0.5142857432365417,85,HS1316721,HS1313597
364,2025-01-01 16:10:00,2025-01-01 22:00:00,0.9998123049736023,1,1,0.6857143044471741,85,HS1316721,HS1313835
364,2025-01-01 17:10:00,2025-01-01 23:00:00,0.9999616146087646,1,1,0.8571428656578064,85,HS1316721,HS1313835
364,2025-01-01 18:10:00,2025-01-02 00:00:00,0.9999804496765137,1,1,1.0,85,HS1316721,HS1313835
364,2025-01-01 19:10:00,2025-01-02 01:00:00,0.9999645948410034,1,1,1.0,85,HS1316721,HS1313835
364,2025-01-01 20:10:00,2025-01-02 02:00:00,0.9999446868896484,1,1,1.0,85,HS1316721,HS1313835
364,2025-01-01 21:10:00,2025-01-02 03:00:00,0.9999264478683472,1,1,1.0,85,HS1316721,HS1313597
364,2025-01-01 22:10:00,2025-01-02 04:00:00,0.9998300075531006,1,1,1.0,85,HS1316721,HS1313835
364,2025-01-01 23:10:00,2025-01-02 05:00:00,0.9997455477714539,1,1,1.0,85,HS1316721,HS1313835
364,2025-01-02 00:10:00,2025-01-02 06:00:00,0.9998334646224976,1,1,1.0,85,HS1316721,HS1313835
364,2025-01-02 01:10:00,2025-01-02 07:00:00,0.9998699426651001,1,1,1.0,85,HS1316721,HS1313835
364,2025-01-02 02:10:00,2025-01-02 08:00:00,0.9997078776359558,1,1,1.0,85,HS1316721,HS1313835
364,2025-01-02 03:10:00,2025-01-02 09:00:00,0.9989292025566101,1,1,1.0,85,HS1316721,HS1313835
364,2025-01-02 04:10:00,2025-01-02 10:00:00,0.9988582134246826,1,1,1.0,85,HS1316721,HS1313835
364,2025-01-02 05:10:00,2025-01-02 11:00:00,0.9994970560073853,1,1,1.0,85,HS1316721,HS1313835
364,2025-01-02 06:10:00,2025-01-02 12:00:00,0.9996774196624756,1,1,1.0,85,HS1316721,HS1313835
364,2025-01-02 07:10:00,2025-01-02 13:00:00,0.9997679591178894,1,1,0.8285714387893677,85,HS1316721,HS1313835
364,2025-01-02 08:10:00,2025-01-02 14:00:00,0.9972833395004272,1,1,0.6571428775787354,85,HS1316721,HS1313835
364,2025-01-02 09:10:00,2025-01-02 15:00:00,0.9647248983383179,1,0,0.48571428656578064,-1,HS1316721,HS1308259
364,2025-01-02 10:10:00,2025-01-02 16:00:00,0.8968943357467651,1,0,0.3142857253551483,-1,HS1316721,HS1316417
364,2025-01-02 11:10:00,2025-01-02 17:00:00,0.9274258017539978,1,0,0.1428571492433548,-1,HS1316721,HS1306554
364,2025-01-02 12:10:00,2025-01-02 18:00:00,0.978154182434082,1,0,0.0,-1,HS1316721,HS1313001
364,2025-01-02 13:10:00,2025-01-02 19:00:00,0.978621244430542,1,0,0.0,-1,HS1316721,HS1313001
364,2025-01-02 14:10:00,2025-01-02 20:00:00,0.977611780166626,1,0,0.0,-1,HS1316721,HS1313001
364,2025-01-02 15:10:00,2025-01-02 21:00:00,0.9765744805335999,1,0,0.0,-1,HS1316721,HS1313001
364,2025-01-02 16:10:00,2025-01-02 22:00:00,0.9832344055175781,1,0,0.0,-1,HS1316721,HS1313001
364,2025-01-02 17:10:00,2025-01-02 23:00:00,0.9912531971931458,1,0,0.0,-1,HS1316721,HS1313298
51,2025-01-01 00:10:00,2025-01-01 06:00:00,0.9402471780776978,1,0,0.0,-1,HS1316563,HS1313298
51,2025-01-01 01:10:00,2025-01-01 07:00:00,0.9419737458229065,1,0,0.0,-1,HS1316563,HS1313298
51,2025-01-01 02:10:00,2025-01-01 08:00:00,0.9486743211746216,1,0,0.0,-1,HS1316563,HS1313298
51,2025-01-01 03:10:00,2025-01-01 09:00:00,0.9596861600875854,1,0,0.0,-1,HS1316563,HS1313298
51,2025-01-01 04:10:00,2025-01-01 10:00:00,0.9698736667633057,1,0,0.0,-1,HS1316563,HS1313001
51,2025-01-01 05:10:00,2025-01-01 11:00:00,0.9753588438034058,1,0,0.0,-1,HS1316563,HS1313001
51,2025-01-01 06:10:00,2025-01-01 12:00:00,0.9769928455352783,1,0,0.0,-1,HS1316563,HS1313001
51,2025-01-01 07:10:00,2025-01-01 13:00:00,0.977516770362854,1,0,0.0,-1,HS1316563,HS1313925
51,2025-01-01 08:10:00,2025-01-01 14:00:00,0.9775935411453247,1,0,0.0,-1,HS1316563,HS1313925
51,2025-01-01 09:10:00,2025-01-01 15:00:00,0.9774520397186279,1,0,0.0,-1,HS1316563,HS1313925
51,2025-01-01 10:10:00,2025-01-01 16:00:00,0.9771436452865601,1,0,0.0,-1,HS1316563,HS1313925
51,2025-01-01 11:10:00,2025-01-01 17:00:00,0.9772705435752869,1,0,0.0,-1,HS1316563,HS1313925
51,2025-01-01 12:10:00,2025-01-01 18:00:00,0.9775956869125366,1,0,0.0,-1,HS1316563,HS1313925
51,2025-01-01 13:10:00,2025-01-01 19:00:00,0.9779080748558044,1,0,0.0,-1,HS1316563,HS1313925
51,2025-01-01 14:10:00,2025-01-01 20:00:00,0.9780827760696411,1,0,0.0,-1,HS1316563,HS1313001
51,2025-01-01 15:10:00,2025-01-01 21:00:00,0.4436626434326172,0,0,0.17142857611179352,-1,HS1316563,HS1313025
51,2025-01-01 16:10:00,2025-01-01 22:00:00,0.9954831600189209,1,0,0.34285715222358704,-1,HS1316563,HS1344263
51,2025-01-01 17:10:00,2025-01-01 23:00:00,0.9999926090240479,1,1,0.5142857432365417,77,HS1316563,HS1344263
51,2025-01-01 18:10:00,2025-01-02 00:00:00,0.9999955892562866,1,1,0.6857143044471741,77,HS1316563,HS1344263
51,2025-01-01 19:10:00,2025-01-02 01:00:00,0.9999940395355225,1,1,0.8571428656578064,77,HS1316563,HS1344263
51,2025-01-01 20:10:00,2025-01-02 02:00:00,0.9999860525131226,1,1,1.0,77,HS1316563,HS1344263
51,2025-01-01 21:10:00,2025-01-02 03:00:00,0.9999605417251587,1,1,0.8285714387893677,77,HS1316563,HS1344263
51,2025-01-01 22:10:00,2025-01-02 04:00:00,0.9994807839393616,1,1,0.6571428775787354,77,HS1316563,HS1308259
51,2025-01-01 23:10:00,2025-01-02 05:00:00,0.9899082183837891,1,0,0.48571428656578064,-1,HS1316563,HS1316643
51,2025-01-02 00:10:00,2025-01-02 06:00:00,0.8913745284080505,1,0,0.3142857253551483,-1,HS1316563,HS1313205
51,2025-01-02 01:10:00,2025-01-02 07:00:00,0.7098979353904724,1,0,0.1428571492433548,-1,HS1316563,HS1313205
51,2025-01-02 02:10:00,2025-01-02 08:00:00,0.8719626069068909,1,0,0.0,-1,HS1316563,HS1306904
51,2025-01-02 03:10:00,2025-01-02 09:00:00,0.9579787254333496,1,0,0.0,-1,HS1316563,HS1313298
51,2025-01-02 04:10:00,2025-01-02 10:00:00,0.9699077606201172,1,0,0.0,-1,HS1316563,HS1313001
51,2025-01-02 05:10:00,2025-01-02 11:00:00,0.9753854870796204,1,0,0.0,-1,HS1316563,HS1313001
51,2025-01-02 06:10:00,2025-01-02 12:00:00,0.9773727059364319,1,0,0.0,-1,HS1316563,HS1313001
51,2025-01-02 07:10:00,2025-01-02 13:00:00,0.977571427822113,1,0,0.0,-1,HS1316563,HS1313925
51,2025-01-02 08:10:00,2025-01-02 14:00:00,0.9775623083114624,1,0,0.0,-1,HS1316563,HS1313925
51,2025-01-02 09:10:00,2025-01-02 15:00:00,0.9770591855049133,1,0,0.0,-1,HS1316563,HS1313925
51,2025-01-02 10:10:00,2025-01-02 16:00:00,0.9774696230888367,1,0,0.0,-1,HS1316563,HS1313925
51,2025-01-02 11:10:00,2025-01-02 17:00:00,0.9780148863792419,1,0,0.0,-1,HS1316563,HS1313925
51,2025-01-02 12:10:00,2025-01-02 18:00:00,0.9781226515769958,1,0,0.0,-1,HS1316563,HS1313925
51,2025-01-02 13:10:00,2025-01-02 19:00:00,0.9778614640235901,1,0,0.0,-1,HS1316563,HS1313925
51,2025-01-02 14:10:00,2025-01-02 20:00:00,0.9768021702766418,1,0,0.0,-1,HS1316563,HS1313001
51,2025-01-02 15:10:00,2025-01-02 21:00:00,0.9758509397506714,1,0,0.0,-1,HS1316563,HS1313001
51,2025-01-02 16:10:00,2025-01-02 22:00:00,0.9826380610466003,1,0,0.0,-1,HS1316563,HS1313001
51,2025-01-02 17:10:00,2025-01-02 23:00:00,0.9915398955345154,1,0,0.0,-1,HS1316563,HS1313298
175,2025-01-01 00:10:00,2025-01-01 06:00:00,1.0,1,1,0.6857143044471741,5,HS1306904,HS1306601
175,2025-01-01 01:10:00,2025-01-01 07:00:00,1.0,1,1,0.8571428656578064,5,HS1306904,HS1306601
175,2025-01-01 02:10:00,2025-01-01 08:00:00,1.0,1,1,1.0,5,HS1306904,HS1306601
175,2025-01-01 03:10:00,2025-01-01 09:00:00,1.0,1,1,1.0,5,HS1306904,HS1306601
175,2025-01-01 04:10:00,2025-01-01 10:00:00,1.0,1,1,1.0,5,HS1306904,HS1306601
175,2025-01-01 05:10:00,2025-01-01 11:00:00,1.0,1,1,1.0,5,HS1306904,HS1306601
175,2025-01-01 06:10:00,2025-01-01 12:00:00,1.0,1,1,1.0,5,HS1306904,HS1306601
175,2025-01-01 07:10:00,2025-01-01 13:00:00,1.0,1,1,1.0,5,HS1306904,HS1306601
175,2025-01-01 08:10:00,2025-01-01 14:00:00,1.0,1,1,1.0,5,HS1306904,HS1306601
175,2025-01-01 09:10:00,2025-01-01 15:00:00,1.0,1,1,1.0,5,HS1306904,HS1306601
175,2025-01-01 10:10:00,2025-01-01 16:00:00,0.9999998807907104,1,1,1.0,5,HS1306904,HS1306601
175,2025-01-01 11:10:00,2025-01-01 17:00:00,0.9999998807907104,1,1,1.0,5,HS1306904,HS1306601
175,2025-01-01 12:10:00,2025-01-01 18:00:00,0.9999998807907104,1,1,1.0,5,HS1306904,HS1306601
175,2025-01-01 13:10:00,2025-01-01 19:00:00,0.9999998807907104,1,1,1.0,5,HS1306904,HS1306601
175,2025-01-01 14:10:00,2025-01-01 20:00:00,1.0,1,1,1.0,5,HS1306904,HS1306601
175,2025-01-01 15:10:00,2025-01-01 21:00:00,1.0,1,1,1.0,5,HS1306904,HS1306601
175,2025-01-01 16:10:00,2025-01-01 22:00:00,1.0,1,1,1.0,5,HS1306904,HS1306601
175,2025-01-01 17:10:00,2025-01-01 23:00:00,1.0,1,1,1.0,5,HS1306904,HS1306601
175,2025-01-01 18:10:00,2025-01-02 00:00:00,1.0,1,1,1.0,5,HS1306904,HS1306601
175,2025-01-01 19:10:00,2025-01-02 01:00:00,1.0,1,1,1.0,5,HS1306904,HS1306601
175,2025-01-01 20:10:00,2025-01-02 02:00:00,1.0,1,1,1.0,5,HS1306904,HS1306601
175,2025-01-01 21:10:00,2025-01-02 03:00:00,1.0,1,1,0.8285714387893677,5,HS1306904,HS1306601
175,2025-01-01 22:10:00,2025-01-02 04:00:00,0.9999998807907104,1,1,0.6571428775787354,5,HS1306904,HS1306601
175,2025-01-01 23:10:00,2025-01-02 05:00:00,0.9333913326263428,1,0,0.48571428656578064,-1,HS1306904,HS1306601
175,2025-01-02 00:10:00,2025-01-02 06:00:00,0.008534302935004234,0,0,0.3142857253551483,-1,HS1306904,HS1306904
175,2025-01-02 01:10:00,2025-01-02 07:00:00,0.03480973467230797,0,0,0.1428571492433548,-1,HS1306904,HS1306904
175,2025-01-02 02:10:00,2025-01-02 08:00:00,0.6129125356674194,1,0,0.0,-1,HS1306904,HS1313001
175,2025-01-02 03:10:00,2025-01-02 09:00:00,0.9688361883163452,1,0,0.0,-1,HS1306904,HS1313001
175,2025-01-02 04:10:00,2025-01-02 10:00:00,0.9646204113960266,1,0,0.0,-1,HS1306904,HS1313001
175,2025-01-02 05:10:00,2025-01-02 11:00:00,0.9752994179725647,1,0,0.0,-1,HS1306904,HS1313001
175,2025-01-02 06:10:00,2025-01-02 12:00:00,0.9780699610710144,1,0,0.0,-1,HS1306904,HS1313001
175,2025-01-02 07:10:00,2025-01-02 13:00:00,0.9772672653198242,1,0,0.0,-1,HS1306904,HS1313925
175,2025-01-02 08:10:00,2025-01-02 14:00:00,0.9775068759918213,1,0,0.0,-1,HS1306904,HS1313925
175,2025-01-02 09:10:00,2025-01-02 15:00:00,0.9774205088615417,1,0,0.0,-1,HS1306904,HS1313925
175,2025-01-02 10:10:00,2025-01-02 16:00:00,0.9771773219108582,1,0,0.0,-1,HS1306904,HS1313925
175,2025-01-02 11:10:00,2025-01-02 17:00:00,0.9773547053337097,1,0,0.0,-1,HS1306904,HS1313925
175,2025-01-02 12:10:00,2025-01-02 18:00:00,0.9775993824005127,1,0,0.0,-1,HS1306904,HS1313925
175,2025-01-02 13:10:00,2025-01-02 19:00:00,0.9778245091438293,1,0,0.0,-1,HS1306904,HS1313925
175,2025-01-02 14:10:00,2025-01-02 20:00:00,0.9779741168022156,1,0,0.0,-1,HS1306904,HS1313001
175,2025-01-02 15:10:00,2025-01-02 21:00:00,0.9774889945983887,1,0,0.0,-1,HS1306904,HS1313001
175,2025-01-02 16:10:00,2025-01-02 22:00:00,0.983212411403656,1,0,0.0,-1,HS1306904,HS1313001
175,2025-01-02 17:10:00,2025-01-02 23:00:00,0.9915961623191833,1,0,0.0,-1,HS1306904,HS1313298
190,2025-01-01 00:10:00,2025-01-01 06:00:00,0.9402471780776978,1,0,0.0,-1,HS1313925,HS1313298
190,2025-01-01 01:10:00,2025-01-01 07:00:00,0.9419737458229065,1,0,0.0,-1,HS1313925,HS1313298
190,2025-01-01 02:10:00,2025-01-01 08:00:00,0.9486743211746216,1,0,0.0,-1,HS1313925,HS1313298
190,2025-01-01 03:10:00,2025-01-01 09:00:00,0.9596861600875854,1,0,0.0,-1,HS1313925,HS1313298
190,2025-01-01 04:10:00,2025-01-01 10:00:00,0.9698736667633057,1,0,0.0,-1,HS1313925,HS1313001
190,2025-01-01 05:10:00,2025-01-01 11:00:00,0.9753588438034058,1,0,0.0,-1,HS1313925,HS1313001
190,2025-01-01 06:10:00,2025-01-01 12:00:00,0.9769928455352783,1,0,0.0,-1,HS1313925,HS1313001
190,2025-01-01 07:10:00,2025-01-01 13:00:00,0.977516770362854,1,0,0.0,-1,HS1313925,HS1313925
190,2025-01-01 08:10:00,2025-01-01 14:00:00,0.9775935411453247,1,0,0.0,-1,HS1313925,HS1313925
190,2025-01-01 09:10:00,2025-01-01 15:00:00,0.9773913621902466,1,0,0.17142857611179352,-1,HS1313925,HS1313925
190,2025-01-01 10:10:00,2025-01-01 16:00:00,0.9794904589653015,1,0,0.34285715222358704,-1,HS1313925,HS1316417
190,2025-01-01 11:10:00,2025-01-01 17:00:00,0.9917789101600647,1,1,0.5142857432365417,51,HS1313925,HS1316417
190,2025-01-01 12:10:00,2025-01-01 18:00:00,0.9966103434562683,1,1,0.6857143044471741,51,HS1313925,HS1316417
190,2025-01-01 13:10:00,2025-01-01 19:00:00,0.9970064759254456,1,1,0.8571428656578064,51,HS1313925,HS1316417
190,2025-01-01 14:10:00,2025-01-01 20:00:00,0.9954196214675903,1,1,1.0,51,HS1313925,HS1313001
190,2025-01-01 15:10:00,2025-01-01 21:00:00,0.9941816926002502,1,1,1.0,51,HS1313925,HS1313001
190,2025-01-01 16:10:00,2025-01-01 22:00:00,0.9924243688583374,1,1,1.0,51,HS1313925,HS1313001
190,2025-01-01 17:10:00,2025-01-01 23:00:00,0.9953349232673645,1,1,1.0,51,HS1313925,HS1313298
190,2025-01-01 18:10:00,2025-01-02 00:00:00,0.9993265867233276,1,1,1.0,51,HS1313925,HS1313001
190,2025-01-01 19:10:00,2025-01-02 01:00:00,0.9997029900550842,1,1,1.0,51,HS1313925,HS1313001
190,2025-01-01 20:10:00,2025-01-02 02:00:00,0.9995524287223816,1,1,1.0,51,HS1313925,HS1313298
190,2025-01-01 21:10:00,2025-01-02 03:00:00,0.9991058707237244,1,1,1.0,51,HS1313925,HS1313298
190,2025-01-01 22:10:00,2025-01-02 04:00:00,0.9979801774024963,1,1,1.0,51,HS1313925,HS1313298
190,2025-01-01 23:10:00,2025-01-02 05:00:00,0.9941207766532898,1,1,1.0,51,HS1313925,HS1313925
190,2025-01-02 00:10:00,2025-01-02 06:00:00,0.9925466179847717,1,1,1.0,51,HS1313925,HS1313298
190,2025-01-02 01:10:00,2025-01-02 07:00:00,0.9955310225486755,1,1,1.0,51,HS1313925,HS1313298
190,2025-01-02 02:10:00,2025-01-02 08:00:00,0.9941085577011108,1,1,1.0,51,HS1313925,HS1313001
190,2025-01-02 03:10:00,2025-01-02 09:00:00,0.9913288354873657,1,1,1.0,51,HS1313925,HS1313001
190,2025-01-02 04:10:00,2025-01-02 10:00:00,0.9934104084968567,1,1,1.0,51,HS1313925,HS1313001
190,2025-01-02 05:10:00,2025-01-02 11:00:00,0.9937623143196106,1,1,1.0,51,HS1313925,HS1313001
190,2025-01-02 06:10:00,2025-01-02 12:00:00,0.9932613968849182,1,1,1.0,51,HS1313925,HS1313001
190,2025-01-02 07:10:00,2025-01-02 13:00:00,0.9942354559898376,1,1,1.0,51,HS1313925,HS1313001
190,2025-01-02 08:10:00,2025-01-02 14:00:00,0.9950454235076904,1,1,1.0,51,HS1313925,HS1306554
190,2025-01-02 09:10:00,2025-01-02 15:00:00,0.9950557947158813,1,1,0.8285714387893677,51,HS1313925,HS1306554
190,2025-01-02 10:10:00,2025-01-02 16:00:00,0.9921167492866516,1,1,0.6571428775787354,51,HS1313925,HS1306554
190,2025-01-02 11:10:00,2025-01-02 17:00:00,0.9851402640342712,1,0,0.48571428656578064,-1,HS1313925,HS1306554
190,2025-01-02 12:10:00,2025-01-02 18:00:00,0.9785500764846802,1,0,0.3142857253551483,-1,HS1313925,HS1313925
190,2025-01-02 13:10:00,2025-01-02 19:00:00,0.9778807163238525,1,0,0.1428571492433548,-1,HS1313925,HS1313925
190,2025-01-02 14:10:00,2025-01-02 20:00:00,0.9764763712882996,1,0,0.0,-1,HS1313925,HS1313001
190,2025-01-02 15:10:00,2025-01-02 21:00:00,0.9761423468589783,1,0,0.0,-1,HS1313925,HS1313001
190,2025-01-02 16:10:00,2025-01-02 22:00:00,0.9829885363578796,1,0,0.0,-1,HS1313925,HS1313001
190,2025-01-02 17:10:00,2025-01-02 23:00:00,0.9914152026176453,1,0,0.0,-1,HS1313925,HS1313298
419,2025-01-01 00:10:00,2025-01-01 06:00:00,1.0,1,1,1.0,126,VP0232532,MH0201710
419,2025-01-01 01:10:00,2025-01-01 07:00:00,1.0,1,1,0.8285714387893677,126,VP0232532,MH0201710
419,2025-01-01 02:10:00,2025-01-01 08:00:00,1.0,1,1,0.6571428775787354,126,VP0232532,MH0201710
419,2025-01-01 03:10:00,2025-01-01 09:00:00,1.0,1,0,0.48571428656578064,-1,VP0232532,MH0201710
419,2025-01-01 04:10:00,2025-01-01 10:00:00,0.9999904632568359,1,0,0.3142857253551483,-1,VP0232532,MH0201710
419,2025-01-01 05:10:00,2025-01-01 11:00:00,0.9679585099220276,1,0,0.1428571492433548,-1,VP0232532,HS1314237
419,2025-01-01 06:10:00,2025-01-01 12:00:00,0.5966850519180298,1,0,0.0,-1,VP0232532,HS1313140
419,2025-01-01 07:10:00,2025-01-01 13:00:00,0.8037871718406677,1,0,0.0,-1,VP0232532,HS1313925
419,2025-01-01 08:10:00,2025-01-01 14:00:00,0.9807854294776917,1,0,0.0,-1,VP0232532,HS1313925
419,2025-01-01 09:10:00,2025-01-01 15:00:00,0.979407548904419,1,0,0.0,-1,VP0232532,HS1313925
419,2025-01-01 10:10:00,2025-01-01 16:00:00,0.9782880544662476,1,0,0.0,-1,VP0232532,HS1313925
419,2025-01-01 11:10:00,2025-01-01 17:00:00,0.9776462912559509,1,0,0.0,-1,VP0232532,HS1313925
419,2025-01-01 12:10:00,2025-01-01 18:00:00,0.9781708121299744,1,0,0.0,-1,VP0232532,HS1313925
419,2025-01-01 13:10:00,2025-01-01 19:00:00,0.9781342148780823,1,0,0.0,-1,VP0232532,HS1313925
419,2025-01-01 14:10:00,2025-01-01 20:00:00,0.9784218072891235,1,0,0.0,-1,VP0232532,HS1313001
419,2025-01-01 15:10:00,2025-01-01 21:00:00,0.9776451587677002,1,0,0.0,-1,VP0232532,HS1313001
419,2025-01-01 16:10:00,2025-01-01 22:00:00,0.9836253523826599,1,0,0.0,-1,VP0232532,HS1313001
419,2025-01-01 17:10:00,2025-01-01 23:00:00,0.9918613433837891,1,0,0.0,-1,VP0232532,HS1313298
419,2025-01-01 18:10:00,2025-01-02 00:00:00,0.9948063492774963,1,0,0.0,-1,VP0232532,HS1313298
419,2025-01-01 19:10:00,2025-01-02 01:00:00,0.9956316947937012,1,0,0.0,-1,VP0232532,HS1313298
419,2025-01-01 20:10:00,2025-01-02 02:00:00,0.9945078492164612,1,0,0.0,-1,VP0232532,HS1313298
419,2025-01-01 21:10:00,2025-01-02 03:00:00,0.9907868504524231,1,0,0.0,-1,VP0232532,HS1313298
419,2025-01-01 22:10:00,2025-01-02 04:00:00,0.9823482632637024,1,0,0.0,-1,VP0232532,HS1313298
419,2025-01-01 23:10:00,2025-01-02 05:00:00,0.9577727913856506,1,0,0.0,-1,VP0232532,HS1313298
419,2025-01-02 00:10:00,2025-01-02 06:00:00,0.938521683216095,1,0,0.0,-1,VP0232532,HS1313298
419,2025-01-02 01:10:00,2025-01-02 07:00:00,0.941824197769165,1,0,0.0,-1,VP0232532,HS1313298
419,2025-01-02 02:10:00,2025-01-02 08:00:00,0.9517198204994202,1,0,0.0,-1,VP0232532,HS1313298
419,2025-01-02 03:10:00,2025-01-02 09:00:00,0.9626453518867493,1,0,0.0,-1,VP0232532,HS1313298
419,2025-01-02 04:10:00,2025-01-02 10:00:00,0.9704563021659851,1,0,0.0,-1,VP0232532,HS1313001
419,2025-01-02 05:10:00,2025-01-02 11:00:00,0.9752529263496399,1,0,0.0,-1,VP0232532,HS1313001
419,2025-01-02 06:10:00,2025-01-02 12:00:00,0.9766478538513184,1,0,0.0,-1,VP0232532,HS1313001
419,2025-01-02 07:10:00,2025-01-02 13:00:00,0.9772613048553467,1,0,0.0,-1,VP0232532,HS1313925
419,2025-01-02 08:10:00,2025-01-02 14:00:00,0.9776450395584106,1,0,0.0,-1,VP0232532,HS1313925
419,2025-01-02 09:10:00,2025-01-02 15:00:00,0.9767246246337891,1,0,0.0,-1,VP0232532,HS1313925
419,2025-01-02 10:10:00,2025-01-02 16:00:00,0.976830244064331,1,0,0.0,-1,VP0232532,HS1313925
419,2025-01-02 11:10:00,2025-01-02 17:00:00,0.9772499203681946,1,0,0.0,-1,VP0232532,HS1313925
419,2025-01-02 12:10:00,2025-01-02 18:00:00,0.9775756597518921,1,0,0.0,-1,VP0232532,HS1313925
419,2025-01-02 13:10:00,2025-01-02 19:00:00,0.976869523525238,1,0,0.0,-1,VP0232532,HS1313925
419,2025-01-02 14:10:00,2025-01-02 20:00:00,0.9754815697669983,1,0,0.0,-1,VP0232532,HS1313001
419,2025-01-02 15:10:00,2025-01-02 21:00:00,0.9745275974273682,1,0,0.0,-1,VP0232532,HS1313001
419,2025-01-02 16:10:00,2025-01-02 22:00:00,0.982779324054718,1,0,0.0,-1,VP0232532,HS1313001
419,2025-01-02 17:10:00,2025-01-02 23:00:00,0.9913928508758545,1,0,0.0,-1,VP0232532,HS1313298
188,2025-01-01 00:10:00,2025-01-01 06:00:00,0.9402471780776978,1,0,0.0,-1,HS1313925,HS1313298
188,2025-01-01 01:10:00,2025-01-01 07:00:00,0.9419737458229065,1,0,0.0,-1,HS1313925,HS1313298
188,2025-01-01 02:10:00,2025-01-01 08:00:00,0.9486743211746216,1,0,0.0,-1,HS1313925,HS1313298
188,2025-01-01 03:10:00,2025-01-01 09:00:00,0.9596861600875854,1,0,0.0,-1,HS1313925,HS1313298
188,2025-01-01 04:10:00,2025-01-01 10:00:00,0.9698736667633057,1,0,0.0,-1,HS1313925,HS1313001
188,2025-01-01 05:10:00,2025-01-01 11:00:00,0.9753588438034058,1,0,0.0,-1,HS1313925,HS1313001
188,2025-01-01 06:10:00,2025-01-01 12:00:00,0.9769928455352783,1,0,0.0,-1,HS1313925,HS1313001
188,2025-01-01 07:10:00,2025-01-01 13:00:00,0.977516770362854,1,0,0.0,-1,HS1313925,HS1313925
188,2025-01-01 08:10:00,2025-01-01 14:00:00,0.9775935411453247,1,0,0.0,-1,HS1313925,HS1313925
188,2025-01-01 09:10:00,2025-01-01 15:00:00,0.9774520397186279,1,0,0.0,-1,HS1313925,HS1313925
188,2025-01-01 10:10:00,2025-01-01 16:00:00,0.9771436452865601,1,0,0.0,-1,HS1313925,HS1313925
188,2025-01-01 11:10:00,2025-01-01 17:00:00,0.9772705435752869,1,0,0.0,-1,HS1313925,HS1313925
188,2025-01-01 12:10:00,2025-01-01 18:00:00,0.9775956869125366,1,0,0.0,-1,HS1313925,HS1313925
188,2025-01-01 13:10:00,2025-01-01 19:00:00,0.9779080748558044,1,0,0.0,-1,HS1313925,HS1313925
188,2025-01-01 14:10:00,2025-01-01 20:00:00,0.9780827760696411,1,0,0.0,-1,HS1313925,HS1313001
188,2025-01-01 15:10:00,2025-01-01 21:00:00,0.9772751331329346,1,0,0.17142857611179352,-1,HS1313925,HS1313001
188,2025-01-01 16:10:00,2025-01-01 22:00:00,0.9906737208366394,1,0,0.34285715222358704,-1,HS1313925,HS1313001
188,2025-01-01 17:10:00,2025-01-01 23:00:00,0.99903404712677,1,1,0.5142857432365417,51,HS1313925,HS1313001
188,2025-01-01 18:10:00,2025-01-02 00:00:00,0.9997621178627014,1,1,0.6857143044471741,51,HS1313925,HS1313001
188,2025-01-01 19:10:00,2025-01-02 01:00:00,0.999849796295166,1,1,0.8571428656578064,51,HS1313925,HS1313001
188,2025-01-01 20:10:00,2025-01-02 02:00:00,0.9997639060020447,1,1,1.0,51,HS1313925,HS1313298
188,2025-01-01 21:10:00,2025-01-02 03:00:00,0.9993792772293091,1,1,0.8285714387893677,51,HS1313925,HS1313298
188,2025-01-01 22:10:00,2025-01-02 04:00:00,0.9966253042221069,1,1,0.6571428775787354,51,HS1313925,HS1313298
188,2025-01-01 23:10:00,2025-01-02 05:00:00,0.977523922920227,1,0,0.48571428656578064,-1,HS1313925,HS1313298
188,2025-01-02 00:10:00,2025-01-02 06:00:00,0.948183536529541,1,0,0.3142857253551483,-1,HS1313925,HS1313298
188,2025-01-02 01:10:00,2025-01-02 07:00:00,0.9425612092018127,1,0,0.1428571492433548,-1,HS1313925,HS1313298
188,2025-01-02 02:10:00,2025-01-02 08:00:00,0.950036346912384,1,0,0.0,-1,HS1313925,HS1313298
188,2025-01-02 03:10:00,2025-01-02 09:00:00,0.9615532755851746,1,0,0.0,-1,HS1313925,HS1313298
188,2025-01-02 04:10:00,2025-01-02 10:00:00,0.9705640077590942,1,0,0.0,-1,HS1313925,HS1313001
188,2025-01-02 05:10:00,2025-01-02 11:00:00,0.9758148789405823,1,0,0.0,-1,HS1313925,HS1313001
188,2025-01-02 06:10:00,2025-01-02 12:00:00,0.9774364829063416,1,0,0.0,-1,HS1313925,HS1313001
188,2025-01-02 07:10:00,2025-01-02 13:00:00,0.9775306582450867,1,0,0.0,-1,HS1313925,HS1313925
188,2025-01-02 08:10:00,2025-01-02 14:00:00,0.9773058295249939,1,0,0.0,-1,HS1313925,HS1313925
188,2025-01-02 09:10:00,2025-01-02 15:00:00,0.9772058725357056,1,0,0.0,-1,HS1313925,HS1313925
188,2025-01-02 10:10:00,2025-01-02 16:00:00,0.9775094985961914,1,0,0.0,-1,HS1313925,HS1313925
188,2025-01-02 11:10:00,2025-01-02 17:00:00,0.9780513048171997,1,0,0.0,-1,HS1313925,HS1313925
188,2025-01-02 12:10:00,2025-01-02 18:00:00,0.9781606793403625,1,0,0.0,-1,HS1313925,HS1313925
188,2025-01-02 13:10:00,2025-01-02 19:00:00,0.9780866503715515,1,0,0.0,-1,HS1313925,HS1313925
188,2025-01-02 14:10:00,2025-01-02 20:00:00,0.9775755405426025,1,0,0.0,-1,HS1313925,HS1313001
188,2025-01-02 15:10:00,2025-01-02 21:00:00,0.976628303527832,1,0,0.0,-1,HS1313925,HS1313001
188,2025-01-02 16:10:00,2025-01-02 22:00:00,0.9830076694488525,1,0,0.0,-1,HS1313925,HS1313001
188,2025-01-02 17:10:00,2025-01-02 23:00:00,0.991575300693512,1,0,0.0,-1,HS1313925,HS1313298
170,2025-01-01 00:10:00,2025-01-01 06:00:00,0.9402471780776978,1,0,0.0,-1,HS1313205,HS1313298
170,2025-01-01 01:10:00,2025-01-01 07:00:00,0.9419737458229065,1,0,0.0,-1,HS1313205,HS1313298
170,2025-01-01 02:10:00,2025-01-01 08:00:00,0.9486743211746216,1,0,0.0,-1,HS1313205,HS1313298
170,2025-01-01 03:10:00,2025-01-01 09:00:00,0.9596861600875854,1,0,0.0,-1,HS1313205,HS1313298
170,2025-01-01 04:10:00,2025-01-01 10:00:00,0.9698736667633057,1,0,0.0,-1,HS1313205,HS1313001
170,2025-01-01 05:10:00,2025-01-01 11:00:00,0.9753588438034058,1,0,0.0,-1,HS1313205,HS1313001
170,2025-01-01 06:10:00,2025-01-01 12:00:00,0.9769928455352783,1,0,0.0,-1,HS1313205,HS1313001
170,2025-01-01 07:10:00,2025-01-01 13:00:00,0.977516770362854,1,0,0.0,-1,HS1313205,HS1313925
170,2025-01-01 08:10:00,2025-01-01 14:00:00,0.9775935411453247,1,0,0.0,-1,HS1313205,HS1313925
170,2025-01-01 09:10:00,2025-01-01 15:00:00,0.9774520397186279,1,0,0.0,-1,HS1313205,HS1313925
170,2025-01-01 10:10:00,2025-01-01 16:00:00,0.9771436452865601,1,0,0.0,-1,HS1313205,HS1313925
170,2025-01-01 11:10:00,2025-01-01 17:00:00,0.9772705435752869,1,0,0.0,-1,HS1313205,HS1313925
170,2025-01-01 12:10:00,2025-01-01 18:00:00,0.9775956869125366,1,0,0.0,-1,HS1313205,HS1313925
170,2025-01-01 13:10:00,2025-01-01 19:00:00,0.9779080748558044,1,0,0.0,-1,HS1313205,HS1313925
170,2025-01-01 14:10:00,2025-01-01 20:00:00,0.9780827760696411,1,0,0.0,-1,HS1313205,HS1313001
170,2025-01-01 15:10:00,2025-01-01 21:00:00,0.8514969348907471,1,0,0.17142857611179352,-1,HS1313205,HS1313253
170,2025-01-01 16:10:00,2025-01-01 22:00:00,0.9999983310699463,1,0,0.34285715222358704,-1,HS1313205,HS1313253
170,2025-01-01 17:10:00,2025-01-01 23:00:00,1.0,1,1,0.5142857432365417,25,HS1313205,HS1313253
170,2025-01-01 18:10:00,2025-01-02 00:00:00,1.0,1,1,0.6857143044471741,25,HS1313205,HS1313253
170,2025-01-01 19:10:00,2025-01-02 01:00:00,1.0,1,1,0.8571428656578064,25,HS1313205,HS1313253
170,2025-01-01 20:10:00,2025-01-02 02:00:00,1.0,1,1,1.0,25,HS1313205,HS1313253
170,2025-01-01 21:10:00,2025-01-02 03:00:00,1.0,1,1,0.8285714387893677,25,HS1313205,HS1313253
170,2025-01-01 22:10:00,2025-01-02 04:00:00,1.0,1,1,0.6571428775787354,25,HS1313205,HS1313253
170,2025-01-01 23:10:00,2025-01-02 05:00:00,0.9998669624328613,1,0,0.48571428656578064,-1,HS1313205,HS1306571
170,2025-01-02 00:10:00,2025-01-02 06:00:00,0.012763352133333683,0,0,0.3142857253551483,-1,HS1313205,HS1306904
170,2025-01-02 01:10:00,2025-01-02 07:00:00,0.0036377578508108854,0,0,0.1428571492433548,-1,HS1313205,HS1306904
170,2025-01-02 02:10:00,2025-01-02 08:00:00,0.10595081746578217,0,0,0.0,-1,HS1313205,HS1313205
170,2025-01-02 03:10:00,2025-01-02 09:00:00,0.9594950675964355,1,0,0.0,-1,HS1313205,HS1313001
170,2025-01-02 04:10:00,2025-01-02 10:00:00,0.9705058336257935,1,0,0.0,-1,HS1313205,HS1313001
170,2025-01-02 05:10:00,2025-01-02 11:00:00,0.9750849604606628,1,0,0.0,-1,HS1313205,HS1313001
170,2025-01-02 06:10:00,2025-01-02 12:00:00,0.9755751490592957,1,0,0.0,-1,HS1313205,HS1313001
170,2025-01-02 07:10:00,2025-01-02 13:00:00,0.9771938323974609,1,0,0.0,-1,HS1313205,HS1313925
170,2025-01-02 08:10:00,2025-01-02 14:00:00,0.9779692888259888,1,0,0.0,-1,HS1313205,HS1313925
170,2025-01-02 09:10:00,2025-01-02 15:00:00,0.9774749875068665,1,0,0.0,-1,HS1313205,HS1313925
170,2025-01-02 10:10:00,2025-01-02 16:00:00,0.9772666692733765,1,0,0.0,-1,HS1313205,HS1313925
170,2025-01-02 11:10:00,2025-01-02 17:00:00,0.9774431586265564,1,0,0.0,-1,HS1313205,HS1313925
170,2025-01-02 12:10:00,2025-01-02 18:00:00,0.9777753949165344,1,0,0.0,-1,HS1313205,HS1313925
170,2025-01-02 13:10:00,2025-01-02 19:00:00,0.9778865575790405,1,0,0.0,-1,HS1313205,HS1313925
170,2025-01-02 14:10:00,2025-01-02 20:00:00,0.9762093424797058,1,0,0.0,-1,HS1313205,HS1313001
170,2025-01-02 15:10:00,2025-01-02 21:00:00,0.9755896925926208,1,0,0.0,-1,HS1313205,HS1313001
170,2025-01-02 16:10:00,2025-01-02 22:00:00,0.9828845262527466,1,0,0.0,-1,HS1313205,HS1313001
170,2025-01-02 17:10:00,2025-01-02 23:00:00,0.9912706613540649,1,0,0.0,-1,HS1313205,HS1313298
59,2025-01-01 00:10:00,2025-01-01 06:00:00,0.9999979734420776,1,1,0.6857143044471741,89,HS1316814,HS1313001
59,2025-01-01 01:10:00,2025-01-01 07:00:00,0.9999977350234985,1,1,0.8571428656578064,89,HS1316814,HS1313001
59,2025-01-01 02:10:00,2025-01-01 08:00:00,0.9999980926513672,1,1,1.0,89,HS1316814,HS1313001
59,2025-01-01 03:10:00,2025-01-01 09:00:00,0.9999990463256836,1,1,1.0,89,HS1316814,HS1313001
59,2025-01-01 04:10:00,2025-01-01 10:00:00,0.9999988079071045,1,1,1.0,89,HS1316814,HS1313001
59,2025-01-01 05:10:00,2025-01-01 11:00:00,0.9999978542327881,1,1,1.0,89,HS1316814,HS1311339
59,2025-01-01 06:10:00,2025-01-01 12:00:00,0.9999961853027344,1,1,1.0,89,HS1316814,HS1311339
59,2025-01-01 07:10:00,2025-01-01 13:00:00,0.9999932050704956,1,1,1.0,89,HS1316814,HS1313001
59,2025-01-01 08:10:00,2025-01-01 14:00:00,0.999988317489624,1,1,1.0,89,HS1316814,HS1313001
59,2025-01-01 09:10:00,2025-01-01 15:00:00,0.9999849796295166,1,1,1.0,89,HS1316814,HS1313001
59,2025-01-01 10:10:00,2025-01-01 16:00:00,0.9999926090240479,1,1,1.0,89,HS1316814,HS1313001
59,2025-01-01 11:10:00,2025-01-01 17:00:00,0.9999939203262329,1,1,1.0,89,HS1316814,HS1313001
59,2025-01-01 12:10:00,2025-01-01 18:00:00,0.999994158744812,1,1,1.0,89,HS1316814,HS1313001
59,2025-01-01 13:10:00,2025-01-01 19:00:00,0.9999935626983643,1,1,1.0,89,HS1316814,HS1313001
59,2025-01-01 14:10:00,2025-01-01 20:00:00,0.9999914169311523,1,1,1.0,89,HS1316814,HS1313001
59,2025-01-01 15:10:00,2025-01-01 21:00:00,0.9999903440475464,1,1,1.0,89,HS1316814,HS1313001
59,2025-01-01 16:10:00,2025-01-01 22:00:00,0.9999866485595703,1,1,1.0,89,HS1316814,HS1313001
59,2025-01-01 17:10:00,2025-01-01 23:00:00,0.9999978542327881,1,1,1.0,89,HS1316814,HS1313001
59,2025-01-01 18:10:00,2025-01-02 00:00:00,0.9999996423721313,1,1,1.0,89,HS1316814,HS1313001
59,2025-01-01 19:10:00,2025-01-02 01:00:00,0.9999998807907104,1,1,1.0,89,HS1316814,HS1313001
59,2025-01-01 20:10:00,2025-01-02 02:00:00,0.9999998807907104,1,1,1.0,89,HS1316814,HS1313001
59,2025-01-01 21:10:00,2025-01-02 03:00:00,0.9999997615814209,1,1,0.8285714387893677,89,HS1316814,HS1313001
59,2025-01-01 22:10:00,2025-01-02 04:00:00,0.9999867677688599,1,1,0.6571428775787354,89,HS1316814,HS1313001
59,2025-01-01 23:10:00,2025-01-02 05:00:00,0.9923517107963562,1,0,0.48571428656578064,-1,HS1316814,HS1313025
59,2025-01-02 00:10:00,2025-01-02 06:00:00,0.8307821750640869,1,0,0.3142857253551483,-1,HS1316814,HS1313298
59,2025-01-02 01:10:00,2025-01-02 07:00:00,0.8105934858322144,1,0,0.1428571492433548,-1,HS1316814,HS1313298
59,2025-01-02 02:10:00,2025-01-02 08:00:00,0.9161661863327026,1,0,0.0,-1,HS1316814,HS1313298
59,2025-01-02 03:10:00,2025-01-02 09:00:00,0.9603258967399597,1,0,0.0,-1,HS1316814,HS1313001
59,2025-01-02 04:10:00,2025-01-02 10:00:00,0.9698700904846191,1,0,0.0,-1,HS1316814,HS1313001
59,2025-01-02 05:10:00,2025-01-02 11:00:00,0.9753908514976501,1,0,0.0,-1,HS1316814,HS1313001
59,2025-01-02 06:10:00,2025-01-02 12:00:00,0.9772350192070007,1,0,0.0,-1,HS1316814,HS1313001
59,2025-01-02 07:10:00,2025-01-02 13:00:00,0.9778222441673279,1,0,0.0,-1,HS1316814,HS1313925
59,2025-01-02 08:10:00,2025-01-02 14:00:00,0.9777505397796631,1,0,0.0,-1,HS1316814,HS1313925
59,2025-01-02 09:10:00,2025-01-02 15:00:00,0.9772443771362305,1,0,0.0,-1,HS1316814,HS1313925
59,2025-01-02 10:10:00,2025-01-02 16:00:00,0.9773245453834534,1,0,0.0,-1,HS1316814,HS1313925
59,2025-01-02 11:10:00,2025-01-02 17:00:00,0.9773683547973633,1,0,0.0,-1,HS1316814,HS1313925
59,2025-01-02 12:10:00,2025-01-02 18:00:00,0.9777811169624329,1,0,0.0,-1,HS1316814,HS1313925
59,2025-01-02 13:10:00,2025-01-02 19:00:00,0.9783415794372559,1,0,0.0,-1,HS1316814,HS1313925
59,2025-01-02 14:10:00,2025-01-02 20:00:00,0.9771904349327087,1,0,0.0,-1,HS1316814,HS1313001
59,2025-01-02 15:10:00,2025-01-02 21:00:00,0.976216733455658,1,0,0.0,-1,HS1316814,HS1313001
59,2025-01-02 16:10:00,2025-01-02 22:00:00,0.9831438660621643,1,0,0.0,-1,HS1316814,HS1313001
59,2025-01-02 17:10:00,2025-01-02 23:00:00,0.9912502765655518,1,0,0.0,-1,HS1316814,HS1313298
49,2025-01-01 00:10:00,2025-01-01 06:00:00,0.9402471780776978,1,0,0.0,-1,HS1314505,HS1313298
49,2025-01-01 01:10:00,2025-01-01 07:00:00,0.9419737458229065,1,0,0.0,-1,HS1314505,HS1313298
49,2025-01-01 02:10:00,2025-01-01 08:00:00,0.9486743211746216,1,0,0.0,-1,HS1314505,HS1313298
49,2025-01-01 03:10:00,2025-01-01 09:00:00,0.9596861600875854,1,0,0.0,-1,HS1314505,HS1313298
49,2025-01-01 04:10:00,2025-01-01 10:00:00,0.9698736667633057,1,0,0.0,-1,HS1314505,HS1313001
49,2025-01-01 05:10:00,2025-01-01 11:00:00,0.9753588438034058,1,0,0.0,-1,HS1314505,HS1313001
49,2025-01-01 06:10:00,2025-01-01 12:00:00,0.9769928455352783,1,0,0.0,-1,HS1314505,HS1313001
49,2025-01-01 07:10:00,2025-01-01 13:00:00,0.977516770362854,1,0,0.0,-1,HS1314505,HS1313925
49,2025-01-01 08:10:00,2025-01-01 14:00:00,0.9775935411453247,1,0,0.0,-1,HS1314505,HS1313925
49,2025-01-01 09:10:00,2025-01-01 15:00:00,0.981381893157959,1,0,0.17142857611179352,-1,HS1314505,HS1344263
49,2025-01-01 10:10:00,2025-01-01 16:00:00,0.996682345867157,1,0,0.34285715222358704,-1,HS1314505,HS1316643
49,2025-01-01 11:10:00,2025-01-01 17:00:00,0.9999510049819946,1,1,0.5142857432365417,58,HS1314505,HS1316643
49,2025-01-01 12:10:00,2025-01-01 18:00:00,0.9999798536300659,1,1,0.6857143044471741,58,HS1314505,HS1316643
49,2025-01-01 13:10:00,2025-01-01 19:00:00,0.9999656677246094,1,1,0.8571428656578064,58,HS1314505,HS1316643
49,2025-01-01 14:10:00,2025-01-01 20:00:00,0.9999607801437378,1,1,1.0,58,HS1314505,HS1316643
49,2025-01-01 15:10:00,2025-01-01 21:00:00,0.999961256980896,1,1,1.0,58,HS1314505,HS1316643
49,2025-01-01 16:10:00,2025-01-01 22:00:00,0.999966025352478,1,1,1.0,58,HS1314505,HS1316643
49,2025-01-01 17:10:00,2025-01-01 23:00:00,0.9999635219573975,1,1,1.0,58,HS1314505,HS1344263
49,2025-01-01 18:10:00,2025-01-02 00:00:00,0.9999513626098633,1,1,1.0,58,HS1314505,HS1344263
49,2025-01-01 19:10:00,2025-01-02 01:00:00,0.9999622106552124,1,1,1.0,58,HS1314505,HS1344263
49,2025-01-01 20:10:00,2025-01-02 02:00:00,0.9999656677246094,1,1,1.0,58,HS1314505,HS1344263
49,2025-01-01 21:10:00,2025-01-02 03:00:00,0.9999411106109619,1,1,0.8285714387893677,58,HS1314505,HS1344263
49,2025-01-01 22:10:00,2025-01-02 04:00:00,0.9988127946853638,1,1,0.6571428775787354,58,HS1314505,MH0242782
49,2025-01-01 23:10:00,2025-01-02 05:00:00,0.9061005115509033,1,0,0.48571428656578064,-1,HS1314505,HS1306904
49,2025-01-02 00:10:00,2025-01-02 06:00:00,0.47233930230140686,0,0,0.3142857253551483,-1,HS1314505,HS1306904
49,2025-01-02 01:10:00,2025-01-02 07:00:00,0.6429325938224792,1,0,0.1428571492433548,-1,HS1314505,HS1306904
49,2025-01-02 02:10:00,2025-01-02 08:00:00,0.9424892067909241,1,0,0.0,-1,HS1314505,HS1313298
49,2025-01-02 03:10:00,2025-01-02 09:00:00,0.9596351981163025,1,0,0.0,-1,HS1314505,HS1313001
49,2025-01-02 04:10:00,2025-01-02 10:00:00,0.9699794054031372,1,0,0.0,-1,HS1314505,HS1313001
49,2025-01-02 05:10:00,2025-01-02 11:00:00,0.9754765629768372,1,0,0.0,-1,HS1314505,HS1313001
49,2025-01-02 06:10:00,2025-01-02 12:00:00,0.9765231013298035,1,0,0.0,-1,HS1314505,HS1313001
49,2025-01-02 07:10:00,2025-01-02 13:00:00,0.9774968028068542,1,0,0.0,-1,HS1314505,HS1313925
49,2025-01-02 08:10:00,2025-01-02 14:00:00,0.978031575679779,1,0,0.0,-1,HS1314505,HS1313925
49,2025-01-02 09:10:00,2025-01-02 15:00:00,0.9776487946510315,1,0,0.0,-1,HS1314505,HS1313925
49,2025-01-02 10:10:00,2025-01-02 16:00:00,0.9770681858062744,1,0,0.0,-1,HS1314505,HS1313925
49,2025-01-02 11:10:00,2025-01-02 17:00:00,0.976967453956604,1,0,0.0,-1,HS1314505,HS1313925
49,2025-01-02 12:10:00,2025-01-02 18:00:00,0.9773035645484924,1,0,0.0,-1,HS1314505,HS1313925
49,2025-01-02 13:10:00,2025-01-02 19:00:00,0.9773699641227722,1,0,0.0,-1,HS1314505,HS1313925
49,2025-01-02 14:10:00,2025-01-02 20:00:00,0.9756255745887756,1,0,0.0,-1,HS1314505,HS1313001
49,2025-01-02 15:10:00,2025-01-02 21:00:00,0.975653350353241,1,0,0.0,-1,HS1314505,HS1313001
49,2025-01-02 16:10:00,2025-01-02 22:00:00,0.9830384254455566,1,0,0.0,-1,HS1314505,HS1313001
49,2025-01-02 17:10:00,2025-01-02 23:00:00,0.9914787411689758,1,0,0.0,-1,HS1314505,HS1313298
345,2025-01-01 00:10:00,2025-01-01 06:00:00,0.9402471780776978,1,0,0.0,-1,HS1316202,HS1313298
345,2025-01-01 01:10:00,2025-01-01 07:00:00,0.9419737458229065,1,0,0.0,-1,HS1316202,HS1313298
345,2025-01-01 02:10:00,2025-01-01 08:00:00,0.9486743211746216,1,0,0.0,-1,HS1316202,HS1313298
345,2025-01-01 03:10:00,2025-01-01 09:00:00,0.9596861600875854,1,0,0.0,-1,HS1316202,HS1313298
345,2025-01-01 04:10:00,2025-01-01 10:00:00,0.9698736667633057,1,0,0.0,-1,HS1316202,HS1313001
345,2025-01-01 05:10:00,2025-01-01 11:00:00,0.9753588438034058,1,0,0.0,-1,HS1316202,HS1313001
345,2025-01-01 06:10:00,2025-01-01 12:00:00,0.9769928455352783,1,0,0.0,-1,HS1316202,HS1313001
345,2025-01-01 07:10:00,2025-01-01 13:00:00,0.6861025094985962,1,0,0.17142857611179352,-1,HS1316202,HS1306904
345,2025-01-01 08:10:00,2025-01-01 14:00:00,0.9985842704772949,1,0,0.34285715222358704,-1,HS1316202,HS1306601
345,2025-01-01 09:10:00,2025-01-01 15:00:00,0.999998927116394,1,1,0.5142857432365417,63,HS1316202,HS1306601
345,2025-01-01 10:10:00,2025-01-01 16:00:00,0.9999998807907104,1,1,0.6857143044471741,63,HS1316202,HS1306601
345,2025-01-01 11:10:00,2025-01-01 17:00:00,1.0,1,1,0.8571428656578064,63,HS1316202,HS1306601
345,2025-01-01 12:10:00,2025-01-01 18:00:00,0.9999998807907104,1,1,1.0,63,HS1316202,HS1306601
345,2025-01-01 13:10:00,2025-01-01 19:00:00,1.0,1,1,1.0,63,HS1316202,HS1306601
345,2025-01-01 14:10:00,2025-01-01 20:00:00,1.0,1,1,1.0,63,HS1316202,HS1306601
345,2025-01-01 15:10:00,2025-01-01 21:00:00,1.0,1,1,1.0,63,HS1316202,HS1306601
345,2025-01-01 16:10:00,2025-01-01 22:00:00,1.0,1,1,1.0,63,HS1316202,HS1306601
345,2025-01-01 17:10:00,2025-01-01 23:00:00,1.0,1,1,1.0,63,HS1316202,HS1308302
345,2025-01-01 18:10:00,2025-01-02 00:00:00,1.0,1,1,1.0,63,HS1316202,HS1308302
345,2025-01-01 19:10:00,2025-01-02 01:00:00,0.9999998807907104,1,1,1.0,63,HS1316202,HS1313835
345,2025-01-01 20:10:00,2025-01-02 02:00:00,0.999995231628418,1,1,1.0,63,HS1316202,HS1316563
345,2025-01-01 21:10:00,2025-01-02 03:00:00,0.9999579191207886,1,1,1.0,63,HS1316202,HS1316563
345,2025-01-01 22:10:00,2025-01-02 04:00:00,0.9999988079071045,1,1,1.0,63,HS1316202,HS1306904
345,2025-01-01 23:10:00,2025-01-02 05:00:00,0.9999996423721313,1,1,1.0,63,HS1316202,HS1308302
345,2025-01-02 00:10:00,2025-01-02 06:00:00,1.0,1,1,1.0,63,HS1316202,HS1308302
345,2025-01-02 01:10:00,2025-01-02 07:00:00,1.0,1,1,1.0,63,HS1316202,HS1308302
345,2025-01-02 02:10:00,2025-01-02 08:00:00,1.0,1,1,1.0,63,HS1316202,HS1308302
345,2025-01-02 03:10:00,2025-01-02 09:00:00,1.0,1,1,1.0,63,HS1316202,HS1308302
345,2025-01-02 04:10:00,2025-01-02 10:00:00,0.9999998807907104,1,1,1.0,63,HS1316202,HS1313140
345,2025-01-02 05:10:00,2025-01-02 11:00:00,1.0,1,1,1.0,63,HS1316202,HS1306601
345,2025-01-02 06:10:00,2025-01-02 12:00:00,1.0,1,1,1.0,63,HS1316202,HS1306601
345,2025-01-02 07:10:00,2025-01-02 13:00:00,0.9999998807907104,1,1,0.8285714387893677,63,HS1316202,HS1306601
345,2025-01-02 08:10:00,2025-01-02 14:00:00,0.9999927282333374,1,1,0.6571428775787354,63,HS1316202,HS1306601
345,2025-01-02 09:10:00,2025-01-02 15:00:00,0.9772049784660339,1,0,0.48571428656578064,-1,HS1316202,HS1306601
345,2025-01-02 10:10:00,2025-01-02 16:00:00,0.48050281405448914,0,0,0.3142857253551483,-1,HS1316202,HS1313835
345,2025-01-02 11:10:00,2025-01-02 17:00:00,0.36322396993637085,0,0,0.1428571492433548,-1,HS1316202,HS1306904
345,2025-01-02 12:10:00,2025-01-02 18:00:00,0.9616858959197998,1,0,0.0,-1,HS1316202,HS1313001
345,2025-01-02 13:10:00,2025-01-02 19:00:00,0.9779950976371765,1,0,0.0,-1,HS1316202,HS1313001
345,2025-01-02 14:10:00,2025-01-02 20:00:00,0.9772266149520874,1,0,0.0,-1,HS1316202,HS1313001
345,2025-01-02 15:10:00,2025-01-02 21:00:00,0.9762848019599915,1,0,0.0,-1,HS1316202,HS1313001
345,2025-01-02 16:10:00,2025-01-02 22:00:00,0.9831610321998596,1,0,0.0,-1,HS1316202,HS1313001
345,2025-01-02 17:10:00,2025-01-02 23:00:00,0.9915938377380371,1,0,0.0,-1,HS1316202,HS1313298
236,2025-01-01 00:10:00,2025-01-01 06:00:00,0.9402471780776978,1,0,0.0,-1,HS1313597,HS1313298
236,2025-01-01 01:10:00,2025-01-01 07:00:00,0.9419737458229065,1,0,0.0,-1,HS1313597,HS1313298
236,2025-01-01 02:10:00,2025-01-01 08:00:00,0.9486743211746216,1,0,0.0,-1,HS1313597,HS1313298
236,2025-01-01 03:10:00,2025-01-01 09:00:00,0.9596861600875854,1,0,0.0,-1,HS1313597,HS1313298
236,2025-01-01 04:10:00,2025-01-01 10:00:00,0.9698736667633057,1,0,0.0,-1,HS1313597,HS1313001
236,2025-01-01 05:10:00,2025-01-01 11:00:00,0.9753588438034058,1,0,0.0,-1,HS1313597,HS1313001
236,2025-01-01 06:10:00,2025-01-01 12:00:00,0.9769928455352783,1,0,0.0,-1,HS1313597,HS1313001
236,2025-01-01 07:10:00,2025-01-01 13:00:00,0.977516770362854,1,0,0.0,-1,HS1313597,HS1313925
236,2025-01-01 08:10:00,2025-01-01 14:00:00,0.9775935411453247,1,0,0.0,-1,HS1313597,HS1313925
236,2025-01-01 09:10:00,2025-01-01 15:00:00,0.9774520397186279,1,0,0.0,-1,HS1313597,HS1313925
236,2025-01-01 10:10:00,2025-01-01 16:00:00,0.9771436452865601,1,0,0.0,-1,HS1313597,HS1313925
236,2025-01-01 11:10:00,2025-01-01 17:00:00,0.9772705435752869,1,0,0.0,-1,HS1313597,HS1313925
236,2025-01-01 12:10:00,2025-01-01 18:00:00,0.9775956869125366,1,0,0.0,-1,HS1313597,HS1313925
236,2025-01-01 13:10:00,2025-01-01 19:00:00,0.9779080748558044,1,0,0.0,-1,HS1313597,HS1313925
236,2025-01-01 14:10:00,2025-01-01 20:00:00,0.9780827760696411,1,0,0.0,-1,HS1313597,HS1313001
236,2025-01-01 15:10:00,2025-01-01 21:00:00,0.5168309807777405,1,0,0.17142857611179352,-1,HS1313597,HS1306904
236,2025-01-01 16:10:00,2025-01-01 22:00:00,0.9997896552085876,1,0,0.34285715222358704,-1,HS1313597,HS1306904
236,2025-01-01 17:10:00,2025-01-01 23:00:00,0.9999997615814209,1,1,0.5142857432365417,40,HS1313597,HS1306601
236,2025-01-01 18:10:00,2025-01-02 00:00:00,1.0,1,1,0.6857143044471741,40,HS1313597,HS1306601
236,2025-01-01 19:10:00,2025-01-02 01:00:00,1.0,1,1,0.8571428656578064,40,HS1313597,HS1306601
236,2025-01-01 20:10:00,2025-01-02 02:00:00,1.0,1,1,1.0,40,HS1313597,HS1306601
236,2025-01-01 21:10:00,2025-01-02 03:00:00,1.0,1,1,1.0,40,HS1313597,HS1306601
236,2025-01-01 22:10:00,2025-01-02 04:00:00,1.0,1,1,1.0,40,HS1313597,HS1306601
236,2025-01-01 23:10:00,2025-01-02 05:00:00,1.0,1,1,1.0,40,HS1313597,HS1306601
236,2025-01-02 00:10:00,2025-01-02 06:00:00,1.0,1,1,1.0,40,HS1313597,HS1306601
236,2025-01-02 01:10:00,2025-01-02 07:00:00,1.0,1,1,1.0,40,HS1313597,HS1306601
236,2025-01-02 02:10:00,2025-01-02 08:00:00,1.0,1,1,1.0,40,HS1313597,HS1306601
236,2025-01-02 03:10:00,2025-01-02 09:00:00,1.0,1,1,1.0,40,HS1313597,HS1306601
236,2025-01-02 04:10:00,2025-01-02 10:00:00,0.9999998807907104,1,1,1.0,40,HS1313597,HS1306601
236,2025-01-02 05:10:00,2025-01-02 11:00:00,0.9999998807907104,1,1,1.0,40,HS1313597,HS1306601
236,2025-01-02 06:10:00,2025-01-02 12:00:00,0.9999998807907104,1,1,1.0,40,HS1313597,HS1306601
236,2025-01-02 07:10:00,2025-01-02 13:00:00,0.9999998807907104,1,1,1.0,40,HS1313597,HS1306601
236,2025-01-02 08:10:00,2025-01-02 14:00:00,0.9999998807907104,1,1,1.0,40,HS1313597,HS1306601
236,2025-01-02 09:10:00,2025-01-02 15:00:00,0.9999998807907104,1,1,0.8285714387893677,40,HS1313597,HS1306601
236,2025-01-02 10:10:00,2025-01-02 16:00:00,0.9999897480010986,1,1,0.6571428775787354,40,HS1313597,HS1306601
236,2025-01-02 11:10:00,2025-01-02 17:00:00,0.9778271317481995,1,0,0.48571428656578064,-1,HS1313597,HS1306601
236,2025-01-02 12:10:00,2025-01-02 18:00:00,0.45044612884521484,0,0,0.3142857253551483,-1,HS1313597,HS1306904
236,2025-01-02 13:10:00,2025-01-02 19:00:00,0.49907970428466797,0,0,0.1428571492433548,-1,HS1313597,HS1313001
236,2025-01-02 14:10:00,2025-01-02 20:00:00,0.9716354608535767,1,0,0.0,-1,HS1313597,HS1313001
236,2025-01-02 15:10:00,2025-01-02 21:00:00,0.9764116406440735,1,0,0.0,-1,HS1313597,HS1313001
236,2025-01-02 16:10:00,2025-01-02 22:00:00,0.9829443097114563,1,0,0.0,-1,HS1313597,HS1313001
236,2025-01-02 17:10:00,2025-01-02 23:00:00,0.9915055632591248,1,0,0.0,-1,HS1313597,HS1313298
253,2025-01-01 00:10:00,2025-01-01 06:00:00,0.9999997615814209,1,1,1.0,3,HS1306571,HS1313140
253,2025-01-01 01:10:00,2025-01-01 07:00:00,1.0,1,1,1.0,3,HS1306571,HS1313140
253,2025-01-01 02:10:00,2025-01-01 08:00:00,1.0,1,1,1.0,3,HS1306571,HS1313140
253,2025-01-01 03:10:00,2025-01-01 09:00:00,1.0,1,1,1.0,3,HS1306571,HS1313140
253,2025-01-01 04:10:00,2025-01-01 10:00:00,1.0,1,1,1.0,3,HS1306571,HS1313140
253,2025-01-01 05:10:00,2025-01-01 11:00:00,1.0,1,1,1.0,3,HS1306571,HS1313140
253,2025-01-01 06:10:00,2025-01-01 12:00:00,1.0,1,1,1.0,3,HS1306571,HS1313140
253,2025-01-01 07:10:00,2025-01-01 13:00:00,1.0,1,1,1.0,3,HS1306571,HS1313140
253,2025-01-01 08:10:00,2025-01-01 14:00:00,1.0,1,1,1.0,3,HS1306571,HS1313140
253,2025-01-01 09:10:00,2025-01-01 15:00:00,1.0,1,1,1.0,3,HS1306571,HS1313140
253,2025-01-01 10:10:00,2025-01-01 16:00:00,1.0,1,1,1.0,3,HS1306571,HS1313140
253,2025-01-01 11:10:00,2025-01-01 17:00:00,1.0,1,1,1.0,3,HS1306571,HS1313140
253,2025-01-01 12:10:00,2025-01-01 18:00:00,1.0,1,1,1.0,3,HS1306571,HS1313140
253,2025-01-01 13:10:00,2025-01-01 19:00:00,1.0,1,1,0.8285714387893677,3,HS1306571,HS1313140
253,2025-01-01 14:10:00,2025-01-01 20:00:00,1.0,1,1,0.6571428775787354,3,HS1306571,HS1313140
253,2025-01-01 15:10:00,2025-01-01 21:00:00,0.9950526356697083,1,0,0.48571428656578064,-1,HS1306571,HS1313140
253,2025-01-01 16:10:00,2025-01-01 22:00:00,0.18943916261196136,0,0,0.3142857253551483,-1,HS1306571,HS1313140
253,2025-01-01 17:10:00,2025-01-01 23:00:00,0.0308830589056015,0,0,0.1428571492433548,-1,HS1306571,HS1313140
253,2025-01-01 18:10:00,2025-01-02 00:00:00,0.39773333072662354,0,0,0.0,-1,HS1306571,HS1313140
253,2025-01-01 19:10:00,2025-01-02 01:00:00,0.9956003427505493,1,0,0.0,-1,HS1306571,HS1313298
253,2025-01-01 20:10:00,2025-01-02 02:00:00,0.994408369064331,1,0,0.0,-1,HS1306571,HS1313298
253,2025-01-01 21:10:00,2025-01-02 03:00:00,0.9905684590339661,1,0,0.0,-1,HS1306571,HS1313298
253,2025-01-01 22:10:00,2025-01-02 04:00:00,0.9821015000343323,1,0,0.0,-1,HS1306571,HS1313298
253,2025-01-01 23:10:00,2025-01-02 05:00:00,0.957714855670929,1,0,0.0,-1,HS1306571,HS1313298
253,2025-01-02 00:10:00,2025-01-02 06:00:00,0.9358920454978943,1,0,0.0,-1,HS1306571,HS1313298
253,2025-01-02 01:10:00,2025-01-02 07:00:00,0.9414987564086914,1,0,0.0,-1,HS1306571,HS1313298
253,2025-01-02 02:10:00,2025-01-02 08:00:00,0.9519452452659607,1,0,0.0,-1,HS1306571,HS1313298
253,2025-01-02 03:10:00,2025-01-02 09:00:00,0.9631104469299316,1,0,0.0,-1,HS1306571,HS1313298
253,2025-01-02 04:10:00,2025-01-02 10:00:00,0.9705502986907959,1,0,0.0,-1,HS1306571,HS1313001
253,2025-01-02 05:10:00,2025-01-02 11:00:00,0.9751851558685303,1,0,0.0,-1,HS1306571,HS1313001
253,2025-01-02 06:10:00,2025-01-02 12:00:00,0.9765375852584839,1,0,0.0,-1,HS1306571,HS1313001
253,2025-01-02 07:10:00,2025-01-02 13:00:00,0.9772329926490784,1,0,0.0,-1,HS1306571,HS1313925
253,2025-01-02 08:10:00,2025-01-02 14:00:00,0.9776731729507446,1,0,0.0,-1,HS1306571,HS1313925
253,2025-01-02 09:10:00,2025-01-02 15:00:00,0.9768138527870178,1,0,0.0,-1,HS1306571,HS1313925
253,2025-01-02 10:10:00,2025-01-02 16:00:00,0.9769546985626221,1,0,0.0,-1,HS1306571,HS1313925
253,2025-01-02 11:10:00,2025-01-02 17:00:00,0.9773613214492798,1,0,0.0,-1,HS1306571,HS1313925
253,2025-01-02 12:10:00,2025-01-02 18:00:00,0.9775735139846802,1,0,0.0,-1,HS1306571,HS1313925
253,2025-01-02 13:10:00,2025-01-02 19:00:00,0.977314829826355,1,0,0.0,-1,HS1306571,HS1313925
253,2025-01-02 14:10:00,2025-01-02 20:00:00,0.9759986400604248,1,0,0.0,-1,HS1306571,HS1313001
253,2025-01-02 15:10:00,2025-01-02 21:00:00,0.9746958613395691,1,0,0.0,-1,HS1306571,HS1313001
253,2025-01-02 16:10:00,2025-01-02 22:00:00,0.9826850295066833,1,0,0.0,-1,HS1306571,HS1313001
253,2025-01-02 17:10:00,2025-01-02 23:00:00,0.9913259148597717,1,0,0.0,-1,HS1306571,HS1313298
22,2025-01-01 00:10:00,2025-01-01 06:00:00,0.9995322227478027,1,1,0.6857143044471741,6,HS1308259,HS1344263
22,2025-01-01 01:10:00,2025-01-01 07:00:00,0.9996334314346313,1,1,0.8571428656578064,6,HS1308259,HS1344263
22,2025-01-01 02:10:00,2025-01-01 08:00:00,0.9997575879096985,1,1,1.0,6,HS1308259,HS1344263
22,2025-01-01 03:10:00,2025-01-01 09:00:00,0.9999287128448486,1,1,1.0,6,HS1308259,HS1344263
22,2025-01-01 04:10:00,2025-01-01 10:00:00,0.9999427795410156,1,1,1.0,6,HS1308259,HS1344263
22,2025-01-01 05:10:00,2025-01-01 11:00:00,0.9998947381973267,1,1,1.0,6,HS1308259,HS1344263
22,2025-01-01 06:10:00,2025-01-01 12:00:00,0.9998212456703186,1,1,1.0,6,HS1308259,HS1344263
22,2025-01-01 07:10:00,2025-01-01 13:00:00,0.9998149275779724,1,1,1.0,6,HS1308259,HS1344263
22,2025-01-01 08:10:00,2025-01-01 14:00:00,0.9998157620429993,1,1,1.0,6,HS1308259,HS1344263
22,2025-01-01 09:10:00,2025-01-01 15:00:00,0.9994057416915894,1,1,0.8285714387893677,6,HS1308259,HS1344263
22,2025-01-01 10:10:00,2025-01-01 16:00:00,0.9869286417961121,1,1,0.6571428775787354,6,HS1308259,HS1344263
22,2025-01-01 11:10:00,2025-01-01 17:00:00,0.7675068974494934,1,0,0.48571428656578064,-1,HS1308259,HS1313205
22,2025-01-01 12:10:00,2025-01-01 18:00:00,0.5743713974952698,1,0,0.3142857253551483,-1,HS1308259,HS1313205
22,2025-01-01 13:10:00,2025-01-01 19:00:00,0.9396531581878662,1,0,0.1428571492433548,-1,HS1308259,HS1313001
22,2025-01-01 14:10:00,2025-01-01 20:00:00,0.9779080748558044,1,0,0.0,-1,HS1308259,HS1313001
22,2025-01-01 15:10:00,2025-01-01 21:00:00,0.9775441288948059,1,0,0.0,-1,HS1308259,HS1313001
22,2025-01-01 16:10:00,2025-01-01 22:00:00,0.9832178354263306,1,0,0.0,-1,HS1308259,HS1313001
22,2025-01-01 17:10:00,2025-01-01 23:00:00,0.9914252758026123,1,0,0.0,-1,HS1308259,HS1313298
22,2025-01-01 18:10:00,2025-01-02 00:00:00,0.9946660995483398,1,0,0.0,-1,HS1308259,HS1313298
22,2025-01-01 19:10:00,2025-01-02 01:00:00,0.9955671429634094,1,0,0.0,-1,HS1308259,HS1313298
22,2025-01-01 20:10:00,2025-01-02 02:00:00,0.9944306015968323,1,0,0.0,-1,HS1308259,HS1313298
22,2025-01-01 21:10:00,2025-01-02 03:00:00,0.9908655285835266,1,0,0.0,-1,HS1308259,HS1313298
22,2025-01-01 22:10:00,2025-01-02 04:00:00,0.9821374416351318,1,0,0.0,-1,HS1308259,HS1313298
22,2025-01-01 23:10:00,2025-01-02 05:00:00,0.9565752148628235,1,0,0.0,-1,HS1308259,HS1313298
22,2025-01-02 00:10:00,2025-01-02 06:00:00,0.9360281825065613,1,0,0.0,-1,HS1308259,HS1313298
22,2025-01-02 01:10:00,2025-01-02 07:00:00,0.9429450631141663,1,0,0.0,-1,HS1308259,HS1313298
22,2025-01-02 02:10:00,2025-01-02 08:00:00,0.9509774446487427,1,0,0.0,-1,HS1308259,HS1313298
22,2025-01-02 03:10:00,2025-01-02 09:00:00,0.9614548683166504,1,0,0.0,-1,HS1308259,HS1313298
22,2025-01-02 04:10:00,2025-01-02 10:00:00,0.9703942537307739,1,0,0.0,-1,HS1308259,HS1313001
22,2025-01-02 05:10:00,2025-01-02 11:00:00,0.9754483699798584,1,0,0.0,-1,HS1308259,HS1313001
22,2025-01-02 06:10:00,2025-01-02 12:00:00,0.9772292375564575,1,0,0.0,-1,HS1308259,HS1313001
22,2025-01-02 07:10:00,2025-01-02 13:00:00,0.9775133728981018,1,0,0.0,-1,HS1308259,HS1313925
22,2025-01-02 08:10:00,2025-01-02 14:00:00,0.9773468375205994,1,0,0.0,-1,HS1308259,HS1313925
22,2025-01-02 09:10:00,2025-01-02 15:00:00,0.9771547913551331,1,0,0.0,-1,HS1308259,HS1313925
22,2025-01-02 10:10:00,2025-01-02 16:00:00,0.9773361086845398,1,0,0.0,-1,HS1308259,HS1313925
22,2025-01-02 11:10:00,2025-01-02 17:00:00,0.9778098464012146,1,0,0.0,-1,HS1308259,HS1313925
22,2025-01-02 12:10:00,2025-01-02 18:00:00,0.9777071475982666,1,0,0.0,-1,HS1308259,HS1313925
22,2025-01-02 13:10:00,2025-01-02 19:00:00,0.9779762625694275,1,0,0.0,-1,HS1308259,HS1313925
22,2025-01-02 14:10:00,2025-01-02 20:00:00,0.9777612686157227,1,0,0.0,-1,HS1308259,HS1313001
22,2025-01-02 15:10:00,2025-01-02 21:00:00,0.9769326448440552,1,0,0.0,-1,HS1308259,HS1313001
22,2025-01-02 16:10:00,2025-01-02 22:00:00,0.9831598401069641,1,0,0.0,-1,HS1308259,HS1313001
22,2025-01-02 17:10:00,2025-01-02 23:00:00,0.9916538596153259,1,0,0.0,-1,HS1308259,HS1313298
314,2025-01-01 00:10:00,2025-01-01 06:00:00,1.0,1,1,1.0,33,HS1313402,HS1313402
314,2025-01-01 01:10:00,2025-01-01 07:00:00,1.0,1,1,1.0,33,HS1313402,HS1313402
314,2025-01-01 02:10:00,2025-01-01 08:00:00,1.0,1,1,1.0,33,HS1313402,MH0101924
314,2025-01-01 03:10:00,2025-01-01 09:00:00,1.0,1,1,1.0,33,HS1313402,MH0101924
314,2025-01-01 04:10:00,2025-01-01 10:00:00,1.0,1,1,1.0,33,HS1313402,MH0101924
314,2025-01-01 05:10:00,2025-01-01 11:00:00,1.0,1,1,1.0,33,HS1313402,MH0101924
314,2025-01-01 06:10:00,2025-01-01 12:00:00,1.0,1,1,1.0,33,HS1313402,MH0101924
314,2025-01-01 07:10:00,2025-01-01 13:00:00,1.0,1,1,1.0,33,HS1313402,MH0101924
314,2025-01-01 08:10:00,2025-01-01 14:00:00,1.0,1,1,1.0,33,HS1313402,MH0101924
314,2025-01-01 09:10:00,2025-01-01 15:00:00,1.0,1,1,1.0,33,HS1313402,MH0101924
314,2025-01-01 10:10:00,2025-01-01 16:00:00,1.0,1,1,1.0,33,HS1313402,MH0101924
314,2025-01-01 11:10:00,2025-01-01 17:00:00,1.0,1,1,1.0,33,HS1313402,MH0101924
314,2025-01-01 12:10:00,2025-01-01 18:00:00,1.0,1,1,1.0,33,HS1313402,MH0101924
314,2025-01-01 13:10:00,2025-01-01 19:00:00,1.0,1,1,0.8285714387893677,33,HS1313402,HS1313140
314,2025-01-01 14:10:00,2025-01-01 20:00:00,0.9999998807907104,1,1,0.6571428775787354,33,HS1313402,HS1313140
314,2025-01-01 15:10:00,2025-01-01 21:00:00,0.9983673691749573,1,0,0.48571428656578064,-1,HS1313402,HS1313140
314,2025-01-01 16:10:00,2025-01-01 22:00:00,0.3826553225517273,0,0,0.3142857253551483,-1,HS1313402,HS1313140
314,2025-01-01 17:10:00,2025-01-01 23:00:00,0.07040904462337494,0,0,0.1428571492433548,-1,HS1313402,HS1306904
314,2025-01-01 18:10:00,2025-01-02 00:00:00,0.7855908274650574,1,0,0.0,-1,HS1313402,HS1313205
314,2025-01-01 19:10:00,2025-01-02 01:00:00,0.9956875443458557,1,0,0.0,-1,HS1313402,HS1313298
314,2025-01-01 20:10:00,2025-01-02 02:00:00,0.9945587515830994,1,0,0.0,-1,HS1313402,HS1313298
314,2025-01-01 21:10:00,2025-01-02 03:00:00,0.990810751914978,1,0,0.0,-1,HS1313402,HS1313298
314,2025-01-01 22:10:00,2025-01-02 04:00:00,0.9822355508804321,1,0,0.0,-1,HS1313402,HS1313298
314,2025-01-01 23:10:00,2025-01-02 05:00:00,0.9571254253387451,1,0,0.0,-1,HS1313402,HS1313298
314,2025-01-02 00:10:00,2025-01-02 06:00:00,0.9373825192451477,1,0,0.0,-1,HS1313402,HS1313298
314,2025-01-02 01:10:00,2025-01-02 07:00:00,0.9409816861152649,1,0,0.0,-1,HS1313402,HS1313298
314,2025-01-02 02:10:00,2025-01-02 08:00:00,0.9512675404548645,1,0,0.0,-1,HS1313402,HS1313298
314,2025-01-02 03:10:00,2025-01-02 09:00:00,0.9623109698295593,1,0,0.0,-1,HS1313402,HS1313298
314,2025-01-02 04:10:00,2025-01-02 10:00:00,0.970446765422821,1,0,0.0,-1,HS1313402,HS1313001
314,2025-01-02 05:10:00,2025-01-02 11:00:00,0.9753555655479431,1,0,0.0,-1,HS1313402,HS1313001
314,2025-01-02 06:10:00,2025-01-02 12:00:00,0.9767771363258362,1,0,0.0,-1,HS1313402,HS1313001
314,2025-01-02 07:10:00,2025-01-02 13:00:00,0.977293074131012,1,0,0.0,-1,HS1313402,HS1313925
314,2025-01-02 08:10:00,2025-01-02 14:00:00,0.9776079058647156,1,0,0.0,-1,HS1313402,HS1313925
314,2025-01-02 09:10:00,2025-01-02 15:00:00,0.9770805835723877,1,0,0.0,-1,HS1313402,HS1313925
314,2025-01-02 10:10:00,2025-01-02 16:00:00,0.9769534468650818,1,0,0.0,-1,HS1313402,HS1313925
314,2025-01-02 11:10:00,2025-01-02 17:00:00,0.9771561622619629,1,0,0.0,-1,HS1313402,HS1313925
314,2025-01-02 12:10:00,2025-01-02 18:00:00,0.9771867394447327,1,0,0.0,-1,HS1313402,HS1313925
314,2025-01-02 13:10:00,2025-01-02 19:00:00,0.9767149090766907,1,0,0.0,-1,HS1313402,HS1313925
314,2025-01-02 14:10:00,2025-01-02 20:00:00,0.9755848050117493,1,0,0.0,-1,HS1313402,HS1313001
314,2025-01-02 15:10:00,2025-01-02 21:00:00,0.9747573733329773,1,0,0.0,-1,HS1313402,HS1313001
314,2025-01-02 16:10:00,2025-01-02 22:00:00,0.9825167059898376,1,0,0.0,-1,HS1313402,HS1313001
314,2025-01-02 17:10:00,2025-01-02 23:00:00,0.9913506507873535,1,0,0.0,-1,HS1313402,HS1313298
161,2025-01-01 00:10:00,2025-01-01 06:00:00,0.9402471780776978,1,0,0.0,-1,HS1313835,HS1313298
161,2025-01-01 01:10:00,2025-01-01 07:00:00,0.9419737458229065,1,0,0.0,-1,HS1313835,HS1313298
161,2025-01-01 02:10:00,2025-01-01 08:00:00,0.9486743211746216,1,0,0.0,-1,HS1313835,HS1313298
161,2025-01-01 03:10:00,2025-01-01 09:00:00,0.9596861600875854,1,0,0.0,-1,HS1313835,HS1313298
161,2025-01-01 04:10:00,2025-01-01 10:00:00,0.9698736667633057,1,0,0.0,-1,HS1313835,HS1313001
161,2025-01-01 05:10:00,2025-01-01 11:00:00,0.9753588438034058,1,0,0.0,-1,HS1313835,HS1313001
161,2025-01-01 06:10:00,2025-01-01 12:00:00,0.9769928455352783,1,0,0.0,-1,HS1313835,HS1313001
161,2025-01-01 07:10:00,2025-01-01 13:00:00,0.977516770362854,1,0,0.0,-1,HS1313835,HS1313925
161,2025-01-01 08:10:00,2025-01-01 14:00:00,0.9775935411453247,1,0,0.0,-1,HS1313835,HS1313925
161,2025-01-01 09:10:00,2025-01-01 15:00:00,0.9774520397186279,1,0,0.0,-1,HS1313835,HS1313925
161,2025-01-01 10:10:00,2025-01-01 16:00:00,0.9771436452865601,1,0,0.0,-1,HS1313835,HS1313925
161,2025-01-01 11:10:00,2025-01-01 17:00:00,0.9772705435752869,1,0,0.0,-1,HS1313835,HS1313925
161,2025-01-01 12:10:00,2025-01-01 18:00:00,0.9775956869125366,1,0,0.0,-1,HS1313835,HS1313925
161,2025-01-01 13:10:00,2025-01-01 19:00:00,0.9779080748558044,1,0,0.0,-1,HS1313835,HS1313925
161,2025-01-01 14:10:00,2025-01-01 20:00:00,0.9780827760696411,1,0,0.0,-1,HS1313835,HS1313001
161,2025-01-01 15:10:00,2025-01-01 21:00:00,0.43601661920547485,0,0,0.17142857611179352,-1,HS1313835,HS1306904
161,2025-01-01 16:10:00,2025-01-01 22:00:00,0.9997650980949402,1,0,0.34285715222358704,-1,HS1313835,HS1306904
161,2025-01-01 17:10:00,2025-01-01 23:00:00,0.9999995231628418,1,1,0.5142857432365417,48,HS1313835,HS1306904
161,2025-01-01 18:10:00,2025-01-02 00:00:00,0.9999998807907104,1,1,0.6857143044471741,48,HS1313835,HS1306904
161,2025-01-01 19:10:00,2025-01-02 01:00:00,1.0,1,1,0.8571428656578064,48,HS1313835,HS1306904
161,2025-01-01 20:10:00,2025-01-02 02:00:00,1.0,1,1,1.0,48,HS1313835,HS1306904
161,2025-01-01 21:10:00,2025-01-02 03:00:00,1.0,1,1,1.0,48,HS1313835,HS1306904
161,2025-01-01 22:10:00,2025-01-02 04:00:00,1.0,1,1,1.0,48,HS1313835,HS1308302
161,2025-01-01 23:10:00,2025-01-02 05:00:00,0.9999998807907104,1,1,1.0,48,HS1313835,HS1308302
161,2025-01-02 00:10:00,2025-01-02 06:00:00,0.9999998807907104,1,1,1.0,48,HS1313835,HS1306904
161,2025-01-02 01:10:00,2025-01-02 07:00:00,0.9999998807907104,1,1,1.0,48,HS1313835,HS1306601
161,2025-01-02 02:10:00,2025-01-02 08:00:00,1.0,1,1,1.0,48,HS1313835,HS1306601
161,2025-01-02 03:10:00,2025-01-02 09:00:00,1.0,1,1,0.8285714387893677,48,HS1313835,HS1306601
161,2025-01-02 04:10:00,2025-01-02 10:00:00,0.9999992847442627,1,1,0.6571428775787354,48,HS1313835,HS1306601
161,2025-01-02 05:10:00,2025-01-02 11:00:00,0.9465535283088684,1,0,0.48571428656578064,-1,HS1313835,HS1306601
161,2025-01-02 06:10:00,2025-01-02 12:00:00,0.13865944743156433,0,0,0.3142857253551483,-1,HS1313835,HS1306904
161,2025-01-02 07:10:00,2025-01-02 13:00:00,0.09132348001003265,0,0,0.1428571492433548,-1,HS1313835,HS1313140
161,2025-01-02 08:10:00,2025-01-02 14:00:00,0.5554155111312866,1,0,0.0,-1,HS1313835,HS1313205
161,2025-01-02 09:10:00,2025-01-02 15:00:00,0.9774699211120605,1,0,0.0,-1,HS1313835,HS1313925
161,2025-01-02 10:10:00,2025-01-02 16:00:00,0.9773582220077515,1,0,0.0,-1,HS1313835,HS1313925
161,2025-01-02 11:10:00,2025-01-02 17:00:00,0.9776104092597961,1,0,0.0,-1,HS1313835,HS1313925
161,2025-01-02 12:10:00,2025-01-02 18:00:00,0.9779595136642456,1,0,0.0,-1,HS1313835,HS1306554
161,2025-01-02 13:10:00,2025-01-02 19:00:00,0.9780492186546326,1,0,0.0,-1,HS1313835,HS1313001
161,2025-01-02 14:10:00,2025-01-02 20:00:00,0.978050708770752,1,0,0.0,-1,HS1313835,HS1313001
161,2025-01-02 15:10:00,2025-01-02 21:00:00,0.9774729013442993,1,0,0.0,-1,HS1313835,HS1313001
161,2025-01-02 16:10:00,2025-01-02 22:00:00,0.9832415580749512,1,0,0.0,-1,HS1313835,HS1313001
161,2025-01-02 17:10:00,2025-01-02 23:00:00,0.9915731549263,1,0,0.0,-1,HS1313835,HS1313298
277,2025-01-01 00:10:00,2025-01-01 06:00:00,0.9402471780776978,1,0,0.0,-1,HS1311339,HS1313298
277,2025-01-01 01:10:00,2025-01-01 07:00:00,0.9419737458229065,1,0,0.0,-1,HS1311339,HS1313298
277,2025-01-01 02:10:00,2025-01-01 08:00:00,0.9486743211746216,1,0,0.0,-1,HS1311339,HS1313298
277,2025-01-01 03:10:00,2025-01-01 09:00:00,0.9596861600875854,1,0,0.0,-1,HS1311339,HS1313298
277,2025-01-01 04:10:00,2025-01-01 10:00:00,0.9698736667633057,1,0,0.0,-1,HS1311339,HS1313001
277,2025-01-01 05:10:00,2025-01-01 11:00:00,0.9753588438034058,1,0,0.0,-1,HS1311339,HS1313001
277,2025-01-01 06:10:00,2025-01-01 12:00:00,0.9769928455352783,1,0,0.0,-1,HS1311339,HS1313001
277,2025-01-01 07:10:00,2025-01-01 13:00:00,0.489726722240448,0,0,0.17142857611179352,-1,HS1311339,HS1313298
277,2025-01-01 08:10:00,2025-01-01 14:00:00,0.8056159019470215,1,0,0.34285715222358704,-1,HS1311339,HS1314237
277,2025-01-01 09:10:00,2025-01-01 15:00:00,0.9994266033172607,1,1,0.5142857432365417,12,HS1311339,HS1306601
277,2025-01-01 10:10:00,2025-01-01 16:00:00,0.9999715089797974,1,1,0.6857143044471741,12,HS1311339,HS1314237
277,2025-01-01 11:10:00,2025-01-01 17:00:00,0.9999856948852539,1,1,0.8571428656578064,12,HS1311339,HS1314237
277,2025-01-01 12:10:00,2025-01-01 18:00:00,0.9999744892120361,1,1,1.0,12,HS1311339,HS1314237
277,2025-01-01 13:10:00,2025-01-01 19:00:00,0.99994957447052,1,1,1.0,12,HS1311339,HS1314237
277,2025-01-01 14:10:00,2025-01-01 20:00:00,0.9999445676803589,1,1,1.0,12,HS1311339,HS1314237
277,2025-01-01 15:10:00,2025-01-01 21:00:00,0.999932050704956,1,1,1.0,12,HS1311339,HS1314237
277,2025-01-01 16:10:00,2025-01-01 22:00:00,0.9999160766601562,1,1,1.0,12,HS1311339,HS1314237
277,2025-01-01 17:10:00,2025-01-01 23:00:00,0.9998687505722046,1,1,1.0,12,HS1311339,HS1314237
277,2025-01-01 18:10:00,2025-01-02 00:00:00,0.9998782873153687,1,1,1.0,12,HS1311339,HS1314237
277,2025-01-01 19:10:00,2025-01-02 01:00:00,0.9999204874038696,1,1,1.0,12,HS1311339,HS1314237
277,2025-01-01 20:10:00,2025-01-02 02:00:00,0.999946117401123,1,1,1.0,12,HS1311339,HS1314237
277,2025-01-01 21:10:00,2025-01-02 03:00:00,0.9999502897262573,1,1,1.0,12,HS1311339,HS1314237
277,2025-01-01 22:10:00,2025-01-02 04:00:00,0.9999498128890991,1,1,1.0,12,HS1311339,HS1314237
277,2025-01-01 23:10:00,2025-01-02 05:00:00,0.9999352693557739,1,1,1.0,12,HS1311339,HS1314237
277,2025-01-02 00:10:00,2025-01-02 06:00:00,0.9999290704727173,1,1,1.0,12,HS1311339,HS1314237
277,2025-01-02 01:10:00,2025-01-02 07:00:00,0.9999154806137085,1,1,0.8285714387893677,12,HS1311339,HS1314237
277,2025-01-02 02:10:00,2025-01-02 08:00:00,0.9968861937522888,1,1,0.6571428775787354,12,HS1311339,HS1314237
277,2025-01-02 03:10:00,2025-01-02 09:00:00,0.8460792303085327,1,0,0.48571428656578064,-1,HS1311339,HS1313205
277,2025-01-02 04:10:00,2025-01-02 10:00:00,0.40404799580574036,0,0,0.3142857253551483,-1,HS1311339,HS1313205
277,2025-01-02 05:10:00,2025-01-02 11:00:00,0.37129974365234375,0,0,0.1428571492433548,-1,HS1311339,HS1313205
277,2025-01-02 06:10:00,2025-01-02 12:00:00,0.9836913347244263,1,0,0.0,-1,HS1311339,HS1313001
277,2025-01-02 07:10:00,2025-01-02 13:00:00,0.9772828221321106,1,0,0.0,-1,HS1311339,HS1313925
277,2025-01-02 08:10:00,2025-01-02 14:00:00,0.978004515171051,1,0,0.0,-1,HS1311339,HS1313925
277,2025-01-02 09:10:00,2025-01-02 15:00:00,0.9775422811508179,1,0,0.0,-1,HS1311339,HS1313925
277,2025-01-02 10:10:00,2025-01-02 16:00:00,0.976771354675293,1,0,0.0,-1,HS1311339,HS1313925
277,2025-01-02 11:10:00,2025-01-02 17:00:00,0.9771831035614014,1,0,0.0,-1,HS1311339,HS1313925
277,2025-01-02 12:10:00,2025-01-02 18:00:00,0.9776702523231506,1,0,0.0,-1,HS1311339,HS1313925
277,2025-01-02 13:10:00,2025-01-02 19:00:00,0.9778344631195068,1,0,0.0,-1,HS1311339,HS1313925
277,2025-01-02 14:10:00,2025-01-02 20:00:00,0.9761480093002319,1,0,0.0,-1,HS1311339,HS1313001
277,2025-01-02 15:10:00,2025-01-02 21:00:00,0.9755091667175293,1,0,0.0,-1,HS1311339,HS1313001
277,2025-01-02 16:10:00,2025-01-02 22:00:00,0.9828411340713501,1,0,0.0,-1,HS1311339,HS1313001
277,2025-01-02 17:10:00,2025-01-02 23:00:00,0.9912432432174683,1,0,0.0,-1,HS1311339,HS1313298
192,2025-01-01 00:10:00,2025-01-01 06:00:00,0.9402471780776978,1,0,0.0,-1,HS1313001,HS1313298
192,2025-01-01 01:10:00,2025-01-01 07:00:00,0.9419737458229065,1,0,0.0,-1,HS1313001,HS1313298
192,2025-01-01 02:10:00,2025-01-01 08:00:00,0.9486743211746216,1,0,0.0,-1,HS1313001,HS1313298
192,2025-01-01 03:10:00,2025-01-01 09:00:00,0.9596861600875854,1,0,0.0,-1,HS1313001,HS1313298
192,2025-01-01 04:10:00,2025-01-01 10:00:00,0.9698736667633057,1,0,0.0,-1,HS1313001,HS1313001
192,2025-01-01 05:10:00,2025-01-01 11:00:00,0.9753588438034058,1,0,0.0,-1,HS1313001,HS1313001
192,2025-01-01 06:10:00,2025-01-01 12:00:00,0.9769928455352783,1,0,0.0,-1,HS1313001,HS1313001
192,2025-01-01 07:10:00,2025-01-01 13:00:00,0.977516770362854,1,0,0.0,-1,HS1313001,HS1313925
192,2025-01-01 08:10:00,2025-01-01 14:00:00,0.9775935411453247,1,0,0.0,-1,HS1313001,HS1313925
192,2025-01-01 09:10:00,2025-01-01 15:00:00,0.037833672016859055,0,0,0.17142857611179352,-1,HS1313001,HS1313205
192,2025-01-01 10:10:00,2025-01-01 16:00:00,0.9995580315589905,1,0,0.34285715222358704,-1,HS1313001,HS1313001
192,2025-01-01 11:10:00,2025-01-01 17:00:00,1.0,1,1,0.5142857432365417,17,HS1313001,HS1313001
192,2025-01-01 12:10:00,2025-01-01 18:00:00,1.0,1,1,0.6857143044471741,17,HS1313001,HS1313001
192,2025-01-01 13:10:00,2025-01-01 19:00:00,1.0,1,1,0.8571428656578064,17,HS1313001,HS1313001
192,2025-01-01 14:10:00,2025-01-01 20:00:00,1.0,1,1,1.0,17,HS1313001,HS1313001
192,2025-01-01 15:10:00,2025-01-01 21:00:00,1.0,1,1,0.8285714387893677,17,HS1313001,HS1313001
192,2025-01-01 16:10:00,2025-01-01 22:00:00,1.0,1,1,0.6571428775787354,17,HS1313001,HS1313001
192,2025-01-01 17:10:00,2025-01-01 23:00:00,0.997183084487915,1,0,0.48571428656578064,-1,HS1313001,HS1306571
192,2025-01-01 18:10:00,2025-01-02 00:00:00,0.05650149658322334,0,0,0.3142857253551483,-1,HS1313001,HS1306601
192,2025-01-01 19:10:00,2025-01-02 01:00:00,0.016727447509765625,0,0,0.1428571492433548,-1,HS1313001,HS1306904
192,2025-01-01 20:10:00,2025-01-02 02:00:00,0.20711475610733032,0,0,0.0,-1,HS1313001,HS1306904
192,2025-01-01 21:10:00,2025-01-02 03:00:00,0.9909071922302246,1,0,0.0,-1,HS1313001,HS1313298
192,2025-01-01 22:10:00,2025-01-02 04:00:00,0.9821081757545471,1,0,0.0,-1,HS1313001,HS1313298
192,2025-01-01 23:10:00,2025-01-02 05:00:00,0.9581329226493835,1,0,0.0,-1,HS1313001,HS1313298
192,2025-01-02 00:10:00,2025-01-02 06:00:00,0.9398537278175354,1,0,0.0,-1,HS1313001,HS1313298
192,2025-01-02 01:10:00,2025-01-02 07:00:00,0.9433180689811707,1,0,0.0,-1,HS1313001,HS1313298
192,2025-01-02 02:10:00,2025-01-02 08:00:00,0.9499401450157166,1,0,0.0,-1,HS1313001,HS1313298
192,2025-01-02 03:10:00,2025-01-02 09:00:00,0.9604028463363647,1,0,0.0,-1,HS1313001,HS1313298
192,2025-01-02 04:10:00,2025-01-02 10:00:00,0.9698872566223145,1,0,0.0,-1,HS1313001,HS1313001
192,2025-01-02 05:10:00,2025-01-02 11:00:00,0.9754291772842407,1,0,0.0,-1,HS1313001,HS1313001
192,2025-01-02 06:10:00,2025-01-02 12:00:00,0.9772021174430847,1,0,0.0,-1,HS1313001,HS1313001
192,2025-01-02 07:10:00,2025-01-02 13:00:00,0.9776521325111389,1,0,0.0,-1,HS1313001,HS1313925
192,2025-01-02 08:10:00,2025-01-02 14:00:00,0.9776219129562378,1,0,0.0,-1,HS1313001,HS1313925
192,2025-01-02 09:10:00,2025-01-02 15:00:00,0.9775266647338867,1,0,0.0,-1,HS1313001,HS1313925
192,2025-01-02 10:10:00,2025-01-02 16:00:00,0.9773617386817932,1,0,0.0,-1,HS1313001,HS1313925
192,2025-01-02 11:10:00,2025-01-02 17:00:00,0.9775729179382324,1,0,0.0,-1,HS1313001,HS1313925
192,2025-01-02 12:10:00,2025-01-02 18:00:00,0.9776121377944946,1,0,0.0,-1,HS1313001,HS1313925
192,2025-01-02 13:10:00,2025-01-02 19:00:00,0.9775720238685608,1,0,0.0,-1,HS1313001,HS1313001
192,2025-01-02 14:10:00,2025-01-02 20:00:00,0.9776275157928467,1,0,0.0,-1,HS1313001,HS1313001
192,2025-01-02 15:10:00,2025-01-02 21:00:00,0.9771676659584045,1,0,0.0,-1,HS1313001,HS1313001
192,2025-01-02 16:10:00,2025-01-02 22:00:00,0.9833604097366333,1,0,0.0,-1,HS1313001,HS1313001
192,2025-01-02 17:10:00,2025-01-02 23:00:00,0.991783618927002,1,0,0.0,-1,HS1313001,HS1313298
386,2025-01-01 00:10:00,2025-01-01 06:00:00,0.9402471780776978,1,0,0.0,-1,HS2003111,HS1313298
386,2025-01-01 01:10:00,2025-01-01 07:00:00,0.4247286021709442,0,0,0.17142857611179352,-1,HS2003111,HS1306904
386,2025-01-01 02:10:00,2025-01-01 08:00:00,0.880939781665802,1,0,0.34285715222358704,-1,HS2003111,HS1306904
386,2025-01-01 03:10:00,2025-01-01 09:00:00,0.999962568283081,1,1,0.5142857432365417,111,HS2003111,HS1313205
386,2025-01-01 04:10:00,2025-01-01 10:00:00,0.9999985694885254,1,1,0.6857143044471741,111,HS2003111,HS1306601
386,2025-01-01 05:10:00,2025-01-01 11:00:00,0.9999996423721313,1,1,0.8571428656578064,111,HS2003111,HS1306601
386,2025-01-01 06:10:00,2025-01-01 12:00:00,0.9999996423721313,1,1,1.0,111,HS2003111,HS1306601
386,2025-01-01 07:10:00,2025-01-01 13:00:00,0.9999990463256836,1,1,1.0,111,HS2003111,HS1306601
386,2025-01-01 08:10:00,2025-01-01 14:00:00,0.9999995231628418,1,1,1.0,111,HS2003111,HS1313205
386,2025-01-01 09:10:00,2025-01-01 15:00:00,0.9999996423721313,1,1,1.0,111,HS2003111,HS1313205
386,2025-01-01 10:10:00,2025-01-01 16:00:00,0.9999994039535522,1,1,1.0,111,HS2003111,HS1313205
386,2025-01-01 11:10:00,2025-01-01 17:00:00,0.9999990463256836,1,1,1.0,111,HS2003111,HS1313205
386,2025-01-01 12:10:00,2025-01-01 18:00:00,0.9999825954437256,1,1,1.0,111,HS2003111,HS1313205
386,2025-01-01 13:10:00,2025-01-01 19:00:00,0.9996416568756104,1,1,1.0,111,HS2003111,HS1313205
386,2025-01-01 14:10:00,2025-01-01 20:00:00,0.9986516833305359,1,1,1.0,111,HS2003111,HS1313205
386,2025-01-01 15:10:00,2025-01-01 21:00:00,0.9998143315315247,1,1,1.0,111,HS2003111,HS1313205
386,2025-01-01 16:10:00,2025-01-01 22:00:00,0.9999942779541016,1,1,1.0,111,HS2003111,HS1313205
386,2025-01-01 17:10:00,2025-01-01 23:00:00,0.9999997615814209,1,1,1.0,111,HS2003111,HS1306571
386,2025-01-01 18:10:00,2025-01-02 00:00:00,0.9999998807907104,1,1,1.0,111,HS2003111,HS1306571
386,2025-01-01 19:10:00,2025-01-02 01:00:00,0.9999997615814209,1,1,1.0,111,HS2003111,HS1306571
386,2025-01-01 20:10:00,2025-01-02 02:00:00,0.9999982118606567,1,1,1.0,111,HS2003111,HS1306571
386,2025-01-01 21:10:00,2025-01-02 03:00:00,0.9999899864196777,1,1,1.0,111,HS2003111,HS1306601
386,2025-01-01 22:10:00,2025-01-02 04:00:00,0.9999940395355225,1,1,1.0,111,HS2003111,HS1306601
386,2025-01-01 23:10:00,2025-01-02 05:00:00,0.9999834299087524,1,1,1.0,111,HS2003111,HS1306601
386,2025-01-02 00:10:00,2025-01-02 06:00:00,0.9999929666519165,1,1,1.0,111,HS2003111,HS1308259
386,2025-01-02 01:10:00,2025-01-02 07:00:00,0.9999982118606567,1,1,0.8285714387893677,111,HS2003111,HS1306571
386,2025-01-02 02:10:00,2025-01-02 08:00:00,0.999990701675415,1,1,0.6571428775787354,111,HS2003111,HS1306571
386,2025-01-02 03:10:00,2025-01-02 09:00:00,0.987743616104126,1,0,0.48571428656578064,-1,HS2003111,HS1313205
386,2025-01-02 04:10:00,2025-01-02 10:00:00,0.4843713045120239,0,0,0.3142857253551483,-1,HS2003111,HS1306904
386,2025-01-02 05:10:00,2025-01-02 11:00:00,0.1787825971841812,0,0,0.1428571492433548,-1,HS2003111,HS1306904
386,2025-01-02 06:10:00,2025-01-02 12:00:00,0.4858313798904419,0,0,0.0,-1,HS2003111,HS1313001
386,2025-01-02 07:10:00,2025-01-02 13:00:00,0.977676510810852,1,0,0.0,-1,HS2003111,HS1313925
386,2025-01-02 08:10:00,2025-01-02 14:00:00,0.9773030877113342,1,0,0.0,-1,HS2003111,HS1313925
386,2025-01-02 09:10:00,2025-01-02 15:00:00,0.9771921038627625,1,0,0.0,-1,HS2003111,HS1313925
386,2025-01-02 10:10:00,2025-01-02 16:00:00,0.97749263048172,1,0,0.0,-1,HS2003111,HS1313925
386,2025-01-02 11:10:00,2025-01-02 17:00:00,0.9780283570289612,1,0,0.0,-1,HS2003111,HS1313925
386,2025-01-02 12:10:00,2025-01-02 18:00:00,0.9781551957130432,1,0,0.0,-1,HS2003111,HS1313925
386,2025-01-02 13:10:00,2025-01-02 19:00:00,0.9781168699264526,1,0,0.0,-1,HS2003111,HS1313925
386,2025-01-02 14:10:00,2025-01-02 20:00:00,0.9776146411895752,1,0,0.0,-1,HS2003111,HS1313001
386,2025-01-02 15:10:00,2025-01-02 21:00:00,0.9766666293144226,1,0,0.0,-1,HS2003111,HS1313001
386,2025-01-02 16:10:00,2025-01-02 22:00:00,0.9830226302146912,1,0,0.0,-1,HS2003111,HS1313001
386,2025-01-02 17:10:00,2025-01-02 23:00:00,0.9915812611579895,1,0,0.0,-1,HS2003111,HS1313298
294,2025-01-01 00:10:00,2025-01-01 06:00:00,0.9402471780776978,1,0,0.0,-1,HS1313140,HS1313298
294,2025-01-01 01:10:00,2025-01-01 07:00:00,0.9419737458229065,1,0,0.0,-1,HS1313140,HS1313298
294,2025-01-01 02:10:00,2025-01-01 08:00:00,0.9486743211746216,1,0,0.0,-1,HS1313140,HS1313298
294,2025-01-01 03:10:00,2025-01-01 09:00:00,0.9596861600875854,1,0,0.0,-1,HS1313140,HS1313298
294,2025-01-01 04:10:00,2025-01-01 10:00:00,0.9698736667633057,1,0,0.0,-1,HS1313140,HS1313001
294,2025-01-01 05:10:00,2025-01-01 11:00:00,0.9753588438034058,1,0,0.0,-1,HS1313140,HS1313001
294,2025-01-01 06:10:00,2025-01-01 12:00:00,0.9769928455352783,1,0,0.0,-1,HS1313140,HS1313001
294,2025-01-01 07:10:00,2025-01-01 13:00:00,0.977516770362854,1,0,0.0,-1,HS1313140,HS1313925
294,2025-01-01 08:10:00,2025-01-01 14:00:00,0.9775935411453247,1,0,0.0,-1,HS1313140,HS1313925
294,2025-01-01 09:10:00,2025-01-01 15:00:00,0.9774520397186279,1,0,0.0,-1,HS1313140,HS1313925
294,2025-01-01 10:10:00,2025-01-01 16:00:00,0.9771436452865601,1,0,0.0,-1,HS1313140,HS1313925
294,2025-01-01 11:10:00,2025-01-01 17:00:00,0.9772705435752869,1,0,0.0,-1,HS1313140,HS1313925
294,2025-01-01 12:10:00,2025-01-01 18:00:00,0.9775956869125366,1,0,0.0,-1,HS1313140,HS1313925
294,2025-01-01 13:10:00,2025-01-01 19:00:00,0.03988354280591011,0,0,0.17142857611179352,-1,HS1313140,HS1313140
294,2025-01-01 14:10:00,2025-01-01 20:00:00,0.9992812275886536,1,0,0.34285715222358704,-1,HS1313140,HS1313140
294,2025-01-01 15:10:00,2025-01-01 21:00:00,1.0,1,1,0.5142857432365417,23,HS1313140,HS1313140
294,2025-01-01 16:10:00,2025-01-01 22:00:00,1.0,1,1,0.6857143044471741,23,HS1313140,HS1313140
294,2025-01-01 17:10:00,2025-01-01 23:00:00,1.0,1,1,0.8571428656578064,23,HS1313140,HS1313140
294,2025-01-01 18:10:00,2025-01-02 00:00:00,1.0,1,1,1.0,23,HS1313140,HS1313140
294,2025-01-01 19:10:00,2025-01-02 01:00:00,1.0,1,1,1.0,23,HS1313140,HS1313140
294,2025-01-01 20:10:00,2025-01-02 02:00:00,1.0,1,1,1.0,23,HS1313140,HS1313140
294,2025-01-01 21:10:00,2025-01-02 03:00:00,1.0,1,1,1.0,23,HS1313140,HS1313140
294,2025-01-01 22:10:00,2025-01-02 04:00:00,1.0,1,1,1.0,23,HS1313140,HS1313140
294,2025-01-01 23:10:00,2025-01-02 05:00:00,1.0,1,1,1.0,23,HS1313140,HS1313140
294,2025-01-02 00:10:00,2025-01-02 06:00:00,1.0,1,1,1.0,23,HS1313140,HS1313140
294,2025-01-02 01:10:00,2025-01-02 07:00:00,1.0,1,1,0.8285714387893677,23,HS1313140,HS1313140
294,2025-01-02 02:10:00,2025-01-02 08:00:00,1.0,1,1,0.6571428775787354,23,HS1313140,HS1313140
294,2025-01-02 03:10:00,2025-01-02 09:00:00,0.985791802406311,1,0,0.48571428656578064,-1,HS1313140,HS1313140
294,2025-01-02 04:10:00,2025-01-02 10:00:00,0.07923653721809387,0,0,0.3142857253551483,-1,HS1313140,HS1306601
294,2025-01-02 05:10:00,2025-01-02 11:00:00,0.01952703297138214,0,0,0.1428571492433548,-1,HS1313140,HS1306904
294,2025-01-02 06:10:00,2025-01-02 12:00:00,0.166991725564003,0,0,0.0,-1,HS1313140,HS1313205
294,2025-01-02 07:10:00,2025-01-02 13:00:00,0.9776747822761536,1,0,0.0,-1,HS1313140,HS1313925
294,2025-01-02 08:10:00,2025-01-02 14:00:00,0.9776583909988403,1,0,0.0,-1,HS1313140,HS1313925
294,2025-01-02 09:10:00,2025-01-02 15:00:00,0.9775102734565735,1,0,0.0,-1,HS1313140,HS1313925
294,2025-01-02 10:10:00,2025-01-02 16:00:00,0.977373480796814,1,0,0.0,-1,HS1313140,HS1313925
294,2025-01-02 11:10:00,2025-01-02 17:00:00,0.9776055216789246,1,0,0.0,-1,HS1313140,HS1313925
294,2025-01-02 12:10:00,2025-01-02 18:00:00,0.9776126742362976,1,0,0.0,-1,HS1313140,HS1313925
294,2025-01-02 13:10:00,2025-01-02 19:00:00,0.9774980545043945,1,0,0.0,-1,HS1313140,HS1313925
294,2025-01-02 14:10:00,2025-01-02 20:00:00,0.9775304198265076,1,0,0.0,-1,HS1313140,HS1313001
294,2025-01-02 15:10:00,2025-01-02 21:00:00,0.9770786166191101,1,0,0.0,-1,HS1313140,HS1313001
294,2025-01-02 16:10:00,2025-01-02 22:00:00,0.9833313226699829,1,0,0.0,-1,HS1313140,HS1313001
294,2025-01-02 17:10:00,2025-01-02 23:00:00,0.9917662739753723,1,0,0.0,-1,HS1313140,HS1313298
344,2025-01-01 00:10:00,2025-01-01 06:00:00,0.9402471780776978,1,0,0.0,-1,HS1316202,HS1313298
344,2025-01-01 01:10:00,2025-01-01 07:00:00,0.9419737458229065,1,0,0.0,-1,HS1316202,HS1313298
344,2025-01-01 02:10:00,2025-01-01 08:00:00,0.9486743211746216,1,0,0.0,-1,HS1316202,HS1313298
344,2025-01-01 03:10:00,2025-01-01 09:00:00,0.9596861600875854,1,0,0.0,-1,HS1316202,HS1313298
344,2025-01-01 04:10:00,2025-01-01 10:00:00,0.9698736667633057,1,0,0.0,-1,HS1316202,HS1313001
344,2025-01-01 05:10:00,2025-01-01 11:00:00,0.9753588438034058,1,0,0.0,-1,HS1316202,HS1313001
344,2025-01-01 06:10:00,2025-01-01 12:00:00,0.9769928455352783,1,0,0.0,-1,HS1316202,HS1313001
344,2025-01-01 07:10:00,2025-01-01 13:00:00,0.6861025094985962,1,0,0.17142857611179352,-1,HS1316202,HS1306904
344,2025-01-01 08:10:00,2025-01-01 14:00:00,0.9985842704772949,1,0,0.34285715222358704,-1,HS1316202,HS1306601
344,2025-01-01 09:10:00,2025-01-01 15:00:00,0.999998927116394,1,1,0.5142857432365417,63,HS1316202,HS1306601
344,2025-01-01 10:10:00,2025-01-01 16:00:00,0.9999998807907104,1,1,0.6857143044471741,63,HS1316202,HS1306601
344,2025-01-01 11:10:00,2025-01-01 17:00:00,1.0,1,1,0.8571428656578064,63,HS1316202,HS1306601
344,2025-01-01 12:10:00,2025-01-01 18:00:00,0.9999998807907104,1,1,1.0,63,HS1316202,HS1306601
344,2025-01-01 13:10:00,2025-01-01 19:00:00,1.0,1,1,1.0,63,HS1316202,HS1306601
344,2025-01-01 14:10:00,2025-01-01 20:00:00,1.0,1,1,1.0,63,HS1316202,HS1306601
344,2025-01-01 15:10:00,2025-01-01 21:00:00,1.0,1,1,1.0,63,HS1316202,HS1306601
344,2025-01-01 16:10:00,2025-01-01 22:00:00,1.0,1,1,1.0,63,HS1316202,HS1306601
344,2025-01-01 17:10:00,2025-01-01 23:00:00,1.0,1,1,1.0,63,HS1316202,HS1308302
344,2025-01-01 18:10:00,2025-01-02 00:00:00,1.0,1,1,1.0,63,HS1316202,HS1308302
344,2025-01-01 19:10:00,2025-01-02 01:00:00,0.9999996423721313,1,1,0.8285714387893677,63,HS1316202,HS1306601
344,2025-01-01 20:10:00,2025-01-02 02:00:00,0.9997488856315613,1,1,0.6571428775787354,63,HS1316202,HS1306601
344,2025-01-01 21:10:00,2025-01-02 03:00:00,0.9289024472236633,1,0,0.48571428656578064,-1,HS1316202,HS1306904
344,2025-01-01 22:10:00,2025-01-02 04:00:00,0.6744492053985596,1,0,0.3142857253551483,-1,HS1316202,HS1306904
344,2025-01-01 23:10:00,2025-01-02 05:00:00,0.5253326296806335,1,0,0.1428571492433548,-1,HS1316202,HS1313298
344,2025-01-02 00:10:00,2025-01-02 06:00:00,0.8436456322669983,1,0,0.0,-1,HS1316202,HS1313298
344,2025-01-02 01:10:00,2025-01-02 07:00:00,0.9366709589958191,1,0,0.0,-1,HS1316202,HS1313298
344,2025-01-02 02:10:00,2025-01-02 08:00:00,0.9526892304420471,1,0,0.0,-1,HS1316202,HS1313298
344,2025-01-02 03:10:00,2025-01-02 09:00:00,0.9616445302963257,1,0,0.0,-1,HS1316202,HS1313001
344,2025-01-02 04:10:00,2025-01-02 10:00:00,0.9699881672859192,1,0,0.0,-1,HS1316202,HS1313001
344,2025-01-02 05:10:00,2025-01-02 11:00:00,0.9749826192855835,1,0,0.0,-1,HS1316202,HS1313001
344,2025-01-02 06:10:00,2025-01-02 12:00:00,0.9763451218605042,1,0,0.0,-1,HS1316202,HS1313001
344,2025-01-02 07:10:00,2025-01-02 13:00:00,0.9773660898208618,1,0,0.0,-1,HS1316202,HS1313925
344,2025-01-02 08:10:00,2025-01-02 14:00:00,0.9779298305511475,1,0,0.0,-1,HS1316202,HS1313925
344,2025-01-02 09:10:00,2025-01-02 15:00:00,0.9772793054580688,1,0,0.0,-1,HS1316202,HS1313925
344,2025-01-02 10:10:00,2025-01-02 16:00:00,0.9775978922843933,1,0,0.0,-1,HS1316202,HS1313925
344,2025-01-02 11:10:00,2025-01-02 17:00:00,0.9777836203575134,1,0,0.0,-1,HS1316202,HS1313925
344,2025-01-02 12:10:00,2025-01-02 18:00:00,0.9773804545402527,1,0,0.0,-1,HS1316202,HS1313925
344,2025-01-02 13:10:00,2025-01-02 19:00:00,0.9765266180038452,1,0,0.0,-1,HS1316202,HS1313925
344,2025-01-02 14:10:00,2025-01-02 20:00:00,0.9749955534934998,1,0,0.0,-1,HS1316202,HS1313001
344,2025-01-02 15:10:00,2025-01-02 21:00:00,0.9748421311378479,1,0,0.0,-1,HS1316202,HS1313001
344,2025-01-02 16:10:00,2025-01-02 22:00:00,0.982813835144043,1,0,0.0,-1,HS1316202,HS1313001
344,2025-01-02 17:10:00,2025-01-02 23:00:00,0.9914050102233887,1,0,0.0,-1,HS1316202,HS1313298
258,2025-01-01 00:10:00,2025-01-01 06:00:00,0.9402471780776978,1,0,0.0,-1,HS1306601,HS1313298
258,2025-01-01 01:10:00,2025-01-01 07:00:00,0.9419737458229065,1,0,0.0,-1,HS1306601,HS1313298
258,2025-01-01 02:10:00,2025-01-01 08:00:00,0.9486743211746216,1,0,0.0,-1,HS1306601,HS1313298
258,2025-01-01 03:10:00,2025-01-01 09:00:00,0.9596861600875854,1,0,0.0,-1,HS1306601,HS1313298
258,2025-01-01 04:10:00,2025-01-01 10:00:00,0.9698736667633057,1,0,0.0,-1,HS1306601,HS1313001
258,2025-01-01 05:10:00,2025-01-01 11:00:00,0.9753588438034058,1,0,0.0,-1,HS1306601,HS1313001
258,2025-01-01 06:10:00,2025-01-01 12:00:00,0.9769928455352783,1,0,0.0,-1,HS1306601,HS1313001
258,2025-01-01 07:10:00,2025-01-01 13:00:00,0.977516770362854,1,0,0.0,-1,HS1306601,HS1313925
258,2025-01-01 08:10:00,2025-01-01 14:00:00,0.9775935411453247,1,0,0.0,-1,HS1306601,HS1313925
258,2025-01-01 09:10:00,2025-01-01 15:00:00,0.9774520397186279,1,0,0.0,-1,HS1306601,HS1313925
258,2025-01-01 10:10:00,2025-01-01 16:00:00,0.9771436452865601,1,0,0.0,-1,HS1306601,HS1313925
258,2025-01-01 11:10:00,2025-01-01 17:00:00,0.9772705435752869,1,0,0.0,-1,HS1306601,HS1313925
258,2025-01-01 12:10:00,2025-01-01 18:00:00,0.9775956869125366,1,0,0.0,-1,HS1306601,HS1313925
258,2025-01-01 13:10:00,2025-01-01 19:00:00,0.7945421934127808,1,0,0.17142857611179352,-1,HS1306601,HS1306601
258,2025-01-01 14:10:00,2025-01-01 20:00:00,0.9998162388801575,1,0,0.34285715222358704,-1,HS1306601,HS1306601
258,2025-01-01 15:10:00,2025-01-01 21:00:00,0.9999985694885254,1,1,0.5142857432365417,4,HS1306601,HS1306601
258,2025-01-01 16:10:00,2025-01-01 22:00:00,1.0,1,1,0.6857143044471741,4,HS1306601,HS1313140
258,2025-01-01 17:10:00,2025-01-01 23:00:00,1.0,1,1,0.8571428656578064,4,HS1306601,HS1313140
258,2025-01-01 18:10:00,2025-01-02 00:00:00,1.0,1,1,1.0,4,HS1306601,HS1313140
258,2025-01-01 19:10:00,2025-01-02 01:00:00,0.9999998807907104,1,1,1.0,4,HS1306601,HS1313140
258,2025-01-01 20:10:00,2025-01-02 02:00:00,0.999997615814209,1,1,1.0,4,HS1306601,HS1313140
258,2025-01-01 21:10:00,2025-01-02 03:00:00,0.9999915361404419,1,1,1.0,4,HS1306601,HS1313140
258,2025-01-01 22:10:00,2025-01-02 04:00:00,0.9999949932098389,1,1,1.0,4,HS1306601,HS1313140
258,2025-01-01 23:10:00,2025-01-02 05:00:00,0.9999973773956299,1,1,1.0,4,HS1306601,HS1313140
258,2025-01-02 00:10:00,2025-01-02 06:00:00,0.9999964237213135,1,1,1.0,4,HS1306601,HS1313140
258,2025-01-02 01:10:00,2025-01-02 07:00:00,0.9999997615814209,1,1,1.0,4,HS1306601,HS1313140
258,2025-01-02 02:10:00,2025-01-02 08:00:00,1.0,1,1,1.0,4,HS1306601,HS1313140
258,2025-01-02 03:10:00,2025-01-02 09:00:00,1.0,1,1,1.0,4,HS1306601,HS1313140
258,2025-01-02 04:10:00,2025-01-02 10:00:00,1.0,1,1,1.0,4,HS1306601,HS1313140
258,2025-01-02 05:10:00,2025-01-02 11:00:00,1.0,1,1,1.0,4,HS1306601,HS1313140
258,2025-01-02 06:10:00,2025-01-02 12:00:00,1.0,1,1,1.0,4,HS1306601,HS1313140
258,2025-01-02 07:10:00,2025-01-02 13:00:00,1.0,1,1,0.8285714387893677,4,HS1306601,HS1313140
258,2025-01-02 08:10:00,2025-01-02 14:00:00,0.9999998807907104,1,1,0.6571428775787354,4,HS1306601,HS1313140
258,2025-01-02 09:10:00,2025-01-02 15:00:00,0.9979840517044067,1,0,0.48571428656578064,-1,HS1306601,HS1313140
258,2025-01-02 10:10:00,2025-01-02 16:00:00,0.3117559850215912,0,0,0.3142857253551483,-1,HS1306601,HS1313140
258,2025-01-02 11:10:00,2025-01-02 17:00:00,0.04820193722844124,0,0,0.1428571492433548,-1,HS1306601,HS1306601
258,2025-01-02 12:10:00,2025-01-02 18:00:00,0.5010216236114502,1,0,0.0,-1,HS1306601,HS1313205
258,2025-01-02 13:10:00,2025-01-02 19:00:00,0.9806802272796631,1,0,0.0,-1,HS1306601,HS1313001
258,2025-01-02 14:10:00,2025-01-02 20:00:00,0.9783428311347961,1,0,0.0,-1,HS1306601,HS1313001
258,2025-01-02 15:10:00,2025-01-02 21:00:00,0.9777913689613342,1,0,0.0,-1,HS1306601,HS1313001
258,2025-01-02 16:10:00,2025-01-02 22:00:00,0.9836729168891907,1,0,0.0,-1,HS1306601,HS1313001
258,2025-01-02 17:10:00,2025-01-02 23:00:00,0.991832971572876,1,0,0.0,-1,HS1306601,HS1313298
309,2025-01-01 00:10:00,2025-01-01 06:00:00,0.9402471780776978,1,0,0.0,-1,HS1313298,HS1313298
309,2025-01-01 01:10:00,2025-01-01 07:00:00,0.026010947301983833,0,0,0.17142857611179352,-1,HS1313298,HS1313298
309,2025-01-01 02:10:00,2025-01-01 08:00:00,0.9999682903289795,1,0,0.34285715222358704,-1,HS1313298,HS1313298
309,2025-01-01 03:10:00,2025-01-01 09:00:00,1.0,1,1,0.5142857432365417,30,HS1313298,HS1313298
309,2025-01-01 04:10:00,2025-01-01 10:00:00,1.0,1,1,0.6857143044471741,30,HS1313298,HS1313298
309,2025-01-01 05:10:00,2025-01-01 11:00:00,1.0,1,1,0.8571428656578064,30,HS1313298,HS1313298
309,2025-01-01 06:10:00,2025-01-01 12:00:00,1.0,1,1,1.0,30,HS1313298,HS1313298
309,2025-01-01 07:10:00,2025-01-01 13:00:00,1.0,1,1,1.0,30,HS1313298,HS1313298
309,2025-01-01 08:10:00,2025-01-01 14:00:00,1.0,1,1,1.0,30,HS1313298,HS1313298
309,2025-01-01 09:10:00,2025-01-01 15:00:00,1.0,1,1,1.0,30,HS1313298,HS1313298
309,2025-01-01 10:10:00,2025-01-01 16:00:00,1.0,1,1,1.0,30,HS1313298,HS1313298
309,2025-01-01 11:10:00,2025-01-01 17:00:00,1.0,1,1,1.0,30,HS1313298,HS1313298
309,2025-01-01 12:10:00,2025-01-01 18:00:00,1.0,1,1,1.0,30,HS1313298,HS1313298
309,2025-01-01 13:10:00,2025-01-01 19:00:00,1.0,1,1,0.8285714387893677,30,HS1313298,HS1313140
309,2025-01-01 14:10:00,2025-01-01 20:00:00,1.0,1,1,0.6571428775787354,30,HS1313298,HS1313140
309,2025-01-01 15:10:00,2025-01-01 21:00:00,0.9984082579612732,1,0,0.48571428656578064,-1,HS1313298,HS1313140
309,2025-01-01 16:10:00,2025-01-01 22:00:00,0.3437841832637787,0,0,0.3142857253551483,-1,HS1313298,HS1313140
309,2025-01-01 17:10:00,2025-01-01 23:00:00,0.06433335691690445,0,0,0.1428571492433548,-1,HS1313298,HS1313140
309,2025-01-01 18:10:00,2025-01-02 00:00:00,0.7134576439857483,1,0,0.0,-1,HS1313298,HS1306904
309,2025-01-01 19:10:00,2025-01-02 01:00:00,0.9956321120262146,1,0,0.0,-1,HS1313298,HS1313298
309,2025-01-01 20:10:00,2025-01-02 02:00:00,0.9944052696228027,1,0,0.0,-1,HS1313298,HS1313298
309,2025-01-01 21:10:00,2025-01-02 03:00:00,0.9907757639884949,1,0,0.0,-1,HS1313298,HS1313298
309,2025-01-01 22:10:00,2025-01-02 04:00:00,0.9823174476623535,1,0,0.0,-1,HS1313298,HS1313298
309,2025-01-01 23:10:00,2025-01-02 05:00:00,0.960884690284729,1,0,0.0,-1,HS1313298,HS1313298
309,2025-01-02 00:10:00,2025-01-02 06:00:00,0.9423737525939941,1,0,0.0,-1,HS1313298,HS1313298
309,2025-01-02 01:10:00,2025-01-02 07:00:00,0.939217209815979,1,0,0.0,-1,HS1313298,HS1313298
309,2025-01-02 02:10:00,2025-01-02 08:00:00,0.9488393664360046,1,0,0.0,-1,HS1313298,HS1313298
309,2025-01-02 03:10:00,2025-01-02 09:00:00,0.9598731398582458,1,0,0.0,-1,HS1313298,HS1313001
309,2025-01-02 04:10:00,2025-01-02 10:00:00,0.9699975848197937,1,0,0.0,-1,HS1313298,HS1313001
309,2025-01-02 05:10:00,2025-01-02 11:00:00,0.975475013256073,1,0,0.0,-1,HS1313298,HS1313001
309,2025-01-02 06:10:00,2025-01-02 12:00:00,0.9765164256095886,1,0,0.0,-1,HS1313298,HS1313001
309,2025-01-02 07:10:00,2025-01-02 13:00:00,0.9774954915046692,1,0,0.0,-1,HS1313298,HS1313925
309,2025-01-02 08:10:00,2025-01-02 14:00:00,0.9780307412147522,1,0,0.0,-1,HS1313298,HS1313925
309,2025-01-02 09:10:00,2025-01-02 15:00:00,0.9776467680931091,1,0,0.0,-1,HS1313298,HS1313925
309,2025-01-02 10:10:00,2025-01-02 16:00:00,0.9770653247833252,1,0,0.0,-1,HS1313298,HS1313925
309,2025-01-02 11:10:00,2025-01-02 17:00:00,0.9769649505615234,1,0,0.0,-1,HS1313298,HS1313925
309,2025-01-02 12:10:00,2025-01-02 18:00:00,0.977303683757782,1,0,0.0,-1,HS1313298,HS1313925
309,2025-01-02 13:10:00,2025-01-02 19:00:00,0.9773730039596558,1,0,0.0,-1,HS1313298,HS1313925
309,2025-01-02 14:10:00,2025-01-02 20:00:00,0.9756301045417786,1,0,0.0,-1,HS1313298,HS1313001
309,2025-01-02 15:10:00,2025-01-02 21:00:00,0.9756572246551514,1,0,0.0,-1,HS1313298,HS1313001
309,2025-01-02 16:10:00,2025-01-02 22:00:00,0.9830394387245178,1,0,0.0,-1,HS1313298,HS1313001
309,2025-01-02 17:10:00,2025-01-02 23:00:00,0.9914793968200684,1,0,0.0,-1,HS1313298,HS1313298
150,2025-01-01 00:10:00,2025-01-01 06:00:00,0.9402471780776978,1,0,0.0,-1,HS1311473,HS1313298
150,2025-01-01 01:10:00,2025-01-01 07:00:00,0.9419737458229065,1,0,0.0,-1,HS1311473,HS1313298
150,2025-01-01 02:10:00,2025-01-01 08:00:00,0.9486743211746216,1,0,0.0,-1,HS1311473,HS1313298
150,2025-01-01 03:10:00,2025-01-01 09:00:00,0.9596861600875854,1,0,0.0,-1,HS1311473,HS1313298
150,2025-01-01 04:10:00,2025-01-01 10:00:00,0.9698736667633057,1,0,0.0,-1,HS1311473,HS1313001
150,2025-01-01 05:10:00,2025-01-01 11:00:00,0.9753588438034058,1,0,0.0,-1,HS1311473,HS1313001
150,2025-01-01 06:10:00,2025-01-01 12:00:00,0.9769928455352783,1,0,0.0,-1,HS1311473,HS1313001
150,2025-01-01 07:10:00,2025-01-01 13:00:00,0.977516770362854,1,0,0.0,-1,HS1311473,HS1313925
150,2025-01-01 08:10:00,2025-01-01 14:00:00,0.9775935411453247,1,0,0.0,-1,HS1311473,HS1313925
150,2025-01-01 09:10:00,2025-01-01 15:00:00,0.9774520397186279,1,0,0.0,-1,HS1311473,HS1313925
150,2025-01-01 10:10:00,2025-01-01 16:00:00,0.9771436452865601,1,0,0.0,-1,HS1311473,HS1313925
150,2025-01-01 11:10:00,2025-01-01 17:00:00,0.9772705435752869,1,0,0.0,-1,HS1311473,HS1313925
150,2025-01-01 12:10:00,2025-01-01 18:00:00,0.9775956869125366,1,0,0.0,-1,HS1311473,HS1313925
150,2025-01-01 13:10:00,2025-01-01 19:00:00,0.9779080748558044,1,0,0.0,-1,HS1311473,HS1313925
150,2025-01-01 14:10:00,2025-01-01 20:00:00,0.9780827760696411,1,0,0.0,-1,HS1311473,HS1313001
150,2025-01-01 15:10:00,2025-01-01 21:00:00,0.8047181367874146,1,0,0.17142857611179352,-1,HS1311473,HS1313001
150,2025-01-01 16:10:00,2025-01-01 22:00:00,0.9689656496047974,1,0,0.34285715222358704,-1,HS1311473,HS1313298
150,2025-01-01 17:10:00,2025-01-01 23:00:00,0.9999659061431885,1,1,0.5142857432365417,14,HS1311473,HS1313001
150,2025-01-01 18:10:00,2025-01-02 00:00:00,0.9999988079071045,1,1,0.6857143044471741,14,HS1311473,HS1313001
150,2025-01-01 19:10:00,2025-01-02 01:00:00,0.9999996423721313,1,1,0.8571428656578064,14,HS1311473,HS1313001
150,2025-01-01 20:10:00,2025-01-02 02:00:00,0.9999997615814209,1,1,1.0,14,HS1311473,HS1313001
150,2025-01-01 21:10:00,2025-01-02 03:00:00,0.9999994039535522,1,1,0.8285714387893677,14,HS1311473,HS1313001
150,2025-01-01 22:10:00,2025-01-02 04:00:00,0.9998797178268433,1,1,0.6571428775787354,14,HS1311473,HS1314237
150,2025-01-01 23:10:00,2025-01-02 05:00:00,0.8354746103286743,1,0,0.48571428656578064,-1,HS1311473,HS1314237
150,2025-01-02 00:10:00,2025-01-02 06:00:00,0.23483146727085114,0,0,0.3142857253551483,-1,HS1311473,HS1313597
150,2025-01-02 01:10:00,2025-01-02 07:00:00,0.3823220729827881,0,0,0.1428571492433548,-1,HS1311473,HS1306601
150,2025-01-02 02:10:00,2025-01-02 08:00:00,0.8977071046829224,1,0,0.0,-1,HS1311473,HS1313298
150,2025-01-02 03:10:00,2025-01-02 09:00:00,0.9618815183639526,1,0,0.0,-1,HS1311473,HS1313298
150,2025-01-02 04:10:00,2025-01-02 10:00:00,0.970457911491394,1,0,0.0,-1,HS1311473,HS1313001
150,2025-01-02 05:10:00,2025-01-02 11:00:00,0.9753432273864746,1,0,0.0,-1,HS1311473,HS1313001
150,2025-01-02 06:10:00,2025-01-02 12:00:00,0.9768938422203064,1,0,0.0,-1,HS1311473,HS1313001
150,2025-01-02 07:10:00,2025-01-02 13:00:00,0.9773780703544617,1,0,0.0,-1,HS1311473,HS1313925
150,2025-01-02 08:10:00,2025-01-02 14:00:00,0.9776236414909363,1,0,0.0,-1,HS1311473,HS1313925
150,2025-01-02 09:10:00,2025-01-02 15:00:00,0.9775035381317139,1,0,0.0,-1,HS1311473,HS1313925
150,2025-01-02 10:10:00,2025-01-02 16:00:00,0.9771214127540588,1,0,0.0,-1,HS1311473,HS1313925
150,2025-01-02 11:10:00,2025-01-02 17:00:00,0.9774930477142334,1,0,0.0,-1,HS1311473,HS1313925
150,2025-01-02 12:10:00,2025-01-02 18:00:00,0.9774252772331238,1,0,0.0,-1,HS1311473,HS1313925
150,2025-01-02 13:10:00,2025-01-02 19:00:00,0.9768973588943481,1,0,0.0,-1,HS1311473,HS1313925
150,2025-01-02 14:10:00,2025-01-02 20:00:00,0.975742757320404,1,0,0.0,-1,HS1311473,HS1313001
150,2025-01-02 15:10:00,2025-01-02 21:00:00,0.9749298095703125,1,0,0.0,-1,HS1311473,HS1313001
150,2025-01-02 16:10:00,2025-01-02 22:00:00,0.9825535416603088,1,0,0.0,-1,HS1311473,HS1313001
150,2025-01-02 17:10:00,2025-01-02 23:00:00,0.9913904666900635,1,0,0.0,-1,HS1311473,HS1313298
131,2025-01-01 00:10:00,2025-01-01 06:00:00,0.9402471780776978,1,0,0.0,-1,HS2003085,HS1313298
131,2025-01-01 01:10:00,2025-01-01 07:00:00,0.9419737458229065,1,0,0.0,-1,HS2003085,HS1313298
131,2025-01-01 02:10:00,2025-01-01 08:00:00,0.9486743211746216,1,0,0.0,-1,HS2003085,HS1313298
131,2025-01-01 03:10:00,2025-01-01 09:00:00,0.9596861600875854,1,0,0.0,-1,HS2003085,HS1313298
131,2025-01-01 04:10:00,2025-01-01 10:00:00,0.9698736667633057,1,0,0.0,-1,HS2003085,HS1313001
131,2025-01-01 05:10:00,2025-01-01 11:00:00,0.9753588438034058,1,0,0.0,-1,HS2003085,HS1313001
131,2025-01-01 06:10:00,2025-01-01 12:00:00,0.9769928455352783,1,0,0.0,-1,HS2003085,HS1313001
131,2025-01-01 07:10:00,2025-01-01 13:00:00,0.977516770362854,1,0,0.0,-1,HS2003085,HS1313925
131,2025-01-01 08:10:00,2025-01-01 14:00:00,0.9775935411453247,1,0,0.0,-1,HS2003085,HS1313925
131,2025-01-01 09:10:00,2025-01-01 15:00:00,0.8954189419746399,1,0,0.17142857611179352,-1,HS2003085,HS1313001
131,2025-01-01 10:10:00,2025-01-01 16:00:00,0.8335722088813782,1,0,0.34285715222358704,-1,HS2003085,HS1313205
131,2025-01-01 11:10:00,2025-01-01 17:00:00,0.9993523955345154,1,1,0.5142857432365417,110,HS2003085,HS1314237
131,2025-01-01 12:10:00,2025-01-01 18:00:00,0.9999845027923584,1,1,0.6857143044471741,110,HS2003085,HS1314237
131,2025-01-01 13:10:00,2025-01-01 19:00:00,0.999984860420227,1,1,0.8571428656578064,110,HS2003085,HS1314237
131,2025-01-01 14:10:00,2025-01-01 20:00:00,0.9999889135360718,1,1,1.0,110,HS2003085,HS1344263
131,2025-01-01 15:10:00,2025-01-01 21:00:00,0.9999914169311523,1,1,0.8285714387893677,110,HS2003085,HS1344263
131,2025-01-01 16:10:00,2025-01-01 22:00:00,0.9996627569198608,1,1,0.6571428775787354,110,HS2003085,HS1306601
131,2025-01-01 17:10:00,2025-01-01 23:00:00,0.9659920334815979,1,0,0.48571428656578064,-1,HS2003085,HS1306601
131,2025-01-01 18:10:00,2025-01-02 00:00:00,0.6387125849723816,1,0,0.3142857253551483,-1,HS2003085,HS1306601
131,2025-01-01 19:10:00,2025-01-02 01:00:00,0.4825500547885895,0,0,0.1428571492433548,-1,HS2003085,HS1306904
131,2025-01-01 20:10:00,2025-01-02 02:00:00,0.9758309721946716,1,0,0.0,-1,HS2003085,HS1313298
131,2025-01-01 21:10:00,2025-01-02 03:00:00,0.9906225800514221,1,0,0.0,-1,HS2003085,HS1313298
131,2025-01-01 22:10:00,2025-01-02 04:00:00,0.981797456741333,1,0,0.0,-1,HS2003085,HS1313298
131,2025-01-01 23:10:00,2025-01-02 05:00:00,0.9568130970001221,1,0,0.0,-1,HS2003085,HS1313298
131,2025-01-02 00:10:00,2025-01-02 06:00:00,0.9373236298561096,1,0,0.0,-1,HS2003085,HS1313298
131,2025-01-02 01:10:00,2025-01-02 07:00:00,0.9412169456481934,1,0,0.0,-1,HS2003085,HS1313298
131,2025-01-02 02:10:00,2025-01-02 08:00:00,0.951472282409668,1,0,0.0,-1,HS2003085,HS1313298
131,2025-01-02 03:10:00,2025-01-02 09:00:00,0.962547779083252,1,0,0.0,-1,HS2003085,HS1313298
131,2025-01-02 04:10:00,2025-01-02 10:00:00,0.9703959226608276,1,0,0.0,-1,HS2003085,HS1313001
131,2025-01-02 05:10:00,2025-01-02 11:00:00,0.9752203226089478,1,0,0.0,-1,HS2003085,HS1313001
131,2025-01-02 06:10:00,2025-01-02 12:00:00,0.976624071598053,1,0,0.0,-1,HS2003085,HS1313001
131,2025-01-02 07:10:00,2025-01-02 13:00:00,0.9772547483444214,1,0,0.0,-1,HS2003085,HS1313925
131,2025-01-02 08:10:00,2025-01-02 14:00:00,0.9776496887207031,1,0,0.0,-1,HS2003085,HS1313925
131,2025-01-02 09:10:00,2025-01-02 15:00:00,0.9767388105392456,1,0,0.0,-1,HS2003085,HS1313925
131,2025-01-02 10:10:00,2025-01-02 16:00:00,0.976847231388092,1,0,0.0,-1,HS2003085,HS1313925
131,2025-01-02 11:10:00,2025-01-02 17:00:00,0.9772632718086243,1,0,0.0,-1,HS2003085,HS1313925
131,2025-01-02 12:10:00,2025-01-02 18:00:00,0.9775744080543518,1,0,0.0,-1,HS2003085,HS1313925
131,2025-01-02 13:10:00,2025-01-02 19:00:00,0.976852297782898,1,0,0.0,-1,HS2003085,HS1313925
131,2025-01-02 14:10:00,2025-01-02 20:00:00,0.975456953048706,1,0,0.0,-1,HS2003085,HS1313001
131,2025-01-02 15:10:00,2025-01-02 21:00:00,0.9745051860809326,1,0,0.0,-1,HS2003085,HS1313001
131,2025-01-02 16:10:00,2025-01-02 22:00:00,0.9827744364738464,1,0,0.0,-1,HS2003085,HS1313001
131,2025-01-02 17:10:00,2025-01-02 23:00:00,0.9913894534111023,1,0,0.0,-1,HS2003085,HS1313298
152,2025-01-01 00:10:00,2025-01-01 06:00:00,0.9999992847442627,1,1,0.6857143044471741,85,HS1316721,HS1313001
152,2025-01-01 01:10:00,2025-01-01 07:00:00,0.9999998807907104,1,1,0.8571428656578064,85,HS1316721,HS1344263
152,2025-01-01 02:10:00,2025-01-01 08:00:00,1.0,1,1,1.0,85,HS1316721,HS1344263
152,2025-01-01 03:10:00,2025-01-01 09:00:00,1.0,1,1,1.0,85,HS1316721,HS1344263
152,2025-01-01 04:10:00,2025-01-01 10:00:00,1.0,1,1,1.0,85,HS1316721,HS1344263
152,2025-01-01 05:10:00,2025-01-01 11:00:00,1.0,1,1,1.0,85,HS1316721,HS1344263
152,2025-01-01 06:10:00,2025-01-01 12:00:00,1.0,1,1,1.0,85,HS1316721,HS1344263
152,2025-01-01 07:10:00,2025-01-01 13:00:00,1.0,1,1,1.0,85,HS1316721,HS1344263
152,2025-01-01 08:10:00,2025-01-01 14:00:00,1.0,1,1,1.0,85,HS1316721,HS1313001
152,2025-01-01 09:10:00,2025-01-01 15:00:00,1.0,1,1,1.0,85,HS1316721,HS1344263
152,2025-01-01 10:10:00,2025-01-01 16:00:00,1.0,1,1,1.0,85,HS1316721,HS1344263
152,2025-01-01 11:10:00,2025-01-01 17:00:00,0.9999998807907104,1,1,1.0,85,HS1316721,HS1313001
152,2025-01-01 12:10:00,2025-01-01 18:00:00,0.9999998807907104,1,1,1.0,85,HS1316721,HS1313001
152,2025-01-01 13:10:00,2025-01-01 19:00:00,0.9999997615814209,1,1,1.0,85,HS1316721,HS1313001
152,2025-01-01 14:10:00,2025-01-01 20:00:00,1.0,1,1,1.0,85,HS1316721,HS1313001
152,2025-01-01 15:10:00,2025-01-01 21:00:00,1.0,1,1,0.8285714387893677,85,HS1316721,HS1344263
152,2025-01-01 16:10:00,2025-01-01 22:00:00,0.9999924898147583,1,1,0.6571428775787354,85,HS1316721,HS1313001
152,2025-01-01 17:10:00,2025-01-01 23:00:00,0.9513912796974182,1,0,0.48571428656578064,-1,HS1316721,HS1313001
152,2025-01-01 18:10:00,2025-01-02 00:00:00,0.32769522070884705,0,0,0.3142857253551483,-1,HS1316721,HS1313025
152,2025-01-01 19:10:00,2025-01-02 01:00:00,0.8414960503578186,1,0,0.1428571492433548,-1,HS1316721,HS1313298
152,2025-01-01 20:10:00,2025-01-02 02:00:00,0.9911487102508545,1,0,0.0,-1,HS1316721,HS1313298
152,2025-01-01 21:10:00,2025-01-02 03:00:00,0.9904130101203918,1,0,0.0,-1,HS1316721,HS1313298
152,2025-01-01 22:10:00,2025-01-02 04:00:00,0.9818857312202454,1,0,0.0,-1,HS1316721,HS1313298
152,2025-01-01 23:10:00,2025-01-02 05:00:00,0.9587007164955139,1,0,0.0,-1,HS1316721,HS1313298
152,2025-01-02 00:10:00,2025-01-02 06:00:00,0.9365019202232361,1,0,0.0,-1,HS1316721,HS1313298
152,2025-01-02 01:10:00,2025-01-02 07:00:00,0.9394304752349854,1,0,0.0,-1,HS1316721,HS1313298
152,2025-01-02 02:10:00,2025-01-02 08:00:00,0.9503461718559265,1,0,0.0,-1,HS1316721,HS1313298
152,2025-01-02 03:10:00,2025-01-02 09:00:00,0.9598998427391052,1,0,0.0,-1,HS1316721,HS1313001
152,2025-01-02 04:10:00,2025-01-02 10:00:00,0.9699085354804993,1,0,0.0,-1,HS1316721,HS1313001
152,2025-01-02 05:10:00,2025-01-02 11:00:00,0.9754146337509155,1,0,0.0,-1,HS1316721,HS1313001
152,2025-01-02 06:10:00,2025-01-02 12:00:00,0.9770698547363281,1,0,0.0,-1,HS1316721,HS1313001
152,2025-01-02 07:10:00,2025-01-02 13:00:00,0.9778472185134888,1,0,0.0,-1,HS1316721,HS1313925
152,2025-01-02 08:10:00,2025-01-02 14:00:00,0.9781111478805542,1,0,0.0,-1,HS1316721,HS1313925
152,2025-01-02 09:10:00,2025-01-02 15:00:00,0.9777230024337769,1,0,0.0,-1,HS1316721,HS1313925
152,2025-01-02 10:10:00,2025-01-02 16:00:00,0.9773187041282654,1,0,0.0,-1,HS1316721,HS1313925
152,2025-01-02 11:10:00,2025-01-02 17:00:00,0.9770309329032898,1,0,0.0,-1,HS1316721,HS1313925
152,2025-01-02 12:10:00,2025-01-02 18:00:00,0.9776450395584106,1,0,0.0,-1,HS1316721,HS1313925
152,2025-01-02 13:10:00,2025-01-02 19:00:00,0.9779186844825745,1,0,0.0,-1,HS1316721,HS1313925
152,2025-01-02 14:10:00,2025-01-02 20:00:00,0.9766637682914734,1,0,0.0,-1,HS1316721,HS1313001
152,2025-01-02 15:10:00,2025-01-02 21:00:00,0.9761844873428345,1,0,0.0,-1,HS1316721,HS1313001
152,2025-01-02 16:10:00,2025-01-02 22:00:00,0.9828979969024658,1,0,0.0,-1,HS1316721,HS1313001
152,2025-01-02 17:10:00,2025-01-02 23:00:00,0.9913021326065063,1,0,0.0,-1,HS1316721,HS1313298
360,2025-01-01 00:10:00,2025-01-01 06:00:00,0.999784529209137,1,1,1.0,80,HS1316643,HS1313597
360,2025-01-01 01:10:00,2025-01-01 07:00:00,0.9996961355209351,1,1,0.8285714387893677,80,HS1316643,HS1313597
360,2025-01-01 02:10:00,2025-01-01 08:00:00,0.9966803789138794,1,1,0.6571428775787354,80,HS1316643,HS1313025
360,2025-01-01 03:10:00,2025-01-01 09:00:00,0.9567452073097229,1,0,0.48571428656578064,-1,HS1316643,HS1313298
360,2025-01-01 04:10:00,2025-01-01 10:00:00,0.9373071789741516,1,0,0.3142857253551483,-1,HS1316643,HS1313298
360,2025-01-01 05:10:00,2025-01-01 11:00:00,0.9711176156997681,1,0,0.1428571492433548,-1,HS1316643,HS1313001
360,2025-01-01 06:10:00,2025-01-01 12:00:00,0.9784351587295532,1,0,0.0,-1,HS1316643,HS1313925
360,2025-01-01 07:10:00,2025-01-01 13:00:00,0.9774004817008972,1,0,0.0,-1,HS1316643,HS1313001
360,2025-01-01 08:10:00,2025-01-01 14:00:00,0.9773297309875488,1,0,0.0,-1,HS1316643,HS1313925
360,2025-01-01 09:10:00,2025-01-01 15:00:00,0.9773072004318237,1,0,0.0,-1,HS1316643,HS1313925
360,2025-01-01 10:10:00,2025-01-01 16:00:00,0.9773775935173035,1,0,0.0,-1,HS1316643,HS1313925
360,2025-01-01 11:10:00,2025-01-01 17:00:00,0.9773513674736023,1,0,0.0,-1,HS1316643,HS1313925
360,2025-01-01 12:10:00,2025-01-01 18:00:00,0.9783799052238464,1,0,0.0,-1,HS1316643,HS1313925
360,2025-01-01 13:10:00,2025-01-01 19:00:00,0.9786481857299805,1,0,0.0,-1,HS1316643,HS1313925
360,2025-01-01 14:10:00,2025-01-01 20:00:00,0.9786487221717834,1,0,0.0,-1,HS1316643,HS1313001
360,2025-01-01 15:10:00,2025-01-01 21:00:00,0.9776889085769653,1,0,0.0,-1,HS1316643,HS1313001
360,2025-01-01 16:10:00,2025-01-01 22:00:00,0.9837825894355774,1,0,0.0,-1,HS1316643,HS1313001
360,2025-01-01 17:10:00,2025-01-01 23:00:00,0.9916887879371643,1,0,0.0,-1,HS1316643,HS1313298
360,2025-01-01 18:10:00,2025-01-02 00:00:00,0.9947131276130676,1,0,0.0,-1,HS1316643,HS1313298
360,2025-01-01 19:10:00,2025-01-02 01:00:00,0.9956327080726624,1,0,0.0,-1,HS1316643,HS1313298
360,2025-01-01 20:10:00,2025-01-02 02:00:00,0.9945059418678284,1,0,0.0,-1,HS1316643,HS1313298
360,2025-01-01 21:10:00,2025-01-02 03:00:00,0.9907597303390503,1,0,0.0,-1,HS1316643,HS1313298
360,2025-01-01 22:10:00,2025-01-02 04:00:00,0.9822354316711426,1,0,0.0,-1,HS1316643,HS1313298
360,2025-01-01 23:10:00,2025-01-02 05:00:00,0.9554411768913269,1,0,0.0,-1,HS1316643,HS1313298
360,2025-01-02 00:10:00,2025-01-02 06:00:00,0.9375331401824951,1,0,0.0,-1,HS1316643,HS1313298
360,2025-01-02 01:10:00,2025-01-02 07:00:00,0.9422452449798584,1,0,0.0,-1,HS1316643,HS1313298
360,2025-01-02 02:10:00,2025-01-02 08:00:00,0.9507453441619873,1,0,0.0,-1,HS1316643,HS1313298
360,2025-01-02 03:10:00,2025-01-02 09:00:00,0.9608844518661499,1,0,0.0,-1,HS1316643,HS1313298
360,2025-01-02 04:10:00,2025-01-02 10:00:00,0.9699991345405579,1,0,0.0,-1,HS1316643,HS1313001
360,2025-01-02 05:10:00,2025-01-02 11:00:00,0.9751978516578674,1,0,0.0,-1,HS1316643,HS1313001
360,2025-01-02 06:10:00,2025-01-02 12:00:00,0.9771382808685303,1,0,0.0,-1,HS1316643,HS1313001
360,2025-01-02 07:10:00,2025-01-02 13:00:00,0.9775148034095764,1,0,0.0,-1,HS1316643,HS1313925
360,2025-01-02 08:10:00,2025-01-02 14:00:00,0.9776216745376587,1,0,0.0,-1,HS1316643,HS1313925
360,2025-01-02 09:10:00,2025-01-02 15:00:00,0.9772526621818542,1,0,0.0,-1,HS1316643,HS1313925
360,2025-01-02 10:10:00,2025-01-02 16:00:00,0.9772456288337708,1,0,0.0,-1,HS1316643,HS1313925
360,2025-01-02 11:10:00,2025-01-02 17:00:00,0.977605938911438,1,0,0.0,-1,HS1316643,HS1313925
360,2025-01-02 12:10:00,2025-01-02 18:00:00,0.9776896834373474,1,0,0.0,-1,HS1316643,HS1313925
360,2025-01-02 13:10:00,2025-01-02 19:00:00,0.9774788618087769,1,0,0.0,-1,HS1316643,HS1313925
360,2025-01-02 14:10:00,2025-01-02 20:00:00,0.976469099521637,1,0,0.0,-1,HS1316643,HS1313001
360,2025-01-02 15:10:00,2025-01-02 21:00:00,0.9755840301513672,1,0,0.0,-1,HS1316643,HS1313001
360,2025-01-02 16:10:00,2025-01-02 22:00:00,0.9827626943588257,1,0,0.0,-1,HS1316643,HS1313001
360,2025-01-02 17:10:00,2025-01-02 23:00:00,0.9915209412574768,1,0,0.0,-1,HS1316643,HS1313298
100,2025-01-01 00:10:00,2025-01-01 06:00:00,1.0,1,1,0.6857143044471741,4,HS1306601,HS1313140
100,2025-01-01 01:10:00,2025-01-01 07:00:00,1.0,1,1,0.8571428656578064,4,HS1306601,HS1313140
100,2025-01-01 02:10:00,2025-01-01 08:00:00,1.0,1,1,1.0,4,HS1306601,HS1313140
100,2025-01-01 03:10:00,2025-01-01 09:00:00,1.0,1,1,1.0,4,HS1306601,HS1313140
100,2025-01-01 04:10:00,2025-01-01 10:00:00,1.0,1,1,1.0,4,HS1306601,HS1313140
100,2025-01-01 05:10:00,2025-01-01 11:00:00,1.0,1,1,1.0,4,HS1306601,HS1313140
100,2025-01-01 06:10:00,2025-01-01 12:00:00,1.0,1,1,1.0,4,HS1306601,HS1313140
100,2025-01-01 07:10:00,2025-01-01 13:00:00,1.0,1,1,1.0,4,HS1306601,HS1313140
100,2025-01-01 08:10:00,2025-01-01 14:00:00,1.0,1,1,1.0,4,HS1306601,HS1306601
100,2025-01-01 09:10:00,2025-01-01 15:00:00,1.0,1,1,0.8285714387893677,4,HS1306601,HS1306601
100,2025-01-01 10:10:00,2025-01-01 16:00:00,1.0,1,1,0.6571428775787354,4,HS1306601,HS1306571
100,2025-01-01 11:10:00,2025-01-01 17:00:00,0.9732495546340942,1,0,0.48571428656578064,-1,HS1306601,HS1306571
100,2025-01-01 12:10:00,2025-01-01 18:00:00,0.03908291086554527,0,0,0.3142857253551483,-1,HS1306601,HS1306904
100,2025-01-01 13:10:00,2025-01-01 19:00:00,0.04399547725915909,0,0,0.1428571492433548,-1,HS1306601,HS1306904
100,2025-01-01 14:10:00,2025-01-01 20:00:00,0.5698944330215454,1,0,0.0,-1,HS1306601,HS1313205
100,2025-01-01 15:10:00,2025-01-01 21:00:00,0.9784293174743652,1,0,0.0,-1,HS1306601,HS1313001
100,2025-01-01 16:10:00,2025-01-01 22:00:00,0.9845996499061584,1,0,0.0,-1,HS1306601,HS1313001
100,2025-01-01 17:10:00,2025-01-01 23:00:00,0.9917032122612,1,0,0.0,-1,HS1306601,HS1313298
100,2025-01-01 18:10:00,2025-01-02 00:00:00,0.9947342872619629,1,0,0.0,-1,HS1306601,HS1313298
100,2025-01-01 19:10:00,2025-01-02 01:00:00,0.9956926703453064,1,0,0.0,-1,HS1306601,HS1313298
100,2025-01-01 20:10:00,2025-01-02 02:00:00,0.994641900062561,1,0,0.0,-1,HS1306601,HS1313298
100,2025-01-01 21:10:00,2025-01-02 03:00:00,0.9909777641296387,1,0,0.0,-1,HS1306601,HS1313298
100,2025-01-01 22:10:00,2025-01-02 04:00:00,0.9822524785995483,1,0,0.0,-1,HS1306601,HS1313298
100,2025-01-01 23:10:00,2025-01-02 05:00:00,0.9564098715782166,1,0,0.0,-1,HS1306601,HS1313298
100,2025-01-02 00:10:00,2025-01-02 06:00:00,0.9397303462028503,1,0,0.0,-1,HS1306601,HS1313298
100,2025-01-02 01:10:00,2025-01-02 07:00:00,0.944118082523346,1,0,0.0,-1,HS1306601,HS1313298
100,2025-01-02 02:10:00,2025-01-02 08:00:00,0.9519712924957275,1,0,0.0,-1,HS1306601,HS1313298
100,2025-01-02 03:10:00,2025-01-02 09:00:00,0.9600225687026978,1,0,0.0,-1,HS1306601,HS1313298
100,2025-01-02 04:10:00,2025-01-02 10:00:00,0.9696076512336731,1,0,0.0,-1,HS1306601,HS1313001
100,2025-01-02 05:10:00,2025-01-02 11:00:00,0.9753443598747253,1,0,0.0,-1,HS1306601,HS1313001
100,2025-01-02 06:10:00,2025-01-02 12:00:00,0.9771003723144531,1,0,0.0,-1,HS1306601,HS1313001
100,2025-01-02 07:10:00,2025-01-02 13:00:00,0.9774425029754639,1,0,0.0,-1,HS1306601,HS1313925
100,2025-01-02 08:10:00,2025-01-02 14:00:00,0.9775059223175049,1,0,0.0,-1,HS1306601,HS1313925
100,2025-01-02 09:10:00,2025-01-02 15:00:00,0.9768635034561157,1,0,0.0,-1,HS1306601,HS1313925
100,2025-01-02 10:10:00,2025-01-02 16:00:00,0.9775620102882385,1,0,0.0,-1,HS1306601,HS1313925
100,2025-01-02 11:10:00,2025-01-02 17:00:00,0.9784682393074036,1,0,0.0,-1,HS1306601,HS1313925
100,2025-01-02 12:10:00,2025-01-02 18:00:00,0.9782285094261169,1,0,0.0,-1,HS1306601,HS1313925
100,2025-01-02 13:10:00,2025-01-02 19:00:00,0.9774972796440125,1,0,0.0,-1,HS1306601,HS1313925
100,2025-01-02 14:10:00,2025-01-02 20:00:00,0.9766769409179688,1,0,0.0,-1,HS1306601,HS1313001
100,2025-01-02 15:10:00,2025-01-02 21:00:00,0.9757072329521179,1,0,0.0,-1,HS1306601,HS1313001
100,2025-01-02 16:10:00,2025-01-02 22:00:00,0.9828158020973206,1,0,0.0,-1,HS1306601,HS1313001
100,2025-01-02 17:10:00,2025-01-02 23:00:00,0.9914268255233765,1,0,0.0,-1,HS1306601,HS1313298
373,2025-01-01 00:10:00,2025-01-01 06:00:00,0.9402471780776978,1,0,0.0,-1,HS1344263,HS1313298
373,2025-01-01 01:10:00,2025-01-01 07:00:00,0.9419737458229065,1,0,0.0,-1,HS1344263,HS1313298
373,2025-01-01 02:10:00,2025-01-01 08:00:00,0.9486743211746216,1,0,0.0,-1,HS1344263,HS1313298
373,2025-01-01 03:10:00,2025-01-01 09:00:00,0.9596861600875854,1,0,0.0,-1,HS1344263,HS1313298
373,2025-01-01 04:10:00,2025-01-01 10:00:00,0.9698736667633057,1,0,0.0,-1,HS1344263,HS1313001
373,2025-01-01 05:10:00,2025-01-01 11:00:00,0.9753588438034058,1,0,0.0,-1,HS1344263,HS1313001
373,2025-01-01 06:10:00,2025-01-01 12:00:00,0.9769928455352783,1,0,0.0,-1,HS1344263,HS1313001
373,2025-01-01 07:10:00,2025-01-01 13:00:00,0.977516770362854,1,0,0.0,-1,HS1344263,HS1313925
373,2025-01-01 08:10:00,2025-01-01 14:00:00,0.9775935411453247,1,0,0.0,-1,HS1344263,HS1313925
373,2025-01-01 09:10:00,2025-01-01 15:00:00,0.9774520397186279,1,0,0.0,-1,HS1344263,HS1313925
373,2025-01-01 10:10:00,2025-01-01 16:00:00,0.9771436452865601,1,0,0.0,-1,HS1344263,HS1313925
373,2025-01-01 11:10:00,2025-01-01 17:00:00,0.9772705435752869,1,0,0.0,-1,HS1344263,HS1313925
373,2025-01-01 12:10:00,2025-01-01 18:00:00,0.9775956869125366,1,0,0.0,-1,HS1344263,HS1313925
373,2025-01-01 13:10:00,2025-01-01 19:00:00,0.9629643559455872,1,0,0.17142857611179352,-1,HS1344263,HS1306554
373,2025-01-01 14:10:00,2025-01-01 20:00:00,0.978955864906311,1,0,0.34285715222358704,-1,HS1344263,HS1313298
373,2025-01-01 15:10:00,2025-01-01 21:00:00,0.9992514252662659,1,1,0.5142857432365417,101,HS1344263,HS1313298
373,2025-01-01 16:10:00,2025-01-01 22:00:00,0.9999649524688721,1,1,0.6857143044471741,101,HS1344263,HS1306904
373,2025-01-01 17:10:00,2025-01-01 23:00:00,0.9999959468841553,1,1,0.8571428656578064,101,HS1344263,HS1306904
373,2025-01-01 18:10:00,2025-01-02 00:00:00,0.9999982118606567,1,1,1.0,101,HS1344263,HS1306904
373,2025-01-01 19:10:00,2025-01-02 01:00:00,0.999996542930603,1,1,1.0,101,HS1344263,HS1306904
373,2025-01-01 20:10:00,2025-01-02 02:00:00,0.9999936819076538,1,1,1.0,101,HS1344263,HS1306904
373,2025-01-01 21:10:00,2025-01-02 03:00:00,0.9999922513961792,1,1,1.0,101,HS1344263,HS1306904
373,2025-01-01 22:10:00,2025-01-02 04:00:00,0.9999853372573853,1,1,1.0,101,HS1344263,HS1313597
373,2025-01-01 23:10:00,2025-01-02 05:00:00,0.9999703168869019,1,1,1.0,101,HS1344263,HS1306904
373,2025-01-02 00:10:00,2025-01-02 06:00:00,0.9999728202819824,1,1,1.0,101,HS1344263,HS1306904
373,2025-01-02 01:10:00,2025-01-02 07:00:00,0.9999759197235107,1,1,1.0,101,HS1344263,HS1306904
373,2025-01-02 02:10:00,2025-01-02 08:00:00,0.999946117401123,1,1,1.0,101,HS1344263,HS1306904
373,2025-01-02 03:10:00,2025-01-02 09:00:00,0.9997779726982117,1,1,1.0,101,HS1344263,HS1306904
373,2025-01-02 04:10:00,2025-01-02 10:00:00,0.9997729659080505,1,1,1.0,101,HS1344263,HS1306904
373,2025-01-02 05:10:00,2025-01-02 11:00:00,0.9999129772186279,1,1,1.0,101,HS1344263,HS1306904
373,2025-01-02 06:10:00,2025-01-02 12:00:00,0.9999586343765259,1,1,1.0,101,HS1344263,HS1306904
373,2025-01-02 07:10:00,2025-01-02 13:00:00,0.9999715089797974,1,1,1.0,101,HS1344263,HS1306904
373,2025-01-02 08:10:00,2025-01-02 14:00:00,0.9999785423278809,1,1,1.0,101,HS1344263,HS1306904
373,2025-01-02 09:10:00,2025-01-02 15:00:00,0.9999829530715942,1,1,1.0,101,HS1344263,HS1306904
373,2025-01-02 10:10:00,2025-01-02 16:00:00,0.9999933242797852,1,1,1.0,101,HS1344263,HS1306904
373,2025-01-02 11:10:00,2025-01-02 17:00:00,0.9999969005584717,1,1,1.0,101,HS1344263,HS1306904
373,2025-01-02 12:10:00,2025-01-02 18:00:00,0.9999970197677612,1,1,1.0,101,HS1344263,HS1306904
373,2025-01-02 13:10:00,2025-01-02 19:00:00,0.9999921321868896,1,1,0.8285714387893677,101,HS1344263,HS1308259
373,2025-01-02 14:10:00,2025-01-02 20:00:00,0.9999061822891235,1,1,0.6571428775787354,101,HS1344263,HS1308259
373,2025-01-02 15:10:00,2025-01-02 21:00:00,0.9986386895179749,1,0,0.48571428656578064,-1,HS1344263,HS1313298
373,2025-01-02 16:10:00,2025-01-02 22:00:00,0.9936343431472778,1,0,0.3142857253551483,-1,HS1344263,HS1313298
373,2025-01-02 17:10:00,2025-01-02 23:00:00,0.9915043711662292,1,0,0.1428571492433548,-1,HS1344263,HS1313298
88,2025-01-01 00:10:00,2025-01-01 06:00:00,1.0,1,1,0.6857143044471741,117,MH0200661,MH0201710
88,2025-01-01 01:10:00,2025-01-01 07:00:00,1.0,1,1,0.8571428656578064,117,MH0200661,MH0201710
88,2025-01-01 02:10:00,2025-01-01 08:00:00,1.0,1,1,1.0,117,MH0200661,MH0201710
88,2025-01-01 03:10:00,2025-01-01 09:00:00,1.0,1,1,1.0,117,MH0200661,MH0201710
88,2025-01-01 04:10:00,2025-01-01 10:00:00,1.0,1,1,1.0,117,MH0200661,MH0201710
88,2025-01-01 05:10:00,2025-01-01 11:00:00,1.0,1,1,1.0,117,MH0200661,MH0201710
88,2025-01-01 06:10:00,2025-01-01 12:00:00,1.0,1,1,1.0,117,MH0200661,MH0201710
88,2025-01-01 07:10:00,2025-01-01 13:00:00,1.0,1,1,1.0,117,MH0200661,MH0201710
88,2025-01-01 08:10:00,2025-01-01 14:00:00,1.0,1,1,1.0,117,MH0200661,MH0201710
88,2025-01-01 09:10:00,2025-01-01 15:00:00,1.0,1,1,1.0,117,MH0200661,MH0201710
88,2025-01-01 10:10:00,2025-01-01 16:00:00,1.0,1,1,1.0,117,MH0200661,MH0201710
88,2025-01-01 11:10:00,2025-01-01 17:00:00,1.0,1,1,1.0,117,MH0200661,MH0201710
88,2025-01-01 12:10:00,2025-01-01 18:00:00,1.0,1,1,1.0,117,MH0200661,MH0201710
88,2025-01-01 13:10:00,2025-01-01 19:00:00,1.0,1,1,1.0,117,MH0200661,MH0201710
88,2025-01-01 14:10:00,2025-01-01 20:00:00,1.0,1,1,1.0,117,MH0200661,MH0201710
88,2025-01-01 15:10:00,2025-01-01 21:00:00,1.0,1,1,1.0,117,MH0200661,MH0201710
88,2025-01-01 16:10:00,2025-01-01 22:00:00,1.0,1,1,1.0,117,MH0200661,MH0201710
88,2025-01-01 17:10:00,2025-01-01 23:00:00,1.0,1,1,1.0,117,MH0200661,MH0201710
88,2025-01-01 18:10:00,2025-01-02 00:00:00,1.0,1,1,1.0,117,MH0200661,MH0201710
88,2025-01-01 19:10:00,2025-01-02 01:00:00,1.0,1,1,1.0,117,MH0200661,MH0201710
88,2025-01-01 20:10:00,2025-01-02 02:00:00,1.0,1,1,1.0,117,MH0200661,MH0201710
88,2025-01-01 21:10:00,2025-01-02 03:00:00,1.0,1,1,0.8285714387893677,117,MH0200661,MH0201710
88,2025-01-01 22:10:00,2025-01-02 04:00:00,1.0,1,1,0.6571428775787354,117,MH0200661,MH0201710
88,2025-01-01 23:10:00,2025-01-02 05:00:00,1.0,1,0,0.48571428656578064,-1,MH0200661,MH0201710
88,2025-01-02 00:10:00,2025-01-02 06:00:00,0.9999946355819702,1,0,0.3142857253551483,-1,MH0200661,MH0201710
88,2025-01-02 01:10:00,2025-01-02 07:00:00,0.9650565981864929,1,0,0.1428571492433548,-1,MH0200661,MH0201710
88,2025-01-02 02:10:00,2025-01-02 08:00:00,0.18814900517463684,0,0,0.0,-1,MH0200661,HS1313597
88,2025-01-02 03:10:00,2025-01-02 09:00:00,0.27433720231056213,0,0,0.0,-1,MH0200661,HS1306904
88,2025-01-02 04:10:00,2025-01-02 10:00:00,0.8402766585350037,1,0,0.0,-1,MH0200661,HS1313925
88,2025-01-02 05:10:00,2025-01-02 11:00:00,0.9849814176559448,1,0,0.0,-1,MH0200661,HS1313925
88,2025-01-02 06:10:00,2025-01-02 12:00:00,0.9772860407829285,1,0,0.0,-1,MH0200661,HS1313001
88,2025-01-02 07:10:00,2025-01-02 13:00:00,0.9779735207557678,1,0,0.0,-1,MH0200661,HS1313001
88,2025-01-02 08:10:00,2025-01-02 14:00:00,0.9776637554168701,1,0,0.0,-1,MH0200661,HS1313925
88,2025-01-02 09:10:00,2025-01-02 15:00:00,0.9771690368652344,1,0,0.0,-1,MH0200661,HS1313925
88,2025-01-02 10:10:00,2025-01-02 16:00:00,0.9771965742111206,1,0,0.0,-1,MH0200661,HS1313925
88,2025-01-02 11:10:00,2025-01-02 17:00:00,0.9776185154914856,1,0,0.0,-1,MH0200661,HS1313925
88,2025-01-02 12:10:00,2025-01-02 18:00:00,0.9777024984359741,1,0,0.0,-1,MH0200661,HS1313925
88,2025-01-02 13:10:00,2025-01-02 19:00:00,0.9774625301361084,1,0,0.0,-1,MH0200661,HS1313925
88,2025-01-02 14:10:00,2025-01-02 20:00:00,0.9764326214790344,1,0,0.0,-1,MH0200661,HS1313001
88,2025-01-02 15:10:00,2025-01-02 21:00:00,0.9755570292472839,1,0,0.0,-1,MH0200661,HS1313001
88,2025-01-02 16:10:00,2025-01-02 22:00:00,0.9827606678009033,1,0,0.0,-1,MH0200661,HS1313001
88,2025-01-02 17:10:00,2025-01-02 23:00:00,0.991517961025238,1,0,0.0,-1,MH0200661,HS1313298
331,2025-01-01 00:10:00,2025-01-01 06:00:00,0.9999372959136963,1,1,1.0,57,HS1314477,HS1306904
331,2025-01-01 01:10:00,2025-01-01 07:00:00,0.9999403953552246,1,1,0.8285714387893677,57,HS1314477,HS1306904
331,2025-01-01 02:10:00,2025-01-01 08:00:00,0.9989449381828308,1,1,0.6571428775787354,57,HS1314477,HS1306904
331,2025-01-01 03:10:00,2025-01-01 09:00:00,0.96515953540802,1,0,0.48571428656578064,-1,HS1314477,HS1306904
331,2025-01-01 04:10:00,2025-01-01 10:00:00,0.9023098945617676,1,0,0.3142857253551483,-1,HS1314477,HS1306904
331,2025-01-01 05:10:00,2025-01-01 11:00:00,0.9385477900505066,1,0,0.1428571492433548,-1,HS1314477,HS1313001
331,2025-01-01 06:10:00,2025-01-01 12:00:00,0.9765501618385315,1,0,0.0,-1,HS1314477,HS1313001
331,2025-01-01 07:10:00,2025-01-01 13:00:00,0.9769914746284485,1,0,0.0,-1,HS1314477,HS1313001
331,2025-01-01 08:10:00,2025-01-01 14:00:00,0.9773246645927429,1,0,0.0,-1,HS1314477,HS1313925
331,2025-01-01 09:10:00,2025-01-01 15:00:00,0.9770753383636475,1,0,0.0,-1,HS1314477,HS1313925
331,2025-01-01 10:10:00,2025-01-01 16:00:00,0.9773682355880737,1,0,0.0,-1,HS1314477,HS1313925
331,2025-01-01 11:10:00,2025-01-01 17:00:00,0.9774052500724792,1,0,0.0,-1,HS1314477,HS1313925
331,2025-01-01 12:10:00,2025-01-01 18:00:00,0.9781004190444946,1,0,0.0,-1,HS1314477,HS1313925
331,2025-01-01 13:10:00,2025-01-01 19:00:00,0.9781323671340942,1,0,0.0,-1,HS1314477,HS1313925
331,2025-01-01 14:10:00,2025-01-01 20:00:00,0.9784277677536011,1,0,0.0,-1,HS1314477,HS1313001
331,2025-01-01 15:10:00,2025-01-01 21:00:00,0.9776236414909363,1,0,0.0,-1,HS1314477,HS1313001
331,2025-01-01 16:10:00,2025-01-01 22:00:00,0.9836342334747314,1,0,0.0,-1,HS1314477,HS1313001
331,2025-01-01 17:10:00,2025-01-01 23:00:00,0.9918884634971619,1,0,0.0,-1,HS1314477,HS1313298
331,2025-01-01 18:10:00,2025-01-02 00:00:00,0.9948009252548218,1,0,0.0,-1,HS1314477,HS1313298
331,2025-01-01 19:10:00,2025-01-02 01:00:00,0.9956022500991821,1,0,0.0,-1,HS1314477,HS1313298
331,2025-01-01 20:10:00,2025-01-02 02:00:00,0.9944928884506226,1,0,0.0,-1,HS1314477,HS1313298
331,2025-01-01 21:10:00,2025-01-02 03:00:00,0.9907324314117432,1,0,0.0,-1,HS1314477,HS1313298
331,2025-01-01 22:10:00,2025-01-02 04:00:00,0.9821444749832153,1,0,0.0,-1,HS1314477,HS1313298
331,2025-01-01 23:10:00,2025-01-02 05:00:00,0.9569164514541626,1,0,0.0,-1,HS1314477,HS1313298
331,2025-01-02 00:10:00,2025-01-02 06:00:00,0.9371086955070496,1,0,0.0,-1,HS1314477,HS1313298
331,2025-01-02 01:10:00,2025-01-02 07:00:00,0.9407814741134644,1,0,0.0,-1,HS1314477,HS1313298
331,2025-01-02 02:10:00,2025-01-02 08:00:00,0.9511497616767883,1,0,0.0,-1,HS1314477,HS1313298
331,2025-01-02 03:10:00,2025-01-02 09:00:00,0.962221086025238,1,0,0.0,-1,HS1314477,HS1313298
331,2025-01-02 04:10:00,2025-01-02 10:00:00,0.9704504609107971,1,0,0.0,-1,HS1314477,HS1313001
331,2025-01-02 05:10:00,2025-01-02 11:00:00,0.9753892421722412,1,0,0.0,-1,HS1314477,HS1313001
331,2025-01-02 06:10:00,2025-01-02 12:00:00,0.9768179655075073,1,0,0.0,-1,HS1314477,HS1313001
331,2025-01-02 07:10:00,2025-01-02 13:00:00,0.9773034453392029,1,0,0.0,-1,HS1314477,HS1313925
331,2025-01-02 08:10:00,2025-01-02 14:00:00,0.9775970578193665,1,0,0.0,-1,HS1314477,HS1313925
331,2025-01-02 09:10:00,2025-01-02 15:00:00,0.9770454168319702,1,0,0.0,-1,HS1314477,HS1313925
331,2025-01-02 10:10:00,2025-01-02 16:00:00,0.9769052267074585,1,0,0.0,-1,HS1314477,HS1313925
331,2025-01-02 11:10:00,2025-01-02 17:00:00,0.9771143794059753,1,0,0.0,-1,HS1314477,HS1313925
331,2025-01-02 12:10:00,2025-01-02 18:00:00,0.9771870970726013,1,0,0.0,-1,HS1314477,HS1313925
331,2025-01-02 13:10:00,2025-01-02 19:00:00,0.9767613410949707,1,0,0.0,-1,HS1314477,HS1313925
331,2025-01-02 14:10:00,2025-01-02 20:00:00,0.9756522178649902,1,0,0.0,-1,HS1314477,HS1313001
331,2025-01-02 15:10:00,2025-01-02 21:00:00,0.9748185276985168,1,0,0.0,-1,HS1314477,HS1313001
331,2025-01-02 16:10:00,2025-01-02 22:00:00,0.9825316667556763,1,0,0.0,-1,HS1314477,HS1313001
331,2025-01-02 17:10:00,2025-01-02 23:00:00,0.9913610816001892,1,0,0.0,-1,HS1314477,HS1313298
215,2025-01-01 00:10:00,2025-01-01 06:00:00,0.9402471780776978,1,0,0.0,-1,HS1344902,HS1313298
215,2025-01-01 01:10:00,2025-01-01 07:00:00,0.9419737458229065,1,0,0.0,-1,HS1344902,HS1313298
215,2025-01-01 02:10:00,2025-01-01 08:00:00,0.9486743211746216,1,0,0.0,-1,HS1344902,HS1313298
215,2025-01-01 03:10:00,2025-01-01 09:00:00,0.9596861600875854,1,0,0.0,-1,HS1344902,HS1313298
215,2025-01-01 04:10:00,2025-01-01 10:00:00,0.9698736667633057,1,0,0.0,-1,HS1344902,HS1313001
215,2025-01-01 05:10:00,2025-01-01 11:00:00,0.9753588438034058,1,0,0.0,-1,HS1344902,HS1313001
215,2025-01-01 06:10:00,2025-01-01 12:00:00,0.9769928455352783,1,0,0.0,-1,HS1344902,HS1313001
215,2025-01-01 07:10:00,2025-01-01 13:00:00,0.977516770362854,1,0,0.0,-1,HS1344902,HS1313925
215,2025-01-01 08:10:00,2025-01-01 14:00:00,0.9775935411453247,1,0,0.0,-1,HS1344902,HS1313925
215,2025-01-01 09:10:00,2025-01-01 15:00:00,0.9774520397186279,1,0,0.0,-1,HS1344902,HS1313925
215,2025-01-01 10:10:00,2025-01-01 16:00:00,0.9771436452865601,1,0,0.0,-1,HS1344902,HS1313925
215,2025-01-01 11:10:00,2025-01-01 17:00:00,0.9772705435752869,1,0,0.0,-1,HS1344902,HS1313925
215,2025-01-01 12:10:00,2025-01-01 18:00:00,0.9775956869125366,1,0,0.0,-1,HS1344902,HS1313925
215,2025-01-01 13:10:00,2025-01-01 19:00:00,0.9779080748558044,1,0,0.0,-1,HS1344902,HS1313925
215,2025-01-01 14:10:00,2025-01-01 20:00:00,0.9780827760696411,1,0,0.0,-1,HS1344902,HS1313001
215,2025-01-01 15:10:00,2025-01-01 21:00:00,0.9715616703033447,1,0,0.17142857611179352,-1,HS1344902,HS1313001
215,2025-01-01 16:10:00,2025-01-01 22:00:00,0.9948140382766724,1,0,0.34285715222358704,-1,HS1344902,HS1313298
215,2025-01-01 17:10:00,2025-01-01 23:00:00,0.9998270869255066,1,1,0.5142857432365417,102,HS1344902,HS1313298
215,2025-01-01 18:10:00,2025-01-02 00:00:00,0.9999586343765259,1,1,0.6857143044471741,102,HS1344902,HS1308259
215,2025-01-01 19:10:00,2025-01-02 01:00:00,0.9999622106552124,1,1,0.8571428656578064,102,HS1344902,HS1308259
215,2025-01-01 20:10:00,2025-01-02 02:00:00,0.999934196472168,1,1,1.0,102,HS1344902,HS1308259
215,2025-01-01 21:10:00,2025-01-02 03:00:00,0.9998719692230225,1,1,1.0,102,HS1344902,HS1344263
215,2025-01-01 22:10:00,2025-01-02 04:00:00,0.9997068047523499,1,1,1.0,102,HS1344902,HS1344263
215,2025-01-01 23:10:00,2025-01-02 05:00:00,0.9992145299911499,1,1,1.0,102,HS1344902,HS1344263
215,2025-01-02 00:10:00,2025-01-02 06:00:00,0.9989461302757263,1,1,1.0,102,HS1344902,HS1344263
215,2025-01-02 01:10:00,2025-01-02 07:00:00,0.9988981485366821,1,1,1.0,102,HS1344902,HS1344263
215,2025-01-02 02:10:00,2025-01-02 08:00:00,0.9976713061332703,1,1,1.0,102,HS1344902,HS1313597
215,2025-01-02 03:10:00,2025-01-02 09:00:00,0.9971387386322021,1,1,1.0,102,HS1344902,HS1313597
215,2025-01-02 04:10:00,2025-01-02 10:00:00,0.9987385869026184,1,1,1.0,102,HS1344902,HS1313597
215,2025-01-02 05:10:00,2025-01-02 11:00:00,0.9990196228027344,1,1,1.0,102,HS1344902,HS1313597
215,2025-01-02 06:10:00,2025-01-02 12:00:00,0.9992117881774902,1,1,1.0,102,HS1344902,HS1313597
215,2025-01-02 07:10:00,2025-01-02 13:00:00,0.9993354678153992,1,1,1.0,102,HS1344902,HS1313597
215,2025-01-02 08:10:00,2025-01-02 14:00:00,0.9992862343788147,1,1,1.0,102,HS1344902,HS1313597
215,2025-01-02 09:10:00,2025-01-02 15:00:00,0.998889148235321,1,1,0.8285714387893677,102,HS1344902,HS1313597
215,2025-01-02 10:10:00,2025-01-02 16:00:00,0.9968054294586182,1,1,0.6571428775787354,102,HS1344902,HS1313298
215,2025-01-02 11:10:00,2025-01-02 17:00:00,0.9858001470565796,1,0,0.48571428656578064,-1,HS1344902,HS1313298
215,2025-01-02 12:10:00,2025-01-02 18:00:00,0.9704621434211731,1,0,0.3142857253551483,-1,HS1344902,HS1313298
215,2025-01-02 13:10:00,2025-01-02 19:00:00,0.976154625415802,1,0,0.1428571492433548,-1,HS1344902,HS1316417
215,2025-01-02 14:10:00,2025-01-02 20:00:00,0.9777911305427551,1,0,0.0,-1,HS1344902,HS1313001
215,2025-01-02 15:10:00,2025-01-02 21:00:00,0.9772124886512756,1,0,0.0,-1,HS1344902,HS1313001
215,2025-01-02 16:10:00,2025-01-02 22:00:00,0.9833009243011475,1,0,0.0,-1,HS1344902,HS1313001
215,2025-01-02 17:10:00,2025-01-02 23:00:00,0.9917388558387756,1,0,0.0,-1,HS1344902,HS1313298
122,2025-01-01 00:10:00,2025-01-01 06:00:00,0.9402471780776978,1,0,0.0,-1,HS1313140,HS1313298
122,2025-01-01 01:10:00,2025-01-01 07:00:00,0.9419737458229065,1,0,0.0,-1,HS1313140,HS1313298
122,2025-01-01 02:10:00,2025-01-01 08:00:00,0.9486743211746216,1,0,0.0,-1,HS1313140,HS1313298
122,2025-01-01 03:10:00,2025-01-01 09:00:00,0.22205330431461334,0,0,0.17142857611179352,-1,HS1313140,HS1313140
122,2025-01-01 04:10:00,2025-01-01 10:00:00,0.9999599456787109,1,0,0.34285715222358704,-1,HS1313140,HS1313140
122,2025-01-01 05:10:00,2025-01-01 11:00:00,1.0,1,1,0.5142857432365417,23,HS1313140,HS1313140
122,2025-01-01 06:10:00,2025-01-01 12:00:00,1.0,1,1,0.6857143044471741,23,HS1313140,HS1313140
122,2025-01-01 07:10:00,2025-01-01 13:00:00,1.0,1,1,0.8571428656578064,23,HS1313140,HS1313140
122,2025-01-01 08:10:00,2025-01-01 14:00:00,1.0,1,1,1.0,23,HS1313140,HS1313140
122,2025-01-01 09:10:00,2025-01-01 15:00:00,1.0,1,1,0.8285714387893677,23,HS1313140,HS1313140
122,2025-01-01 10:10:00,2025-01-01 16:00:00,1.0,1,1,0.6571428775787354,23,HS1313140,HS1313140
122,2025-01-01 11:10:00,2025-01-01 17:00:00,0.9968656897544861,1,0,0.48571428656578064,-1,HS1313140,HS1313140
122,2025-01-01 12:10:00,2025-01-01 18:00:00,0.05852774903178215,0,0,0.3142857253551483,-1,HS1313140,HS1313140
122,2025-01-01 13:10:00,2025-01-01 19:00:00,0.017167646437883377,0,0,0.1428571492433548,-1,HS1313140,HS1306571
122,2025-01-01 14:10:00,2025-01-01 20:00:00,0.3715587854385376,0,0,0.0,-1,HS1313140,HS1306571
122,2025-01-01 15:10:00,2025-01-01 21:00:00,0.9773091673851013,1,0,0.0,-1,HS1313140,HS1313001
122,2025-01-01 16:10:00,2025-01-01 22:00:00,0.9836148619651794,1,0,0.0,-1,HS1313140,HS1313001
122,2025-01-01 17:10:00,2025-01-01 23:00:00,0.9918815493583679,1,0,0.0,-1,HS1313140,HS1313298
122,2025-01-01 18:10:00,2025-01-02 00:00:00,0.9947994947433472,1,0,0.0,-1,HS1313140,HS1313298
122,2025-01-01 19:10:00,2025-01-02 01:00:00,0.9956027269363403,1,0,0.0,-1,HS1313140,HS1313298
122,2025-01-01 20:10:00,2025-01-02 02:00:00,0.9944891929626465,1,0,0.0,-1,HS1313140,HS1313298
122,2025-01-01 21:10:00,2025-01-02 03:00:00,0.9907292723655701,1,0,0.0,-1,HS1313140,HS1313298
122,2025-01-01 22:10:00,2025-01-02 04:00:00,0.9821565747261047,1,0,0.0,-1,HS1313140,HS1313298
122,2025-01-01 23:10:00,2025-01-02 05:00:00,0.957030177116394,1,0,0.0,-1,HS1313140,HS1313298
122,2025-01-02 00:10:00,2025-01-02 06:00:00,0.9373366236686707,1,0,0.0,-1,HS1313140,HS1313298
122,2025-01-02 01:10:00,2025-01-02 07:00:00,0.9409655332565308,1,0,0.0,-1,HS1313140,HS1313298
122,2025-01-02 02:10:00,2025-01-02 08:00:00,0.9512602090835571,1,0,0.0,-1,HS1313140,HS1313298
122,2025-01-02 03:10:00,2025-01-02 09:00:00,0.9623051881790161,1,0,0.0,-1,HS1313140,HS1313298
122,2025-01-02 04:10:00,2025-01-02 10:00:00,0.970446765422821,1,0,0.0,-1,HS1313140,HS1313001
122,2025-01-02 05:10:00,2025-01-02 11:00:00,0.9753575921058655,1,0,0.0,-1,HS1313140,HS1313001
122,2025-01-02 06:10:00,2025-01-02 12:00:00,0.9767796397209167,1,0,0.0,-1,HS1313140,HS1313001
122,2025-01-02 07:10:00,2025-01-02 13:00:00,0.9772937893867493,1,0,0.0,-1,HS1313140,HS1313925
122,2025-01-02 08:10:00,2025-01-02 14:00:00,0.9776073098182678,1,0,0.0,-1,HS1313140,HS1313925
122,2025-01-02 09:10:00,2025-01-02 15:00:00,0.9770784378051758,1,0,0.0,-1,HS1313140,HS1313925
122,2025-01-02 10:10:00,2025-01-02 16:00:00,0.9769502878189087,1,0,0.0,-1,HS1313140,HS1313925
122,2025-01-02 11:10:00,2025-01-02 17:00:00,0.9771531820297241,1,0,0.0,-1,HS1313140,HS1313925
122,2025-01-02 12:10:00,2025-01-02 18:00:00,0.9771867394447327,1,0,0.0,-1,HS1313140,HS1313925
122,2025-01-02 13:10:00,2025-01-02 19:00:00,0.9767182469367981,1,0,0.0,-1,HS1313140,HS1313925
122,2025-01-02 14:10:00,2025-01-02 20:00:00,0.9755894541740417,1,0,0.0,-1,HS1313140,HS1313001
122,2025-01-02 15:10:00,2025-01-02 21:00:00,0.9747614860534668,1,0,0.0,-1,HS1313140,HS1313001
122,2025-01-02 16:10:00,2025-01-02 22:00:00,0.9825175404548645,1,0,0.0,-1,HS1313140,HS1313001
122,2025-01-02 17:10:00,2025-01-02 23:00:00,0.9913512468338013,1,0,0.0,-1,HS1313140,HS1313298
21,2025-01-01 00:10:00,2025-01-01 06:00:00,0.9995550513267517,1,1,0.6857143044471741,6,HS1308259,HS1344263
21,2025-01-01 01:10:00,2025-01-01 07:00:00,0.9995478987693787,1,1,0.8571428656578064,6,HS1308259,HS1344263
21,2025-01-01 02:10:00,2025-01-01 08:00:00,0.9996234178543091,1,1,1.0,6,HS1308259,HS1344263
21,2025-01-01 03:10:00,2025-01-01 09:00:00,0.9998900890350342,1,1,1.0,6,HS1308259,HS1344263
21,2025-01-01 04:10:00,2025-01-01 10:00:00,0.9999204874038696,1,1,1.0,6,HS1308259,HS1344263
21,2025-01-01 05:10:00,2025-01-01 11:00:00,0.9998633861541748,1,1,1.0,6,HS1308259,HS1344263
21,2025-01-01 06:10:00,2025-01-01 12:00:00,0.9997702240943909,1,1,1.0,6,HS1308259,HS1344263
21,2025-01-01 07:10:00,2025-01-01 13:00:00,0.9997263550758362,1,1,1.0,6,HS1308259,HS1344263
21,2025-01-01 08:10:00,2025-01-01 14:00:00,0.9996597766876221,1,1,1.0,6,HS1308259,HS1344263
21,2025-01-01 09:10:00,2025-01-01 15:00:00,0.9997398257255554,1,1,1.0,6,HS1308259,HS1344263
21,2025-01-01 10:10:00,2025-01-01 16:00:00,0.9997881054878235,1,1,1.0,6,HS1308259,HS1344263
21,2025-01-01 11:10:00,2025-01-01 17:00:00,0.9997982382774353,1,1,1.0,6,HS1308259,HS1344263
21,2025-01-01 12:10:00,2025-01-01 18:00:00,0.9997686743736267,1,1,1.0,6,HS1308259,HS1344263
21,2025-01-01 13:10:00,2025-01-01 19:00:00,0.9997263550758362,1,1,1.0,6,HS1308259,HS1344263
21,2025-01-01 14:10:00,2025-01-01 20:00:00,0.9997770190238953,1,1,1.0,6,HS1308259,HS1344263
21,2025-01-01 15:10:00,2025-01-01 21:00:00,0.9997394680976868,1,1,1.0,6,HS1308259,HS1344263
21,2025-01-01 16:10:00,2025-01-01 22:00:00,0.9992508292198181,1,1,1.0,6,HS1308259,HS1344263
21,2025-01-01 17:10:00,2025-01-01 23:00:00,0.9995286464691162,1,1,1.0,6,HS1308259,HS1344263
21,2025-01-01 18:10:00,2025-01-02 00:00:00,0.9998133778572083,1,1,1.0,6,HS1308259,HS1344263
21,2025-01-01 19:10:00,2025-01-02 01:00:00,0.9998685121536255,1,1,1.0,6,HS1308259,HS1344263
21,2025-01-01 20:10:00,2025-01-02 02:00:00,0.999896764755249,1,1,1.0,6,HS1308259,HS1308259
21,2025-01-01 21:10:00,2025-01-02 03:00:00,0.9997437596321106,1,1,0.8285714387893677,6,HS1308259,HS1308259
21,2025-01-01 22:10:00,2025-01-02 04:00:00,0.9978278279304504,1,1,0.6571428775787354,6,HS1308259,HS1306904
21,2025-01-01 23:10:00,2025-01-02 05:00:00,0.9765493869781494,1,0,0.48571428656578064,-1,HS1308259,HS1306904
21,2025-01-02 00:10:00,2025-01-02 06:00:00,0.9445611834526062,1,0,0.3142857253551483,-1,HS1308259,HS1306904
21,2025-01-02 01:10:00,2025-01-02 07:00:00,0.9409309029579163,1,0,0.1428571492433548,-1,HS1308259,HS1313298
21,2025-01-02 02:10:00,2025-01-02 08:00:00,0.9503058195114136,1,0,0.0,-1,HS1308259,HS1313298
21,2025-01-02 03:10:00,2025-01-02 09:00:00,0.9602617025375366,1,0,0.0,-1,HS1308259,HS1313298
21,2025-01-02 04:10:00,2025-01-02 10:00:00,0.9698944091796875,1,0,0.0,-1,HS1308259,HS1313001
21,2025-01-02 05:10:00,2025-01-02 11:00:00,0.975473165512085,1,0,0.0,-1,HS1308259,HS1313001
21,2025-01-02 06:10:00,2025-01-02 12:00:00,0.9772564172744751,1,0,0.0,-1,HS1308259,HS1313001
21,2025-01-02 07:10:00,2025-01-02 13:00:00,0.9776657819747925,1,0,0.0,-1,HS1308259,HS1313925
21,2025-01-02 08:10:00,2025-01-02 14:00:00,0.9776087999343872,1,0,0.0,-1,HS1308259,HS1313925
21,2025-01-02 09:10:00,2025-01-02 15:00:00,0.9774857759475708,1,0,0.0,-1,HS1308259,HS1313925
21,2025-01-02 10:10:00,2025-01-02 16:00:00,0.9773005247116089,1,0,0.0,-1,HS1308259,HS1313925
21,2025-01-02 11:10:00,2025-01-02 17:00:00,0.9775096774101257,1,0,0.0,-1,HS1308259,HS1313925
21,2025-01-02 12:10:00,2025-01-02 18:00:00,0.9776089191436768,1,0,0.0,-1,HS1308259,HS1313925
21,2025-01-02 13:10:00,2025-01-02 19:00:00,0.9776386618614197,1,0,0.0,-1,HS1308259,HS1313925
21,2025-01-02 14:10:00,2025-01-02 20:00:00,0.9777201414108276,1,0,0.0,-1,HS1308259,HS1313001
21,2025-01-02 15:10:00,2025-01-02 21:00:00,0.977253794670105,1,0,0.0,-1,HS1308259,HS1313001
21,2025-01-02 16:10:00,2025-01-02 22:00:00,0.9833870530128479,1,0,0.0,-1,HS1308259,HS1313001
21,2025-01-02 17:10:00,2025-01-02 23:00:00,0.9917994737625122,1,0,0.0,-1,HS1308259,HS1313298
189,2025-01-01 00:10:00,2025-01-01 06:00:00,0.9844063520431519,1,1,0.6857143044471741,51,HS1313925,HS1313298
189,2025-01-01 01:10:00,2025-01-01 07:00:00,0.9741178154945374,1,1,0.8571428656578064,51,HS1313925,HS1313298
189,2025-01-01 02:10:00,2025-01-01 08:00:00,0.9812256693840027,1,1,1.0,51,HS1313925,HS1313001
189,2025-01-01 03:10:00,2025-01-01 09:00:00,0.9901633858680725,1,1,0.8285714387893677,51,HS1313925,HS1313001
189,2025-01-01 04:10:00,2025-01-01 10:00:00,0.9860879778862,1,1,0.6571428775787354,51,HS1313925,HS1313001
189,2025-01-01 05:10:00,2025-01-01 11:00:00,0.9808463454246521,1,0,0.48571428656578064,-1,HS1313925,HS1313001
189,2025-01-01 06:10:00,2025-01-01 12:00:00,0.979152262210846,1,0,0.3142857253551483,-1,HS1313925,HS1313001
189,2025-01-01 07:10:00,2025-01-01 13:00:00,0.9759746193885803,1,0,0.1428571492433548,-1,HS1313925,HS1313001
189,2025-01-01 08:10:00,2025-01-01 14:00:00,0.9772015810012817,1,0,0.0,-1,HS1313925,HS1313925
189,2025-01-01 09:10:00,2025-01-01 15:00:00,0.9771913290023804,1,0,0.0,-1,HS1313925,HS1313925
189,2025-01-01 10:10:00,2025-01-01 16:00:00,0.9774921536445618,1,0,0.0,-1,HS1313925,HS1313925
189,2025-01-01 11:10:00,2025-01-01 17:00:00,0.9773979783058167,1,0,0.0,-1,HS1313925,HS1313925
189,2025-01-01 12:10:00,2025-01-01 18:00:00,0.9780565500259399,1,0,0.0,-1,HS1313925,HS1313925
189,2025-01-01 13:10:00,2025-01-01 19:00:00,0.978105366230011,1,0,0.0,-1,HS1313925,HS1313925
189,2025-01-01 14:10:00,2025-01-01 20:00:00,0.9784021973609924,1,0,0.0,-1,HS1313925,HS1313001
189,2025-01-01 15:10:00,2025-01-01 21:00:00,0.9775700569152832,1,0,0.0,-1,HS1313925,HS1313001
189,2025-01-01 16:10:00,2025-01-01 22:00:00,0.9835949540138245,1,0,0.0,-1,HS1313925,HS1313001
189,2025-01-01 17:10:00,2025-01-01 23:00:00,0.9918696880340576,1,0,0.0,-1,HS1313925,HS1313298
189,2025-01-01 18:10:00,2025-01-02 00:00:00,0.9947947859764099,1,0,0.0,-1,HS1313925,HS1313298
189,2025-01-01 19:10:00,2025-01-02 01:00:00,0.9956008195877075,1,0,0.0,-1,HS1313925,HS1313298
189,2025-01-01 20:10:00,2025-01-02 02:00:00,0.9944832921028137,1,0,0.0,-1,HS1313925,HS1313298
189,2025-01-01 21:10:00,2025-01-02 03:00:00,0.9907241463661194,1,0,0.0,-1,HS1313925,HS1313298
189,2025-01-01 22:10:00,2025-01-02 04:00:00,0.9821674823760986,1,0,0.0,-1,HS1313925,HS1313298
189,2025-01-01 23:10:00,2025-01-02 05:00:00,0.9571493268013,1,0,0.0,-1,HS1313925,HS1313298
189,2025-01-02 00:10:00,2025-01-02 06:00:00,0.9375574588775635,1,0,0.0,-1,HS1313925,HS1313298
189,2025-01-02 01:10:00,2025-01-02 07:00:00,0.9411211609840393,1,0,0.0,-1,HS1313925,HS1313298
189,2025-01-02 02:10:00,2025-01-02 08:00:00,0.9513486623764038,1,0,0.0,-1,HS1313925,HS1313298
189,2025-01-02 03:10:00,2025-01-02 09:00:00,0.9623748660087585,1,0,0.0,-1,HS1313925,HS1313298
189,2025-01-02 04:10:00,2025-01-02 10:00:00,0.9704427719116211,1,0,0.0,-1,HS1313925,HS1313001
189,2025-01-02 05:10:00,2025-01-02 11:00:00,0.9753296971321106,1,0,0.0,-1,HS1313925,HS1313001
189,2025-01-02 06:10:00,2025-01-02 12:00:00,0.9767463207244873,1,0,0.0,-1,HS1313925,HS1313001
189,2025-01-02 07:10:00,2025-01-02 13:00:00,0.9772850275039673,1,0,0.0,-1,HS1313925,HS1313925
189,2025-01-02 08:10:00,2025-01-02 14:00:00,0.9776161313056946,1,0,0.0,-1,HS1313925,HS1313925
189,2025-01-02 09:10:00,2025-01-02 15:00:00,0.9771057367324829,1,0,0.0,-1,HS1313925,HS1313925
189,2025-01-02 10:10:00,2025-01-02 16:00:00,0.9769876003265381,1,0,0.0,-1,HS1313925,HS1313925
189,2025-01-02 11:10:00,2025-01-02 17:00:00,0.9771862030029297,1,0,0.0,-1,HS1313925,HS1313925
189,2025-01-02 12:10:00,2025-01-02 18:00:00,0.9775197505950928,1,0,0.0,-1,HS1313925,HS1313925
189,2025-01-02 13:10:00,2025-01-02 19:00:00,0.9769287705421448,1,0,0.0,-1,HS1313925,HS1313925
189,2025-01-02 14:10:00,2025-01-02 20:00:00,0.9756211042404175,1,0,0.0,-1,HS1313925,HS1313001
189,2025-01-02 15:10:00,2025-01-02 21:00:00,0.9747021198272705,1,0,0.0,-1,HS1313925,HS1313001
189,2025-01-02 16:10:00,2025-01-02 22:00:00,0.9824659824371338,1,0,0.0,-1,HS1313925,HS1313001
189,2025-01-02 17:10:00,2025-01-02 23:00:00,0.9913352131843567,1,0,0.0,-1,HS1313925,HS1313298
72,2025-01-01 00:10:00,2025-01-01 06:00:00,0.9402471780776978,1,0,0.0,-1,MH0201710,HS1313298
72,2025-01-01 01:10:00,2025-01-01 07:00:00,0.9419737458229065,1,0,0.0,-1,MH0201710,HS1313298
72,2025-01-01 02:10:00,2025-01-01 08:00:00,0.9486743211746216,1,0,0.0,-1,MH0201710,HS1313298
72,2025-01-01 03:10:00,2025-01-01 09:00:00,0.9596861600875854,1,0,0.0,-1,MH0201710,HS1313298
72,2025-01-01 04:10:00,2025-01-01 10:00:00,0.9698736667633057,1,0,0.0,-1,MH0201710,HS1313001
72,2025-01-01 05:10:00,2025-01-01 11:00:00,0.9753588438034058,1,0,0.0,-1,MH0201710,HS1313001
72,2025-01-01 06:10:00,2025-01-01 12:00:00,0.9769928455352783,1,0,0.0,-1,MH0201710,HS1313001
72,2025-01-01 07:10:00,2025-01-01 13:00:00,0.977516770362854,1,0,0.0,-1,MH0201710,HS1313925
72,2025-01-01 08:10:00,2025-01-01 14:00:00,0.9775935411453247,1,0,0.0,-1,MH0201710,HS1313925
72,2025-01-01 09:10:00,2025-01-01 15:00:00,0.9774520397186279,1,0,0.0,-1,MH0201710,HS1313925
72,2025-01-01 10:10:00,2025-01-01 16:00:00,0.9771436452865601,1,0,0.0,-1,MH0201710,HS1313925
72,2025-01-01 11:10:00,2025-01-01 17:00:00,0.9772705435752869,1,0,0.0,-1,MH0201710,HS1313925
72,2025-01-01 12:10:00,2025-01-01 18:00:00,0.9775956869125366,1,0,0.0,-1,MH0201710,HS1313925
72,2025-01-01 13:10:00,2025-01-01 19:00:00,0.9779080748558044,1,0,0.0,-1,MH0201710,HS1313925
72,2025-01-01 14:10:00,2025-01-01 20:00:00,0.9780827760696411,1,0,0.0,-1,MH0201710,HS1313001
72,2025-01-01 15:10:00,2025-01-01 21:00:00,0.0315127819776535,0,0,0.17142857611179352,-1,MH0201710,HS1306571
72,2025-01-01 16:10:00,2025-01-01 22:00:00,0.9996525049209595,1,0,0.34285715222358704,-1,MH0201710,HS1306571
72,2025-01-01 17:10:00,2025-01-01 23:00:00,1.0,1,1,0.5142857432365417,120,MH0201710,HS1306554
72,2025-01-01 18:10:00,2025-01-02 00:00:00,1.0,1,1,0.6857143044471741,120,MH0201710,HS1306554
72,2025-01-01 19:10:00,2025-01-02 01:00:00,1.0,1,1,0.8571428656578064,120,MH0201710,HS1306554
72,2025-01-01 20:10:00,2025-01-02 02:00:00,1.0,1,1,1.0,120,MH0201710,HS1306554
72,2025-01-01 21:10:00,2025-01-02 03:00:00,1.0,1,1,1.0,120,MH0201710,HS1306554
72,2025-01-01 22:10:00,2025-01-02 04:00:00,1.0,1,1,1.0,120,MH0201710,HS1306554
72,2025-01-01 23:10:00,2025-01-02 05:00:00,1.0,1,1,1.0,120,MH0201710,HS1306554
72,2025-01-02 00:10:00,2025-01-02 06:00:00,1.0,1,1,1.0,120,MH0201710,HS1306554
72,2025-01-02 01:10:00,2025-01-02 07:00:00,1.0,1,1,1.0,120,MH0201710,HS1306554
72,2025-01-02 02:10:00,2025-01-02 08:00:00,1.0,1,1,1.0,120,MH0201710,HS1306554
72,2025-01-02 03:10:00,2025-01-02 09:00:00,1.0,1,1,0.8285714387893677,120,MH0201710,HS1306554
72,2025-01-02 04:10:00,2025-01-02 10:00:00,1.0,1,1,0.6571428775787354,120,MH0201710,HS1306554
72,2025-01-02 05:10:00,2025-01-02 11:00:00,0.9998573064804077,1,0,0.48571428656578064,-1,MH0201710,HS1306571
72,2025-01-02 06:10:00,2025-01-02 12:00:00,0.06601216644048691,0,0,0.3142857253551483,-1,MH0201710,HS1306571
72,2025-01-02 07:10:00,2025-01-02 13:00:00,0.006078040227293968,0,0,0.1428571492433548,-1,MH0201710,HS1313205
72,2025-01-02 08:10:00,2025-01-02 14:00:00,0.03235994651913643,0,0,0.0,-1,MH0201710,HS1306601
72,2025-01-02 09:10:00,2025-01-02 15:00:00,0.9715339541435242,1,0,0.0,-1,MH0201710,HS1313925
72,2025-01-02 10:10:00,2025-01-02 16:00:00,0.9772723913192749,1,0,0.0,-1,MH0201710,HS1313925
72,2025-01-02 11:10:00,2025-01-02 17:00:00,0.9781474471092224,1,0,0.0,-1,MH0201710,HS1313925
72,2025-01-02 12:10:00,2025-01-02 18:00:00,0.9782163500785828,1,0,0.0,-1,MH0201710,HS1313925
72,2025-01-02 13:10:00,2025-01-02 19:00:00,0.977442741394043,1,0,0.0,-1,MH0201710,HS1313001
72,2025-01-02 14:10:00,2025-01-02 20:00:00,0.9764057993888855,1,0,0.0,-1,MH0201710,HS1313001
72,2025-01-02 15:10:00,2025-01-02 21:00:00,0.9758255481719971,1,0,0.0,-1,MH0201710,HS1313001
72,2025-01-02 16:10:00,2025-01-02 22:00:00,0.982790470123291,1,0,0.0,-1,MH0201710,HS1313001
72,2025-01-02 17:10:00,2025-01-02 23:00:00,0.9916241765022278,1,0,0.0,-1,MH0201710,HS1313298
107,2025-01-01 00:10:00,2025-01-01 06:00:00,0.9402471780776978,1,0,0.0,-1,HS1313618,HS1313298
107,2025-01-01 01:10:00,2025-01-01 07:00:00,0.9419737458229065,1,0,0.0,-1,HS1313618,HS1313298
107,2025-01-01 02:10:00,2025-01-01 08:00:00,0.9486743211746216,1,0,0.0,-1,HS1313618,HS1313298
107,2025-01-01 03:10:00,2025-01-01 09:00:00,0.9596861600875854,1,0,0.0,-1,HS1313618,HS1313298
107,2025-01-01 04:10:00,2025-01-01 10:00:00,0.9698736667633057,1,0,0.0,-1,HS1313618,HS1313001
107,2025-01-01 05:10:00,2025-01-01 11:00:00,0.9753588438034058,1,0,0.0,-1,HS1313618,HS1313001
107,2025-01-01 06:10:00,2025-01-01 12:00:00,0.9769928455352783,1,0,0.0,-1,HS1313618,HS1313001
107,2025-01-01 07:10:00,2025-01-01 13:00:00,0.977516770362854,1,0,0.0,-1,HS1313618,HS1313925
107,2025-01-01 08:10:00,2025-01-01 14:00:00,0.9775935411453247,1,0,0.0,-1,HS1313618,HS1313925
107,2025-01-01 09:10:00,2025-01-01 15:00:00,0.9774520397186279,1,0,0.0,-1,HS1313618,HS1313925
107,2025-01-01 10:10:00,2025-01-01 16:00:00,0.9771436452865601,1,0,0.0,-1,HS1313618,HS1313925
107,2025-01-01 11:10:00,2025-01-01 17:00:00,0.9772705435752869,1,0,0.0,-1,HS1313618,HS1313925
107,2025-01-01 12:10:00,2025-01-01 18:00:00,0.9775956869125366,1,0,0.0,-1,HS1313618,HS1313925
107,2025-01-01 13:10:00,2025-01-01 19:00:00,0.9779080748558044,1,0,0.0,-1,HS1313618,HS1313925
107,2025-01-01 14:10:00,2025-01-01 20:00:00,0.9780827760696411,1,0,0.0,-1,HS1313618,HS1313001
107,2025-01-01 15:10:00,2025-01-01 21:00:00,0.2859327495098114,0,0,0.17142857611179352,-1,HS1313618,HS1306904
107,2025-01-01 16:10:00,2025-01-01 22:00:00,0.9997853636741638,1,0,0.34285715222358704,-1,HS1313618,HS1313140
107,2025-01-01 17:10:00,2025-01-01 23:00:00,1.0,1,1,0.5142857432365417,42,HS1313618,HS1313140
107,2025-01-01 18:10:00,2025-01-02 00:00:00,1.0,1,1,0.6857143044471741,42,HS1313618,HS1313140
107,2025-01-01 19:10:00,2025-01-02 01:00:00,1.0,1,1,0.8571428656578064,42,HS1313618,HS1313140
107,2025-01-01 20:10:00,2025-01-02 02:00:00,1.0,1,1,1.0,42,HS1313618,HS1313140
107,2025-01-01 21:10:00,2025-01-02 03:00:00,1.0,1,1,1.0,42,HS1313618,HS1313140
107,2025-01-01 22:10:00,2025-01-02 04:00:00,1.0,1,1,1.0,42,HS1313618,HS1313140
107,2025-01-01 23:10:00,2025-01-02 05:00:00,1.0,1,1,1.0,42,HS1313618,HS1313140
107,2025-01-02 00:10:00,2025-01-02 06:00:00,1.0,1,1,1.0,42,HS1313618,HS1313140
107,2025-01-02 01:10:00,2025-01-02 07:00:00,1.0,1,1,1.0,42,HS1313618,HS1313140
107,2025-01-02 02:10:00,2025-01-02 08:00:00,1.0,1,1,1.0,42,HS1313618,HS1313140
107,2025-01-02 03:10:00,2025-01-02 09:00:00,1.0,1,1,1.0,42,HS1313618,HS1313140
107,2025-01-02 04:10:00,2025-01-02 10:00:00,1.0,1,1,1.0,42,HS1313618,HS1313140
107,2025-01-02 05:10:00,2025-01-02 11:00:00,1.0,1,1,1.0,42,HS1313618,HS1313140
107,2025-01-02 06:10:00,2025-01-02 12:00:00,1.0,1,1,1.0,42,HS1313618,HS1313140
107,2025-01-02 07:10:00,2025-01-02 13:00:00,1.0,1,1,1.0,42,HS1313618,HS1313140
107,2025-01-02 08:10:00,2025-01-02 14:00:00,1.0,1,1,1.0,42,HS1313618,HS1313140
107,2025-01-02 09:10:00,2025-01-02 15:00:00,1.0,1,1,1.0,42,HS1313618,HS1313140
107,2025-01-02 10:10:00,2025-01-02 16:00:00,1.0,1,1,1.0,42,HS1313618,HS1313140
107,2025-01-02 11:10:00,2025-01-02 17:00:00,1.0,1,1,1.0,42,HS1313618,HS1313140
107,2025-01-02 12:10:00,2025-01-02 18:00:00,1.0,1,1,1.0,42,HS1313618,HS1313140
107,2025-01-02 13:10:00,2025-01-02 19:00:00,1.0,1,1,1.0,42,HS1313618,HS1313140
107,2025-01-02 14:10:00,2025-01-02 20:00:00,1.0,1,1,1.0,42,HS1313618,HS1313140
107,2025-01-02 15:10:00,2025-01-02 21:00:00,1.0,1,1,0.8285714387893677,42,HS1313618,HS1313140
107,2025-01-02 16:10:00,2025-01-02 22:00:00,0.9999995231628418,1,1,0.6571428775787354,42,HS1313618,HS1313140
107,2025-01-02 17:10:00,2025-01-02 23:00:00,0.9898265600204468,1,0,0.48571428656578064,-1,HS1313618,HS1306601
271,2025-01-01 00:10:00,2025-01-01 06:00:00,0.9402471780776978,1,0,0.0,-1,HS1308302,HS1313298
271,2025-01-01 01:10:00,2025-01-01 07:00:00,0.4425933063030243,0,0,0.17142857611179352,-1,HS1308302,HS1308302
271,2025-01-01 02:10:00,2025-01-01 08:00:00,0.9999305009841919,1,0,0.34285715222358704,-1,HS1308302,HS1306904
271,2025-01-01 03:10:00,2025-01-01 09:00:00,0.9999995231628418,1,1,0.5142857432365417,8,HS1308302,HS1306601
271,2025-01-01 04:10:00,2025-01-01 10:00:00,0.9976709485054016,1,1,0.6857143044471741,8,HS1308302,HS1306904
271,2025-01-01 05:10:00,2025-01-01 11:00:00,0.9999115467071533,1,1,0.8571428656578064,8,HS1308302,HS1306904
271,2025-01-01 06:10:00,2025-01-01 12:00:00,0.9995114803314209,1,1,1.0,8,HS1308302,HS1306904
271,2025-01-01 07:10:00,2025-01-01 13:00:00,0.9970431923866272,1,1,0.8285714387893677,8,HS1308302,HS1306904
271,2025-01-01 08:10:00,2025-01-01 14:00:00,0.9931232333183289,1,1,0.6571428775787354,8,HS1308302,HS1306601
271,2025-01-01 09:10:00,2025-01-01 15:00:00,0.9724369645118713,1,0,0.48571428656578064,-1,HS1308302,HS1306601
271,2025-01-01 10:10:00,2025-01-01 16:00:00,0.9542977213859558,1,0,0.3142857253551483,-1,HS1308302,HS1306904
271,2025-01-01 11:10:00,2025-01-01 17:00:00,0.9368769526481628,1,0,0.1428571492433548,-1,HS1308302,HS1306904
271,2025-01-01 12:10:00,2025-01-01 18:00:00,0.9795421361923218,1,0,0.0,-1,HS1308302,HS1316417
271,2025-01-01 13:10:00,2025-01-01 19:00:00,0.9787574410438538,1,0,0.0,-1,HS1308302,HS1313001
271,2025-01-01 14:10:00,2025-01-01 20:00:00,0.978837251663208,1,0,0.0,-1,HS1308302,HS1313001
271,2025-01-01 15:10:00,2025-01-01 21:00:00,0.9781458377838135,1,0,0.0,-1,HS1308302,HS1313001
271,2025-01-01 16:10:00,2025-01-01 22:00:00,0.9843851327896118,1,0,0.0,-1,HS1308302,HS1313001
271,2025-01-01 17:10:00,2025-01-01 23:00:00,0.9916180968284607,1,0,0.0,-1,HS1308302,HS1313298
271,2025-01-01 18:10:00,2025-01-02 00:00:00,0.9947155117988586,1,0,0.0,-1,HS1308302,HS1313298
271,2025-01-01 19:10:00,2025-01-02 01:00:00,0.9956845045089722,1,0,0.0,-1,HS1308302,HS1313298
271,2025-01-01 20:10:00,2025-01-02 02:00:00,0.9946129322052002,1,0,0.0,-1,HS1308302,HS1313298
271,2025-01-01 21:10:00,2025-01-02 03:00:00,0.9909152388572693,1,0,0.0,-1,HS1308302,HS1313298
271,2025-01-01 22:10:00,2025-01-02 04:00:00,0.9822247624397278,1,0,0.0,-1,HS1308302,HS1313298
271,2025-01-01 23:10:00,2025-01-02 05:00:00,0.9566667675971985,1,0,0.0,-1,HS1308302,HS1313298
271,2025-01-02 00:10:00,2025-01-02 06:00:00,0.9401457905769348,1,0,0.0,-1,HS1308302,HS1313298
271,2025-01-02 01:10:00,2025-01-02 07:00:00,0.9444824457168579,1,0,0.0,-1,HS1308302,HS1313298
271,2025-01-02 02:10:00,2025-01-02 08:00:00,0.9522233605384827,1,0,0.0,-1,HS1308302,HS1313298
271,2025-01-02 03:10:00,2025-01-02 09:00:00,0.9602304697036743,1,0,0.0,-1,HS1308302,HS1313298
271,2025-01-02 04:10:00,2025-01-02 10:00:00,0.9695899486541748,1,0,0.0,-1,HS1308302,HS1313001
271,2025-01-02 05:10:00,2025-01-02 11:00:00,0.9752669930458069,1,0,0.0,-1,HS1308302,HS1313001
271,2025-01-02 06:10:00,2025-01-02 12:00:00,0.9772804379463196,1,0,0.0,-1,HS1308302,HS1313001
271,2025-01-02 07:10:00,2025-01-02 13:00:00,0.9775140285491943,1,0,0.0,-1,HS1308302,HS1313925
271,2025-01-02 08:10:00,2025-01-02 14:00:00,0.9775011539459229,1,0,0.0,-1,HS1308302,HS1313925
271,2025-01-02 09:10:00,2025-01-02 15:00:00,0.976869523525238,1,0,0.0,-1,HS1308302,HS1313925
271,2025-01-02 10:10:00,2025-01-02 16:00:00,0.9771046042442322,1,0,0.0,-1,HS1308302,HS1313925
271,2025-01-02 11:10:00,2025-01-02 17:00:00,0.9779478907585144,1,0,0.0,-1,HS1308302,HS1313925
271,2025-01-02 12:10:00,2025-01-02 18:00:00,0.9783608913421631,1,0,0.0,-1,HS1308302,HS1313925
271,2025-01-02 13:10:00,2025-01-02 19:00:00,0.9777563810348511,1,0,0.0,-1,HS1308302,HS1313925
271,2025-01-02 14:10:00,2025-01-02 20:00:00,0.9767999053001404,1,0,0.0,-1,HS1308302,HS1313001
271,2025-01-02 15:10:00,2025-01-02 21:00:00,0.9761350750923157,1,0,0.0,-1,HS1308302,HS1313001
271,2025-01-02 16:10:00,2025-01-02 22:00:00,0.9828692078590393,1,0,0.0,-1,HS1308302,HS1313001
271,2025-01-02 17:10:00,2025-01-02 23:00:00,0.9913755059242249,1,0,0.0,-1,HS1308302,HS1313298
349,2025-01-01 00:10:00,2025-01-01 06:00:00,0.9402471780776978,1,0,0.0,-1,HS1316563,HS1313298
349,2025-01-01 01:10:00,2025-01-01 07:00:00,0.9419737458229065,1,0,0.0,-1,HS1316563,HS1313298
349,2025-01-01 02:10:00,2025-01-01 08:00:00,0.9486743211746216,1,0,0.0,-1,HS1316563,HS1313298
349,2025-01-01 03:10:00,2025-01-01 09:00:00,0.9596861600875854,1,0,0.0,-1,HS1316563,HS1313298
349,2025-01-01 04:10:00,2025-01-01 10:00:00,0.9698736667633057,1,0,0.0,-1,HS1316563,HS1313001
349,2025-01-01 05:10:00,2025-01-01 11:00:00,0.9753588438034058,1,0,0.0,-1,HS1316563,HS1313001
349,2025-01-01 06:10:00,2025-01-01 12:00:00,0.9769928455352783,1,0,0.0,-1,HS1316563,HS1313001
349,2025-01-01 07:10:00,2025-01-01 13:00:00,0.9646044373512268,1,0,0.17142857611179352,-1,HS1316563,HS1313298
349,2025-01-01 08:10:00,2025-01-01 14:00:00,0.9927236437797546,1,0,0.34285715222358704,-1,HS1316563,HS1313025
349,2025-01-01 09:10:00,2025-01-01 15:00:00,0.999950647354126,1,1,0.5142857432365417,77,HS1316563,HS1306904
349,2025-01-01 10:10:00,2025-01-01 16:00:00,0.9999995231628418,1,1,0.6857143044471741,77,HS1316563,HS1306904
349,2025-01-01 11:10:00,2025-01-01 17:00:00,0.9999997615814209,1,1,0.8571428656578064,77,HS1316563,HS1306904
349,2025-01-01 12:10:00,2025-01-01 18:00:00,0.9999997615814209,1,1,1.0,77,HS1316563,HS1306904
349,2025-01-01 13:10:00,2025-01-01 19:00:00,0.9999997615814209,1,1,1.0,77,HS1316563,HS1306904
349,2025-01-01 14:10:00,2025-01-01 20:00:00,0.9999998807907104,1,1,1.0,77,HS1316563,HS1306904
349,2025-01-01 15:10:00,2025-01-01 21:00:00,0.9999998807907104,1,1,1.0,77,HS1316563,HS1306904
349,2025-01-01 16:10:00,2025-01-01 22:00:00,1.0,1,1,1.0,77,HS1316563,HS1306904
349,2025-01-01 17:10:00,2025-01-01 23:00:00,1.0,1,1,1.0,77,HS1316563,HS1306904
349,2025-01-01 18:10:00,2025-01-02 00:00:00,1.0,1,1,1.0,77,HS1316563,HS1306904
349,2025-01-01 19:10:00,2025-01-02 01:00:00,0.9999997615814209,1,1,1.0,77,HS1316563,HS1306904
349,2025-01-01 20:10:00,2025-01-02 02:00:00,0.9999995231628418,1,1,1.0,77,HS1316563,HS1306904
349,2025-01-01 21:10:00,2025-01-02 03:00:00,0.9999991655349731,1,1,1.0,77,HS1316563,HS1306904
349,2025-01-01 22:10:00,2025-01-02 04:00:00,0.9999992847442627,1,1,1.0,77,HS1316563,HS1306904
349,2025-01-01 23:10:00,2025-01-02 05:00:00,0.9999983310699463,1,1,1.0,77,HS1316563,HS1306904
349,2025-01-02 00:10:00,2025-01-02 06:00:00,0.9999996423721313,1,1,1.0,77,HS1316563,HS1306904
349,2025-01-02 01:10:00,2025-01-02 07:00:00,0.9999985694885254,1,1,0.8285714387893677,77,HS1316563,HS1306904
349,2025-01-02 02:10:00,2025-01-02 08:00:00,0.9998132586479187,1,1,0.6571428775787354,77,HS1316563,HS1306904
349,2025-01-02 03:10:00,2025-01-02 09:00:00,0.981147050857544,1,0,0.48571428656578064,-1,HS1316563,HS1306904
349,2025-01-02 04:10:00,2025-01-02 10:00:00,0.8099651336669922,1,0,0.3142857253551483,-1,HS1316563,HS1306904
349,2025-01-02 05:10:00,2025-01-02 11:00:00,0.9046103954315186,1,0,0.1428571492433548,-1,HS1316563,HS1313298
349,2025-01-02 06:10:00,2025-01-02 12:00:00,0.9734375476837158,1,0,0.0,-1,HS1316563,HS1313001
349,2025-01-02 07:10:00,2025-01-02 13:00:00,0.9775621891021729,1,0,0.0,-1,HS1316563,HS1313925
349,2025-01-02 08:10:00,2025-01-02 14:00:00,0.9775710105895996,1,0,0.0,-1,HS1316563,HS1313925
349,2025-01-02 09:10:00,2025-01-02 15:00:00,0.9770897030830383,1,0,0.0,-1,HS1316563,HS1313925
349,2025-01-02 10:10:00,2025-01-02 16:00:00,0.9775099158287048,1,0,0.0,-1,HS1316563,HS1313925
349,2025-01-02 11:10:00,2025-01-02 17:00:00,0.9780660271644592,1,0,0.0,-1,HS1316563,HS1313925
349,2025-01-02 12:10:00,2025-01-02 18:00:00,0.9781489372253418,1,0,0.0,-1,HS1316563,HS1313925
349,2025-01-02 13:10:00,2025-01-02 19:00:00,0.9778107404708862,1,0,0.0,-1,HS1316563,HS1313925
349,2025-01-02 14:10:00,2025-01-02 20:00:00,0.9767197966575623,1,0,0.0,-1,HS1316563,HS1313001
349,2025-01-02 15:10:00,2025-01-02 21:00:00,0.9757692217826843,1,0,0.0,-1,HS1316563,HS1313001
349,2025-01-02 16:10:00,2025-01-02 22:00:00,0.982609748840332,1,0,0.0,-1,HS1316563,HS1313001
349,2025-01-02 17:10:00,2025-01-02 23:00:00,0.9915276169776917,1,0,0.0,-1,HS1316563,HS1313298
103,2025-01-01 00:10:00,2025-01-01 06:00:00,0.9402471780776978,1,0,0.0,-1,HS1316202,HS1313298
103,2025-01-01 01:10:00,2025-01-01 07:00:00,0.9419737458229065,1,0,0.0,-1,HS1316202,HS1313298
103,2025-01-01 02:10:00,2025-01-01 08:00:00,0.9486743211746216,1,0,0.0,-1,HS1316202,HS1313298
103,2025-01-01 03:10:00,2025-01-01 09:00:00,0.9596861600875854,1,0,0.0,-1,HS1316202,HS1313298
103,2025-01-01 04:10:00,2025-01-01 10:00:00,0.9698736667633057,1,0,0.0,-1,HS1316202,HS1313001
103,2025-01-01 05:10:00,2025-01-01 11:00:00,0.9753588438034058,1,0,0.0,-1,HS1316202,HS1313001
103,2025-01-01 06:10:00,2025-01-01 12:00:00,0.9769928455352783,1,0,0.0,-1,HS1316202,HS1313001
103,2025-01-01 07:10:00,2025-01-01 13:00:00,0.977516770362854,1,0,0.0,-1,HS1316202,HS1313925
103,2025-01-01 08:10:00,2025-01-01 14:00:00,0.9775935411453247,1,0,0.0,-1,HS1316202,HS1313925
103,2025-01-01 09:10:00,2025-01-01 15:00:00,0.9774520397186279,1,0,0.0,-1,HS1316202,HS1313925
103,2025-01-01 10:10:00,2025-01-01 16:00:00,0.9771436452865601,1,0,0.0,-1,HS1316202,HS1313925
103,2025-01-01 11:10:00,2025-01-01 17:00:00,0.9772705435752869,1,0,0.0,-1,HS1316202,HS1313925
103,2025-01-01 12:10:00,2025-01-01 18:00:00,0.9775956869125366,1,0,0.0,-1,HS1316202,HS1313925
103,2025-01-01 13:10:00,2025-01-01 19:00:00,0.9779080748558044,1,0,0.0,-1,HS1316202,HS1313925
103,2025-01-01 14:10:00,2025-01-01 20:00:00,0.9780827760696411,1,0,0.0,-1,HS1316202,HS1313001
103,2025-01-01 15:10:00,2025-01-01 21:00:00,0.33405035734176636,0,0,0.17142857611179352,-1,HS1316202,HS1313298
103,2025-01-01 16:10:00,2025-01-01 22:00:00,0.9971363544464111,1,0,0.34285715222358704,-1,HS1316202,HS1313205
103,2025-01-01 17:10:00,2025-01-01 23:00:00,0.999998927116394,1,1,0.5142857432365417,63,HS1316202,HS1313140
103,2025-01-01 18:10:00,2025-01-02 00:00:00,0.9999984502792358,1,1,0.6857143044471741,63,HS1316202,HS1313140
103,2025-01-01 19:10:00,2025-01-02 01:00:00,0.9999964237213135,1,1,0.8571428656578064,63,HS1316202,HS1313140
103,2025-01-01 20:10:00,2025-01-02 02:00:00,0.9999924898147583,1,1,1.0,63,HS1316202,HS1313140
103,2025-01-01 21:10:00,2025-01-02 03:00:00,0.9999837875366211,1,1,1.0,63,HS1316202,HS1313140
103,2025-01-01 22:10:00,2025-01-02 04:00:00,0.999987006187439,1,1,1.0,63,HS1316202,HS1313140
103,2025-01-01 23:10:00,2025-01-02 05:00:00,0.9999874830245972,1,1,1.0,63,HS1316202,HS1313140
103,2025-01-02 00:10:00,2025-01-02 06:00:00,0.999962329864502,1,1,1.0,63,HS1316202,HS1313140
103,2025-01-02 01:10:00,2025-01-02 07:00:00,0.9999709129333496,1,1,1.0,63,HS1316202,HS1344263
103,2025-01-02 02:10:00,2025-01-02 08:00:00,0.9999955892562866,1,1,1.0,63,HS1316202,HS1316563
103,2025-01-02 03:10:00,2025-01-02 09:00:00,0.9999974966049194,1,1,1.0,63,HS1316202,HS1316563
103,2025-01-02 04:10:00,2025-01-02 10:00:00,0.999980092048645,1,1,1.0,63,HS1316202,HS1316563
103,2025-01-02 05:10:00,2025-01-02 11:00:00,0.999954342842102,1,1,1.0,63,HS1316202,HS1316563
103,2025-01-02 06:10:00,2025-01-02 12:00:00,0.9999520778656006,1,1,1.0,63,HS1316202,HS1316563
103,2025-01-02 07:10:00,2025-01-02 13:00:00,0.9999868869781494,1,1,1.0,63,HS1316202,HS1316563
103,2025-01-02 08:10:00,2025-01-02 14:00:00,0.9999971389770508,1,1,1.0,63,HS1316202,HS1316563
103,2025-01-02 09:10:00,2025-01-02 15:00:00,0.9999957084655762,1,1,1.0,63,HS1316202,HS1316563
103,2025-01-02 10:10:00,2025-01-02 16:00:00,0.9999904632568359,1,1,1.0,63,HS1316202,HS1316563
103,2025-01-02 11:10:00,2025-01-02 17:00:00,0.9998928308486938,1,1,1.0,63,HS1316202,HS1316563
103,2025-01-02 12:10:00,2025-01-02 18:00:00,0.9997696280479431,1,1,1.0,63,HS1316202,HS1316563
103,2025-01-02 13:10:00,2025-01-02 19:00:00,0.9999517202377319,1,1,1.0,63,HS1316202,HS1313597
103,2025-01-02 14:10:00,2025-01-02 20:00:00,0.999832272529602,1,1,1.0,63,HS1316202,HS1313835
103,2025-01-02 15:10:00,2025-01-02 21:00:00,0.9991114735603333,1,1,0.8285714387893677,63,HS1316202,HS1316563
103,2025-01-02 16:10:00,2025-01-02 22:00:00,0.995489776134491,1,1,0.6571428775787354,63,HS1316202,HS1316563
103,2025-01-02 17:10:00,2025-01-02 23:00:00,0.9381765723228455,1,0,0.48571428656578064,-1,HS1316202,HS1313140
