
  EPA STORM WATER MANAGEMENT MODEL - VERSION 5.2 (Build 5.2.4)
  PYSWMM TOOLKIT API - VERSION v1.0 (2025-11-18)
  ------------------------------------------------------------

  
  ****************
  Analysis Options
  ****************
  Flow Units ............... LPS
  Process Models:
    Rainfall/Runoff ........ NO
    RDII ................... NO
    Snowmelt ............... NO
    Groundwater ............ NO
    Flow Routing ........... YES
    Ponding Allowed ........ YES
    Water Quality .......... YES
  Flow Routing Method ...... DYNWAVE
  Surcharge Method ......... EXTRAN
  Starting Date ............ 01/01/2025 00:00:00
  Ending Date .............. 01/03/2025 00:00:00
  Antecedent Dry Days ...... 0.0
  Report Time Step ......... 00:05:00
  Routing Time Step ........ 60.00 sec
  Variable Time Step ....... YES
  Maximum Trials ........... 10
  Number of Threads ........ 1
  Head Tolerance ........... 0.001500 m
  
  
  **************************        Volume        Volume
  Flow Routing Continuity        hectare-m      10^6 ltr
  **************************     ---------     ---------
  Dry Weather Inflow .......         0.000         0.000
  Wet Weather Inflow .......         0.000         0.000
  Groundwater Inflow .......         0.000         0.000
  RDII Inflow ..............         0.000         0.000
  External Inflow ..........         9.526        95.260
  External Outflow .........         9.399        93.992
  Flooding Loss ............         0.000         0.000
  Evaporation Loss .........         0.000         0.000
  Exfiltration Loss ........         0.000         0.000
  Initial Stored Volume ....         0.016         0.159
  Final Stored Volume ......         0.146         1.460
  Continuity Error (%) .....        -0.036
  
  
  **************************          BODf          BODs           NH4           NO3            DO
  Quality Routing Continuity            kg            kg            kg            kg            kg
  **************************    ----------    ----------    ----------    ----------    ----------
  Dry Weather Inflow .......         0.000         0.000         0.000         0.000         0.000
  Wet Weather Inflow .......         0.000         0.000         0.000         0.000         0.000
  Groundwater Inflow .......         0.000         0.000         0.000         0.000         0.000
  RDII Inflow ..............         0.000         0.000         0.000         0.000         0.000
  External Inflow ..........     19082.186      4707.366      2882.604        56.196       189.471
  External Outflow .........      8356.757      2691.090      1175.782        55.000       115.002
  Flooding Loss ............         0.000         0.000         0.000         0.000         0.000
  Exfiltration Loss ........         0.000         0.000         0.000         0.000         0.000
  Mass Reacted .............     10539.706      1970.232      1682.510         0.600        71.480
  Initial Stored Mass ......         0.000         0.000         0.000         0.000         0.000
  Final Stored Mass ........       192.328        47.665        24.585         0.614         2.811
  Continuity Error (%) .....        -0.035        -0.034        -0.009        -0.033         0.094
  
  
  **************************          TSSs          TSSn         TR_in         TR_ww
  Quality Routing Continuity            kg            kg            kg            kg
  **************************    ----------    ----------    ----------    ----------
  Dry Weather Inflow .......         0.000         0.000         0.000         0.000
  Wet Weather Inflow .......         0.000         0.000         0.000         0.000
  Groundwater Inflow .......         0.000         0.000         0.000         0.000
  RDII Inflow ..............         0.000         0.000         0.000         0.000
  External Inflow ..........     15373.202         0.000         0.000         0.000
  External Outflow .........      7862.549         0.000         0.000         0.000
  Flooding Loss ............         0.000         0.000         0.000         0.000
  Exfiltration Loss ........         0.000         0.000         0.000         0.000
  Mass Reacted .............      7359.770         0.000         0.000         0.000
  Initial Stored Mass ......         0.000         0.000         0.000         0.000
  Final Stored Mass ........       156.066         0.000         0.000         0.000
  Continuity Error (%) .....        -0.034         0.000         0.000         0.000
  
  
  *************************
  Highest Continuity Errors
  *************************
  Node HS1314512 (2.77%)
  Node VP0232532 (2.42%)
  Node HS1314505 (1.31%)
  
  
  ***************************
  Time-Step Critical Elements
  ***************************
  Link HS2003014.1 (73.25%)
  Link HS1308324.1 (18.19%)
  Link HS1306618.1 (7.17%)
  Link HS1313300.1 (1.38%)
  
  
  ********************************
  Highest Flow Instability Indexes
  ********************************
  Link HS1306618.1 (2)
  Link HS1306611.1 (2)
  Link HS1306904.2 (2)
  
  
  *********************************
  Most Frequent Nonconverging Nodes
  *********************************
  Convergence obtained at all time steps.
  
  
  *************************
  Routing Time Step Summary
  *************************
  Minimum Time Step           :     0.96 sec
  Average Time Step           :     3.99 sec
  Maximum Time Step           :    12.08 sec
  % of Time in Steady State   :     0.00
  Average Iterations per Step :     2.00
  % of Steps Not Converging   :     0.00
  Time Step Frequencies       :
     60.000 - 23.031 sec      :     0.00 %
     23.031 -  8.841 sec      :     0.00 %
      8.841 -  3.393 sec      :    95.11 %
      3.393 -  1.303 sec      :     4.89 %
      1.303 -  0.500 sec      :     0.00 %
  
  
  ******************
  Node Depth Summary
  ******************
  
  ---------------------------------------------------------------------------------
                                 Average  Maximum  Maximum  Time of Max    Reported
                                   Depth    Depth      HGL   Occurrence   Max Depth
  Node                 Type       Meters   Meters   Meters  days hr:min      Meters
  ---------------------------------------------------------------------------------
  HS1306447            JUNCTION     0.02     0.03    23.20     0  18:00        0.03
  HS1306449            JUNCTION     0.06     0.07    22.83     0  18:02        0.07
  HS1306461            JUNCTION     0.02     0.02    22.66     0  18:03        0.02
  HS1306471            JUNCTION     0.03     0.04    23.46     0  18:00        0.04
  HS1306554            JUNCTION     0.23     0.30    19.65     0  16:26        0.30
  HS1306571            JUNCTION     0.19     0.25    19.47     0  17:00        0.25
  HS1306601            JUNCTION     0.22     0.28    19.07     0  16:28        0.28
  HS1306611            JUNCTION     0.21     0.26    18.95     0  16:31        0.26
  HS1308259            JUNCTION     0.06     0.08    19.92     0  09:04        0.08
  HS1308282            JUNCTION     0.30     0.40    18.22     0  16:42        0.40
  HS1308301            JUNCTION     0.18     0.27    18.52     0  16:33        0.27
  HS1308302            JUNCTION     0.18     0.27    18.46     0  16:35        0.27
  HS1308324            JUNCTION     0.28     0.38    18.28     0  16:38        0.38
  HS1311200            JUNCTION     0.02     0.03    20.81     0  14:04        0.03
  HS1311204            JUNCTION     0.03     0.04    20.72     0  16:04        0.04
  HS1311269            JUNCTION     0.02     0.03    21.00     0  14:04        0.03
  HS1311284            JUNCTION     0.05     0.06    21.23     0  14:01        0.06
  HS1311288            JUNCTION     0.09     0.10    21.36     0  17:01        0.10
  HS1311339            JUNCTION     0.06     0.07    22.20     0  07:16        0.07
  HS1311349            JUNCTION     0.35     0.36    22.60     0  12:06        0.36
  HS1311380            JUNCTION     0.00     0.00    20.93     0  00:00        0.00
  HS1311392            JUNCTION     0.05     0.06    20.79     0  07:24        0.06
  HS1311473            JUNCTION     0.02     0.03    23.00     0  20:00        0.03
  HS1311475            JUNCTION     0.03     0.03    22.20     0  17:02        0.03
  HS1311491            JUNCTION     0.02     0.02    20.69     0  17:07        0.02
  HS1311887            JUNCTION     0.04     0.05    20.61     0  16:04        0.05
  HS1313001            JUNCTION     0.09     0.11    20.65     0  16:02        0.11
  HS1313016            JUNCTION     0.08     0.09    20.53     0  16:05        0.09
  HS1313025            JUNCTION     0.13     0.17    20.47     0  17:00        0.17
  HS1313026            JUNCTION     0.06     0.08    20.78     0  17:00        0.08
  HS1313037            JUNCTION     0.21     0.27    20.44     0  17:01        0.27
  HS1313044            JUNCTION     0.26     0.32    20.43     0  17:01        0.32
  HS1313045            JUNCTION     0.21     0.27    20.36     0  17:02        0.27
  HS1313083            JUNCTION     0.31     0.38    20.47     0  17:04        0.38
  HS1313123            JUNCTION     0.33     0.39    20.44     0  17:03        0.39
  HS1313140            JUNCTION     0.28     0.34    20.43     0  17:01        0.34
  HS1313162            JUNCTION     0.03     0.08    20.11     0  17:03        0.08
  HS1313167            JUNCTION     0.04     0.07    20.07     0  17:04        0.07
  HS1313205            JUNCTION     0.10     0.13    19.35     0  17:05        0.13
  HS1313217            JUNCTION     0.19     0.26    19.16     0  16:03        0.26
  HS1313220            JUNCTION     0.20     0.27    19.16     0  16:03        0.27
  HS1313240            JUNCTION     0.06     0.09    20.35     0  17:01        0.09
  HS1313252            JUNCTION     0.13     0.17    20.43     0  17:05        0.17
  HS1313253            JUNCTION     0.13     0.16    20.43     0  17:05        0.16
  HS1313263            JUNCTION     0.06     0.09    20.51     0  17:03        0.09
  HS1313283            JUNCTION     0.06     0.08    21.13     0  17:01        0.08
  HS1313290            JUNCTION     0.12     0.15    19.75     0  10:09        0.15
  HS1313298            JUNCTION     0.09     0.12    19.80     0  10:08        0.12
  HS1313300            JUNCTION     0.12     0.15    19.85     0  10:04        0.15
  HS1313343            JUNCTION     0.06     0.07    19.94     0  21:01        0.07
  HS1313346            JUNCTION     0.02     0.03    19.99     0  16:01        0.03
  HS1313391            JUNCTION     0.20     0.25    19.16     0  17:05        0.25
  HS1313407            JUNCTION     0.06     0.08    19.96     0  16:13        0.08
  HS1313411            JUNCTION     0.09     0.11    20.19     0  16:12        0.11
  HS1313415            JUNCTION     0.12     0.14    20.24     0  16:11        0.14
  HS1313447            JUNCTION     0.15     0.19    20.30     0  16:11        0.19
  HS1313471            JUNCTION     0.05     0.07    20.87     0  16:00        0.07
  HS1313487            JUNCTION     0.09     0.12    20.59     0  16:03        0.12
  HS1313508            JUNCTION     0.03     0.04    20.90     0  15:00        0.04
  HS1313534            JUNCTION     0.05     0.07    20.04     0  06:51        0.07
  HS1313569            JUNCTION     0.13     0.14    20.43     0  18:01        0.14
  HS1313572            JUNCTION     0.05     0.07    20.43     0  18:00        0.07
  HS1313587            JUNCTION     0.03     0.04    20.25     0  18:02        0.04
  HS1313591            JUNCTION     0.03     0.03    20.09     0  18:02        0.03
  HS1313597            JUNCTION     0.06     0.08    20.00     0  16:08        0.08
  HS1313613            JUNCTION     0.04     0.05    20.41     0  16:02        0.05
  HS1313618            JUNCTION     0.04     0.05    22.43     0  17:00        0.05
  HS1313640            JUNCTION     0.05     0.07    21.71     0  17:03        0.07
  HS1313676            JUNCTION     0.11     0.14    20.50     0  10:01        0.14
  HS1313677            JUNCTION     0.10     0.13    20.50     0  10:00        0.13
  HS1313700            JUNCTION     0.04     0.04    21.36     0  16:00        0.04
  HS1313709            JUNCTION     0.05     0.06    21.21     0  16:00        0.06
  HS1313728            JUNCTION     0.04     0.05    20.77     0  16:01        0.05
  HS1313730            JUNCTION     0.02     0.02    20.70     0  16:01        0.02
  HS1313740            JUNCTION     0.02     0.03    20.78     0  16:01        0.03
  HS1313756            JUNCTION     0.17     0.19    20.00     0  16:07        0.19
  HS1313763            JUNCTION     0.06     0.07    19.86     0  16:10        0.07
  HS1313794            JUNCTION     0.12     0.16    18.85     0  16:23        0.16
  HS1313803            JUNCTION     0.13     0.17    18.96     0  16:21        0.17
  HS1313835            JUNCTION     0.15     0.21    18.68     0  16:25        0.21
  HS1313839            JUNCTION     0.06     0.09    20.43     0  17:01        0.09
  HS1313865            JUNCTION     0.08     0.09    20.20     0  16:02        0.09
  HS1313873            JUNCTION     0.09     0.11    20.03     0  16:03        0.11
  HS1313881            JUNCTION     0.07     0.08    20.93     0  16:02        0.08
  HS1313913            JUNCTION     0.05     0.06    21.06     0  16:01        0.06
  HS1313924            JUNCTION     0.07     0.08    21.15     0  16:01        0.08
  HS1313925            JUNCTION     0.03     0.04    21.46     0  08:01        0.04
  HS1313957            JUNCTION     0.06     0.07    20.33     0  16:03        0.07
  HS1313959            JUNCTION     0.06     0.06    20.31     0  08:09        0.06
  HS1313965            JUNCTION     0.05     0.06    22.18     0  09:01        0.06
  HS1313998            JUNCTION     0.07     0.09    21.74     0  17:01        0.09
  HS1314210            JUNCTION     0.05     0.07    20.09     0  14:04        0.07
  HS1314237            JUNCTION     0.12     0.15    19.88     0  17:00        0.15
  HS1314268            JUNCTION     0.10     0.12    19.19     0  17:02        0.12
  HS1314475            JUNCTION     0.05     0.12    18.14     0  16:50        0.12
  HS1314992            JUNCTION     0.37     0.45    18.15     0  16:49        0.45
  HS1316010            JUNCTION     0.03     0.04    21.77     0  17:00        0.04
  HS1316014            JUNCTION     0.02     0.02    21.88     0  16:01        0.02
  HS1316037            JUNCTION     0.01     0.02    21.47     0  16:04        0.02
  HS1316045            JUNCTION     0.10     0.12    20.24     0  11:00        0.12
  HS1316177            JUNCTION     0.22     0.32    18.62     0  16:24        0.32
  HS1316202            JUNCTION     0.29     0.39    18.60     0  16:26        0.39
  HS1316207            JUNCTION     0.35     0.46    18.58     0  16:26        0.46
  HS1316267            JUNCTION     0.16     0.20    19.34     0  16:07        0.20
  HS1316302            JUNCTION     0.07     0.10    21.63     0  16:01        0.10
  HS1316321            JUNCTION     0.07     0.09    22.41     0  16:00        0.09
  HS1316332            JUNCTION     0.01     0.02    22.80     0  16:00        0.02
  HS1316334            JUNCTION     0.01     0.01    22.89     0  16:01        0.01
  HS1316344            JUNCTION     0.13     0.15    19.92     0  09:03        0.15
  HS1316357            JUNCTION     0.12     0.14    19.87     0  09:01        0.14
  HS1316368            JUNCTION     0.07     0.08    19.76     0  09:01        0.08
  HS1316381            JUNCTION     0.02     0.03    20.45     0  16:00        0.03
  HS1316393            JUNCTION     0.00     0.00    20.36     0  00:00        0.00
  HS1316396            JUNCTION     0.00     0.00    20.39     0  00:00        0.00
  HS1316410            JUNCTION     0.03     0.04    20.39     0  17:00        0.04
  HS1316415            JUNCTION     0.07     0.09    20.29     0  15:02        0.09
  HS1316417            JUNCTION     0.56     0.58    19.77     0  14:02        0.58
  HS1316445            JUNCTION     0.04     0.05    19.79     0  15:04        0.05
  HS1316467            JUNCTION     0.07     0.08    21.44     0  16:02        0.08
  HS1316505            JUNCTION     0.34     0.43    18.37     0  16:33        0.43
  HS1316530            JUNCTION     0.34     0.45    18.55     0  16:27        0.45
  HS1316532            JUNCTION     0.05     0.06    18.77     0  16:22        0.06
  HS1316554            JUNCTION     0.21     0.26    19.34     0  16:25        0.26
  HS1316563            JUNCTION     0.31     0.37    19.46     0  16:23        0.37
  HS1316566            JUNCTION     0.11     0.13    19.50     0  17:00        0.13
  HS1316585            JUNCTION     0.10     0.13    20.16     0  17:00        0.13
  HS1316637            JUNCTION     0.06     0.08    21.83     0  16:04        0.08
  HS1316643            JUNCTION     0.05     0.07    22.20     0  16:02        0.07
  HS1316671            JUNCTION     0.06     0.09    23.07     0  16:01        0.09
  HS1316676            JUNCTION     0.03     0.04    22.41     0  17:02        0.04
  HS1316677            JUNCTION     0.05     0.07    22.31     0  17:04        0.07
  HS1316688            JUNCTION     0.03     0.04    21.82     0  17:04        0.04
  HS1316694            JUNCTION     0.28     0.34    19.98     0  17:02        0.34
  HS1316707            JUNCTION     0.05     0.06    21.74     0  16:02        0.06
  HS1316717            JUNCTION     0.06     0.07    20.67     0  16:03        0.07
  HS1316718            JUNCTION     0.06     0.07    20.56     0  16:04        0.07
  HS1316721            JUNCTION     0.10     0.12    20.51     0  10:03        0.12
  HS1316726            JUNCTION     0.10     0.13    20.41     0  09:01        0.13
  HS1316786            JUNCTION     0.09     0.10    20.32     0  16:14        0.10
  HS1316811            JUNCTION     0.05     0.07    22.04     0  07:06        0.07
  HS1316814            JUNCTION     0.04     0.05    23.00     0  16:00        0.05
  HS1316835            JUNCTION     0.05     0.06    22.47     0  10:01        0.06
  HS1316849            JUNCTION     0.06     0.07    22.19     0  16:01        0.07
  HS1316865            JUNCTION     0.03     0.04    22.10     0  16:03        0.04
  HS1316868            JUNCTION     0.03     0.04    22.35     0  16:03        0.04
  HS1316892            JUNCTION     0.06     0.08    22.66     0  16:04        0.08
  HS1317102            JUNCTION     0.00     0.00    20.62     0  00:00        0.00
  HS1318293            JUNCTION     0.13     0.16    19.71     0  16:28        0.16
  HS1318328            JUNCTION     0.06     0.08    20.30     0  16:10        0.08
  HS1318412            JUNCTION     0.03     0.04    21.72     0  17:02        0.04
  HS1324399            JUNCTION     0.13     0.18    19.99     0  17:03        0.18
  HS1324403            JUNCTION     0.27     0.33    20.33     0  17:01        0.33
  HS1330826            JUNCTION     0.26     0.29    19.64     0  16:01        0.29
  HS1330834            JUNCTION     0.05     0.07    19.47     0  16:04        0.07
  HS1330842            JUNCTION     0.07     0.09    19.40     0  16:03        0.09
  HS1330861            JUNCTION     0.02     0.02    18.67     0  16:04        0.02
  HS1344037            JUNCTION     0.02     0.04    21.13     0  17:01        0.04
  HS1344159            JUNCTION     0.16     0.24    18.65     0  16:25        0.24
  HS1344166            JUNCTION     0.24     0.31    20.47     0  17:06        0.31
  HS1344187            JUNCTION     0.05     0.07    19.94     0  16:09        0.07
  HS1344261            JUNCTION     0.03     0.04    21.65     0  16:00        0.04
  HS1344263            JUNCTION     0.09     0.11    20.66     0  17:05        0.11
  HS1344319            JUNCTION     0.10     0.12    22.66     0  16:04        0.12
  HS1344902            JUNCTION     0.06     0.08    23.27     0  17:01        0.08
  HS1344915            JUNCTION     0.09     0.11    21.01     0  16:01        0.11
  HS1344920            JUNCTION     0.04     0.05    21.22     0  17:00        0.05
  HS1344978            JUNCTION     0.04     0.05    20.89     0  16:03        0.05
  HS2003070            JUNCTION     0.14     0.17    18.57     0  17:10        0.17
  HS2003072            JUNCTION     0.14     0.17    18.47     0  16:22        0.17
  HS2003083            JUNCTION     0.05     0.08    18.48     0  16:37        0.08
  HS2003085            JUNCTION     0.18     0.20    18.57     0  17:09        0.20
  HS2003086            JUNCTION     0.05     0.07    18.51     0  17:05        0.07
  HS2003093            JUNCTION     0.10     0.13    18.59     0  17:08        0.13
  HS2003095            JUNCTION     0.08     0.10    18.60     0  17:06        0.10
  HS2003109            JUNCTION     0.01     0.01    18.61     0  16:14        0.01
  HS2003111            JUNCTION     0.11     0.13    18.65     0  17:04        0.13
  HS2003113            JUNCTION     0.05     0.06    18.60     0  17:06        0.06
  HS2003125            JUNCTION     0.01     0.02    18.69     0  13:06        0.02
  HS2003142            JUNCTION     0.02     0.03    18.75     0  16:08        0.03
  HS2003144            JUNCTION     0.05     0.05    18.79     0  16:03        0.05
  MH0100330            JUNCTION     0.08     0.11    19.94     0  16:12        0.11
  MH0100334            JUNCTION     0.08     0.10    20.01     0  16:08        0.10
  MH0101923            JUNCTION     0.08     0.11    19.95     0  16:11        0.11
  MH0103033            JUNCTION     0.02     0.04    22.04     0  07:06        0.04
  MH0200659            JUNCTION     0.02     0.03    20.00     0  14:35        0.03
  MH0200661            JUNCTION     0.02     0.03    20.20     0  14:17        0.03
  MH0201597            JUNCTION     0.20     0.26    19.73     0  16:54        0.26
  MH0201629            JUNCTION     0.03     0.04    19.91     0  16:01        0.04
  MH0201710            JUNCTION     0.09     0.15    19.74     0  17:00        0.15
  MH0241587            JUNCTION     0.06     0.08    20.31     0  17:04        0.08
  MH0241590            JUNCTION     0.06     0.07    19.97     0  16:04        0.07
  MH0241603            JUNCTION     0.02     0.04    19.92     0  16:13        0.04
  MH0241642            JUNCTION     0.01     0.01    20.56     0  16:02        0.01
  MH0242298            JUNCTION     0.09     0.12    19.01     0  17:00        0.12
  MH0242303            JUNCTION     0.08     0.10    18.73     0  17:02        0.10
  MH0242782            JUNCTION     0.05     0.07    22.60     0  08:03        0.07
  MH0258475            JUNCTION     0.04     0.06    23.17     0  17:01        0.06
  VP0232532            JUNCTION     0.06     0.07    20.22     0  17:34        0.07
  YS2003067            JUNCTION     0.36     0.39    18.57     0  17:10        0.39
  MH0100819            OUTFALL      0.16     0.21    17.45     0  16:54        0.21
  1                    OUTFALL      0.28     0.33    17.83     0  16:50        0.33
  HS1314512            STORAGE      0.47     0.55    18.14     0  16:50        0.55
  HS1314477            STORAGE      0.52     0.60    18.14     0  16:50        0.60
  HS2003013            STORAGE      0.21     0.29    18.13     0  16:50        0.29
  HS1314769            STORAGE      0.28     0.35    18.13     0  16:51        0.35
  HS1314505            STORAGE      0.40     0.48    18.14     0  16:50        0.48
  HS2003015            STORAGE      0.11     0.14    18.23     0  17:01        0.14
  HS2003020            STORAGE      0.07     0.10    18.28     0  16:35        0.10
  HS2003023            STORAGE      0.22     0.27    18.44     0  17:12        0.27
  HS2003028            STORAGE      0.13     0.16    18.31     0  16:31        0.16
  HS2003029            STORAGE      0.06     0.08    18.34     0  16:26        0.08
  HS2003046            STORAGE      0.16     0.22    18.54     0  17:10        0.22
  HS1306904            STORAGE      0.32     0.40    18.70     0  16:25        0.40
  HS1306618            STORAGE      0.08     0.21    18.74     0  16:28        0.20
  HS1313402            STORAGE      0.13     0.17    19.01     0  16:22        0.17
  MH0101924            STORAGE      0.07     0.09    19.79     0  16:14        0.09
  MH0100292            STORAGE      0.13     0.16    19.92     0  16:13        0.16
  HS2003014            STORAGE      0.17     0.23    17.87     0  16:54        0.23
  
  
  *******************
  Node Inflow Summary
  *******************
  
  -------------------------------------------------------------------------------------------------
                                  Maximum  Maximum                  Lateral       Total        Flow
                                  Lateral    Total  Time of Max      Inflow      Inflow     Balance
                                   Inflow   Inflow   Occurrence      Volume      Volume       Error
  Node                 Type           LPS      LPS  days hr:min    10^6 ltr    10^6 ltr     Percent
  -------------------------------------------------------------------------------------------------
  HS1306447            JUNCTION      0.00     3.21     0  18:00           0       0.357       0.021
  HS1306449            JUNCTION      0.00     3.21     0  18:00           0       0.357       0.152
  HS1306461            JUNCTION      0.00     3.20     0  18:02           0       0.357       0.039
  HS1306471            JUNCTION      3.22     3.22     0  18:00       0.166       0.358       0.025
  HS1306554            JUNCTION     20.15    56.66     0  16:22       0.986        5.64       0.217
  HS1306571            JUNCTION     17.38   157.51     0  17:00       0.944        17.9       0.160
  HS1306601            JUNCTION      6.32   218.70     0  16:28       0.365        24.6       0.132
  HS1306611            JUNCTION      0.00   149.18     0  16:29           0        17.3       0.077
  HS1308259            JUNCTION      1.65    19.52     0  09:01      0.0953        2.05       0.127
  HS1308282            JUNCTION      0.00   367.68     0  16:34           0        41.9       0.032
  HS1308301            JUNCTION      0.00    62.52     0  16:25           0        4.83       0.180
  HS1308302            JUNCTION      7.58    66.80     0  16:33        0.39        5.56       0.090
  HS1308324            JUNCTION     12.74   367.81     0  16:34       0.674        41.9       0.035
  HS1311200            JUNCTION      0.02     2.00     0  14:04    0.000921       0.228       0.027
  HS1311204            JUNCTION      0.00     4.31     0  16:02           0       0.538       0.059
  HS1311269            JUNCTION      0.08     1.99     0  14:02     0.00457       0.227       0.121
  HS1311284            JUNCTION      1.50     1.95     0  14:00      0.0803       0.219       0.433
  HS1311288            JUNCTION      0.58     0.58     0  17:00      0.0317      0.0608       0.376
  HS1311339            JUNCTION      5.33     8.88     0  07:05       0.257           1       0.359
  HS1311349            JUNCTION      4.22     4.22     0  12:00       0.242        0.48       0.346
  HS1311380            JUNCTION      0.00     0.00     0  00:00           0           0       0.000 ltr
  HS1311392            JUNCTION      0.17     8.87     0  07:18     0.00771        1.01       0.228
  HS1311473            JUNCTION      2.66     2.66     0  20:00       0.157        0.31       0.025
  HS1311475            JUNCTION      2.50     2.50     0  17:00       0.134       0.242       0.101
  HS1311491            JUNCTION      0.19     2.60     0  17:04     0.00844       0.258       0.084
  HS1311887            JUNCTION     14.15    22.26     0  16:00       0.722        2.53       0.108
  HS1313001            JUNCTION      6.54    10.80     0  16:00       0.301        1.18       0.066
  HS1313016            JUNCTION      0.00    10.76     0  16:02           0        1.18       0.121
  HS1313025            JUNCTION      0.00    36.19     0  17:00           0        3.72       0.036
  HS1313026            JUNCTION     28.18    28.18     0  17:00        1.34        2.54       0.003
  HS1313037            JUNCTION      1.09    36.96     0  17:00      0.0574        3.82       0.062
  HS1313044            JUNCTION      0.04    84.64     0  17:00     0.00201        9.81       0.063
  HS1313045            JUNCTION      0.32    84.88     0  17:01      0.0165        9.83       0.012
  HS1313083            JUNCTION     35.72    37.60     0  17:00        1.99        4.36       0.360
  HS1313123            JUNCTION      2.59    39.41     0  17:31       0.117         4.6       0.339
  HS1313140            JUNCTION     13.55    13.55     0  17:00       0.781        1.52       0.029
  HS1313162            JUNCTION      0.66     5.40     0  17:00      0.0368       0.201       0.152
  HS1313167            JUNCTION      0.00    34.52     0  17:01           0        2.88       0.148
  HS1313205            JUNCTION     17.34   111.16     0  17:03        0.94        12.7       0.164
  HS1313217            JUNCTION      0.00    26.72     0  17:06     0.00024         2.8       0.077
  HS1313220            JUNCTION     34.38    59.55     0  16:01        1.55        5.96       0.030
  HS1313240            JUNCTION     14.11    29.32     0  17:00       0.647        2.69       0.161
  HS1313252            JUNCTION      0.68    15.42     0  17:04      0.0337         1.4       0.094
  HS1313253            JUNCTION      0.12    14.81     0  17:03     0.00667        1.35       0.179
  HS1313263            JUNCTION      1.81    14.74     0  17:01      0.0824        1.34       0.115
  HS1313283            JUNCTION     13.46    13.84     0  17:00       0.522        1.17       0.145
  HS1313290            JUNCTION     10.74    56.73     0  10:07       0.514        6.59       0.057
  HS1313298            JUNCTION      0.00    46.74     0  10:03           0         5.5       0.173
  HS1313300            JUNCTION      0.09    33.92     0  10:01     0.00448        3.63       0.067
  HS1313343            JUNCTION     15.45    16.46     0  21:00       0.845        1.88       0.368
  HS1313346            JUNCTION      1.26     1.26     0  16:00       0.066        0.12       0.050
  HS1313391            JUNCTION      0.00   108.63     0  17:03           0        12.7       0.106
  HS1313407            JUNCTION      0.90    25.28     0  16:13      0.0457        2.83       0.019
  HS1313411            JUNCTION      2.69    24.51     0  16:12       0.142        2.74       0.038
  HS1313415            JUNCTION      5.87    21.90     0  16:09       0.288        2.45       0.082
  HS1313447            JUNCTION      3.12    17.36     0  16:08       0.172        1.89       0.100
  HS1313471            JUNCTION      8.26     8.26     0  16:00       0.425       0.846       0.033
  HS1313487            JUNCTION      4.93    14.46     0  16:01        0.18        1.55       0.124
  HS1313508            JUNCTION      3.03     3.03     0  15:00       0.154        0.32      -0.001
  HS1313534            JUNCTION      1.91     1.91     0  12:00       0.101       0.233       0.146
  HS1313569            JUNCTION      1.19     1.19     0  07:00      0.0495       0.104       0.232
  HS1313572            JUNCTION      3.52     4.31     0  18:00       0.184       0.478       0.086
  HS1313587            JUNCTION      0.00     4.31     0  18:01           0       0.477       0.045
  HS1313591            JUNCTION      0.03     4.33     0  18:02     0.00123       0.479       0.013
  HS1313597            JUNCTION      0.03    11.07     0  16:06     0.00151        1.18       0.057
  HS1313613            JUNCTION      4.95     4.95     0  16:00       0.239        0.48       0.019
  HS1313618            JUNCTION      6.27     6.27     0  17:00       0.342       0.698       0.058
  HS1313640            JUNCTION      0.00     8.17     0  17:01           0       0.863       0.134
  HS1313676            JUNCTION     30.91    34.01     0  10:00        1.45        3.62       0.040
  HS1313677            JUNCTION      0.01     7.47     0  17:00    0.000447       0.709       0.082
  HS1313700            JUNCTION      3.88    10.34     0  16:00       0.186        1.24       0.043
  HS1313709            JUNCTION      0.51     7.29     0  16:00      0.0239       0.863       0.016
  HS1313728            JUNCTION      0.04     3.59     0  16:00      0.0018        0.43       0.104
  HS1313730            JUNCTION      0.02     3.59     0  16:01     0.00093       0.431       0.009
  HS1313740            JUNCTION      3.19     3.19     0  16:00       0.158       0.335       0.026
  HS1313756            JUNCTION      0.00     3.19     0  16:01           0       0.336       0.725
  HS1313763            JUNCTION      2.29    14.23     0  16:09       0.126        1.52       0.026
  HS1313794            JUNCTION      0.00    86.64     0  16:21           0        9.84       0.095
  HS1313803            JUNCTION      3.89    72.43     0  16:19       0.199        8.32       0.070
  HS1313835            JUNCTION     19.98   113.85     0  16:15        1.01        13.4       0.114
  HS1313839            JUNCTION      6.78     6.78     0  17:00       0.312       0.618       0.066
  HS1313865            JUNCTION      4.39    14.59     0  16:00       0.216        1.62       0.053
  HS1313873            JUNCTION      0.29    14.82     0  16:02       0.015        1.65       0.047
  HS1313881            JUNCTION      0.46    10.99     0  16:01      0.0211        1.25       0.049
  HS1313913            JUNCTION      1.29     8.98     0  16:01       0.066        1.07       0.018
  HS1313924            JUNCTION      0.81     7.99     0  16:00      0.0378       0.943       0.038
  HS1313925            JUNCTION      3.45     3.45     0  08:00       0.169       0.338       0.051
  HS1313957            JUNCTION      0.00     4.43     0  16:00           0       0.471       0.213
  HS1313959            JUNCTION      0.00    13.52     0  08:07           0        1.58       0.042
  HS1313965            JUNCTION     10.09    10.09     0  09:00       0.593        1.11       0.030
  HS1313998            JUNCTION      0.00     1.93     0  17:00           0       0.166       0.191
  HS1314210            JUNCTION      6.08     6.08     0  14:00       0.311       0.633       0.092
  HS1314237            JUNCTION     34.56    39.57     0  17:00        1.97        4.56       0.085
  HS1314268            JUNCTION      1.26    40.33     0  17:01      0.0711        4.68       0.050
  HS1314475            JUNCTION      2.43     2.43     0  15:00       0.113       0.239       0.012
  HS1314992            JUNCTION      0.00   367.58     0  16:35           0        41.9       0.143
  HS1316010            JUNCTION      1.93     1.93     0  17:00      0.0859       0.166       0.037
  HS1316014            JUNCTION      0.97     0.97     0  16:00      0.0487       0.101       0.031
  HS1316037            JUNCTION      0.34     1.14     0  16:02      0.0158       0.133       0.058
  HS1316045            JUNCTION      7.39    19.93     0  11:00       0.418        2.37       0.066
  HS1316177            JUNCTION      0.00   139.12     0  16:11           0        16.8       0.087
  HS1316202            JUNCTION      0.00   148.25     0  16:19           0        17.9       0.107
  HS1316207            JUNCTION      0.00   251.89     0  16:22           0        30.2       0.042
  HS1316267            JUNCTION      6.47    61.38     0  16:02       0.306        6.73       0.285
  HS1316302            JUNCTION      0.00    30.07     0  16:00           0        3.08       0.086
  HS1316321            JUNCTION     24.40    25.75     0  16:00        1.23        2.65       0.046
  HS1316332            JUNCTION      1.15     1.36     0  16:00      0.0556       0.128       0.052
  HS1316334            JUNCTION      0.21     0.21     0  16:00      0.0117      0.0238       0.048
  HS1316344            JUNCTION      0.64    20.50     0  09:01      0.0375        2.45       0.114
  HS1316357            JUNCTION      1.78    22.14     0  09:01       0.103        2.65       0.037
  HS1316368            JUNCTION      0.80    22.85     0  09:01      0.0413        2.74       0.020
  HS1316381            JUNCTION      4.06     4.06     0  16:00       0.177       0.349       0.014
  HS1316393            JUNCTION      0.00     0.00     0  00:00           0           0       0.000 ltr
  HS1316396            JUNCTION      0.00     0.00     0  00:00           0           0       0.000 ltr
  HS1316410            JUNCTION      5.46     5.46     0  17:00       0.262       0.504       0.007
  HS1316415            JUNCTION     10.16    10.16     0  15:00       0.498       0.951       0.115
  HS1316417            JUNCTION     14.09    14.09     0  14:00       0.702        1.58       0.152
  HS1316445            JUNCTION      1.57    11.51     0  15:02       0.086        1.13       0.066
  HS1316467            JUNCTION     14.93    25.99     0  16:00        0.71        3.02       0.036
  HS1316505            JUNCTION      0.00   277.31     0  16:26           0        32.9       0.069
  HS1316530            JUNCTION     25.94   277.36     0  16:24        1.36        32.9       0.058
  HS1316532            JUNCTION      0.26   103.87     0  16:21      0.0137        12.3       0.013
  HS1316554            JUNCTION      0.00    74.85     0  16:23           0        8.65       0.076
  HS1316563            JUNCTION      0.00    74.88     0  16:16           0        8.67       0.199
  HS1316566            JUNCTION      6.58    45.46     0  17:00       0.358        5.15       0.033
  HS1316585            JUNCTION      0.00    39.10     0  17:00           0        4.44       0.117
  HS1316637            JUNCTION      2.28    21.19     0  16:03       0.107        2.07       0.060
  HS1316643            JUNCTION      0.12    19.53     0  16:01     0.00523        1.86       0.055
  HS1316671            JUNCTION     16.04    16.04     0  16:00       0.714        1.49       0.076
  HS1316676            JUNCTION      0.16     9.98     0  17:01     0.00821       0.835       0.034
  HS1316677            JUNCTION      3.44     8.15     0  17:03       0.171       0.838       0.031
  HS1316688            JUNCTION      0.00     8.14     0  17:04           0       0.838       0.018
  HS1316694            JUNCTION      2.22    92.59     0  17:02       0.106        10.7       0.034
  HS1316707            JUNCTION      1.21    11.34     0  16:01      0.0656        1.33       0.090
  HS1316717            JUNCTION      2.90    12.46     0  16:03       0.148        1.53       0.008
  HS1316718            JUNCTION      0.38    12.75     0  16:03      0.0242        1.57       0.007
  HS1316721            JUNCTION      1.37    22.93     0  10:00      0.0654        2.89       0.121
  HS1316726            JUNCTION     18.28    18.28     0  09:00       0.909        1.87       0.130
  HS1316786            JUNCTION      7.77    28.90     0  16:13       0.343        3.61       0.049
  HS1316811            JUNCTION      7.71    10.33     0  07:01       0.385        1.18       0.182
  HS1316814            JUNCTION      5.52     5.52     0  16:00       0.303       0.587       0.028
  HS1316835            JUNCTION      3.18     8.16     0  10:00        0.17       0.942       0.049
  HS1316849            JUNCTION      2.90    10.43     0  16:00       0.121         1.2       0.048
  HS1316865            JUNCTION      0.00     5.12     0  16:03           0        0.59       0.015
  HS1316868            JUNCTION      1.23     5.12     0  16:01      0.0731       0.591       0.056
  HS1316892            JUNCTION      3.88     4.10     0  16:00       0.185       0.431       0.172
  HS1317102            JUNCTION      0.00     0.00     0  00:00           0           0       0.000 ltr
  HS1318293            JUNCTION      8.88   150.61     0  16:27       0.453        18.3       0.111
  HS1318328            JUNCTION      0.13    14.58     0  16:05     0.00728        1.56       0.033
  HS1318412            JUNCTION      0.00     1.92     0  17:01           0       0.165       0.069
  HS1324399            JUNCTION      0.00    90.42     0  17:02           0        10.5       0.020
  HS1324403            JUNCTION      5.58    90.43     0  17:00       0.314        10.5       0.049
  HS1330826            JUNCTION      6.99     6.99     0  16:00       0.306       0.591       0.155
  HS1330834            JUNCTION      0.31     7.19     0  16:01      0.0155       0.621       0.107
  HS1330842            JUNCTION      8.31    14.87     0  16:02       0.425        1.48       0.059
  HS1330861            JUNCTION      0.15    14.99     0  16:04     0.00857        1.49       0.016
  HS1344037            JUNCTION      0.54     0.54     0  09:00      0.0275      0.0552       0.406
  HS1344159            JUNCTION      5.88    78.78     0  16:27       0.264        10.1       0.074
  HS1344166            JUNCTION      2.62     2.62     0  11:00       0.153       0.329       0.000
  HS1344187            JUNCTION      0.00    12.05     0  16:09           0        1.29       0.008
  HS1344261            JUNCTION      4.34     4.34     0  16:00       0.216       0.428       0.016
  HS1344263            JUNCTION      7.60    20.29     0  17:00       0.422        2.36       0.083
  HS1344319            JUNCTION      0.22     0.22     0  16:00      0.0107      0.0216       0.770
  HS1344902            JUNCTION      9.92     9.92     0  17:00       0.424       0.819       0.041
  HS1344915            JUNCTION      1.58    10.54     0  16:00      0.0646         1.2       0.047
  HS1344920            JUNCTION      7.47     7.47     0  17:00        0.38       0.708       0.020
  HS1344978            JUNCTION      0.02    10.29     0  16:03    0.000935        1.22       0.019
  HS2003070            JUNCTION      1.95    33.71     0  17:09      0.0915        4.13       0.100
  HS2003072            JUNCTION      3.01    32.59     0  16:14       0.135        3.51       0.450
  HS2003083            JUNCTION      0.76    16.65     0  17:07      0.0296        1.74       0.100
  HS2003085            JUNCTION      0.33    31.47     0  17:06      0.0174        3.93       0.312
  HS2003086            JUNCTION      2.14    15.89     0  17:04       0.104        1.68       0.156
  HS2003093            JUNCTION      1.39    31.21     0  17:05      0.0718        3.89       0.067
  HS2003095            JUNCTION      0.78    30.08     0  17:04      0.0363        3.73       0.068
  HS2003109            JUNCTION      0.00     1.74     0  16:10           0         0.2       0.291
  HS2003111            JUNCTION      0.00    41.77     0  17:02           0        4.95       0.165
  HS2003113            JUNCTION      0.00    13.82     0  17:03           0        1.49       0.151
  HS2003125            JUNCTION      2.69     2.69     0  13:00       0.143       0.277       0.145
  HS2003142            JUNCTION      1.75     1.77     0  16:00      0.0964       0.201       0.744
  HS2003144            JUNCTION      0.02     0.02     0  16:00     0.00144     0.00287       3.778
  MH0100330            JUNCTION      1.25    33.65     0  16:10      0.0647        3.89       0.031
  MH0100334            JUNCTION      0.00    33.14     0  16:03           0        3.78       0.196
  MH0101923            JUNCTION      0.00    32.98     0  16:08     0.00021        3.77       0.053
  MH0103033            JUNCTION      0.57     0.57     0  17:00      0.0303      0.0573       0.499
  MH0200659            JUNCTION      0.67     6.06     0  14:26      0.0356       0.669       0.333
  MH0200661            JUNCTION      3.51     5.66     0  14:00       0.162         0.6       0.438
  MH0201597            JUNCTION      0.00    38.76     0  17:00           0        3.87       0.668
  MH0201629            JUNCTION     12.51    12.51     0  16:00       0.576        1.18       0.000
  MH0201710            JUNCTION     23.75    29.19     0  17:00        1.11        2.69       0.165
  MH0241587            JUNCTION      1.76    11.68     0  17:02      0.0962        1.23       0.085
  MH0241590            JUNCTION      0.13    14.91     0  16:03     0.00694        1.66       0.008
  MH0241603            JUNCTION      0.09     1.94     0  17:04     0.00432       0.241       0.026
  MH0241642            JUNCTION      0.01    10.99     0  16:02    0.000242        1.25       0.007
  MH0242298            JUNCTION     22.63    22.63     0  17:00        1.07        1.98       0.014
  MH0242303            JUNCTION     10.19    28.81     0  17:01       0.532        2.97       0.030
  MH0242782            JUNCTION     10.84    14.20     0  08:00       0.487        1.49       0.066
  MH0258475            JUNCTION      5.09     5.09     0  17:00       0.239        0.46       0.147
  VP0232532            JUNCTION      0.00     2.60     0  17:07           0       0.258       2.484
  YS2003067            JUNCTION      0.58    31.80     0  17:07      0.0289        3.97       0.447
  MH0100819            OUTFALL       0.00   474.44     0  16:54           0        51.9       0.000
  1                    OUTFALL       0.00   343.89     0  16:50           0        42.1       0.000
  HS1314512            STORAGE      14.54    39.04     0  16:28       0.767        3.77       2.854
  HS1314477            STORAGE       0.00   368.94     0  16:38           0        43.5       0.464
  HS2003013            STORAGE       0.00   479.70     0  16:48           0        52.2       0.048
  HS1314769            STORAGE       6.44    71.57     0  17:00       0.338        5.63       0.401
  HS1314505            STORAGE       0.00    65.31     0  16:49           0         5.7       1.328
  HS2003015            STORAGE       0.16   135.65     0  17:00     0.00824        14.9       0.048
  HS2003020            STORAGE       0.05    32.74     0  16:28     0.00284        3.51       0.086
  HS2003023            STORAGE       0.07   103.31     0  17:10     0.00313        11.4       0.134
  HS2003028            STORAGE       0.15    32.71     0  16:26     0.00636        3.51       0.117
  HS2003029            STORAGE       0.06    32.59     0  16:23     0.00326         3.5       0.148
  HS2003046            STORAGE       0.00   103.29     0  17:08           0        11.4       0.160
  HS1306904            STORAGE      28.01   418.36     0  16:28        1.41        33.2       0.127
  HS1306618            STORAGE       0.00   168.28     0  16:11           0        17.3       0.049
  HS1313402            STORAGE      17.72   184.34     0  16:19       0.804        21.1       0.102
  MH0101924            STORAGE       7.73    59.45     0  16:12       0.412        6.83       0.083
  MH0100292            STORAGE       2.82    51.95     0  16:12       0.143        6.07       0.090
  HS2003014            STORAGE       0.65   476.32     0  16:48      0.0321          52      -0.001
  
  
  **********************
  Node Surcharge Summary
  **********************
  
  No nodes were surcharged.
  
  
  *********************
  Node Flooding Summary
  *********************
  
  No nodes were flooded.
  
  
  **********************
  Storage Volume Summary
  **********************
  
  ------------------------------------------------------------------------------------------------
                         Average    Avg   Evap  Exfil     Maximum    Max    Time of Max    Maximum
                          Volume   Pcnt   Pcnt   Pcnt      Volume   Pcnt     Occurrence    Outflow
  Storage Unit           1000 m³   Full   Loss   Loss     1000 m³   Full    days hr:min        LPS
  ------------------------------------------------------------------------------------------------
  HS1314512                0.001   15.8    0.0    0.0       0.001   18.4       0  16:50      38.20
  HS1314477                0.001   18.4    0.0    0.0       0.001   21.1       0  16:50     368.25
  HS2003013                0.000    6.9    0.0    0.0       0.001    9.3       0  16:50     475.88
  HS1314769                0.001    9.0    0.0    0.0       0.001   11.4       0  16:51      73.22
  HS1314505                0.001   12.8    0.0    0.0       0.001   15.4       0  16:50      65.44
  HS2003015                0.000    3.9    0.0    0.0       0.000    5.1       0  17:01     135.65
  HS2003020                0.000    2.7    0.0    0.0       0.000    3.7       0  16:35      32.73
  HS2003023                0.000    8.2    0.0    0.0       0.001   10.1       0  17:12     103.29
  HS2003028                0.000    4.7    0.0    0.0       0.000    5.8       0  16:31      32.70
  HS2003029                0.000    2.3    0.0    0.0       0.000    3.0       0  16:26      32.58
  HS2003046                0.000    6.8    0.0    0.0       0.000    9.2       0  17:10     103.24
  HS1306904                0.001   10.3    0.0    0.0       0.001   13.1       0  16:25     300.72
  HS1306618                0.000    2.9    0.0    0.0       0.000    7.3       0  16:28     278.22
  HS1313402                0.000    4.2    0.0    0.0       0.000    5.5       0  16:22     184.31
  MH0101924                0.000    3.0    0.0    0.0       0.000    3.9       0  16:14      59.43
  MH0100292                0.000    5.8    0.0    0.0       0.000    7.1       0  16:13      51.94
  HS2003014                0.168    6.0    0.0    0.0       0.227    8.2       0  16:54     474.44
  
  
  ***********************
  Outfall Loading Summary
  ***********************
  
  -----------------------------------------------------------------------------------------------------------------------------------------------------------------------------------------
                         Flow       Avg       Max       Total         Total         Total         Total         Total         Total         Total         Total         Total         Total
                         Freq      Flow      Flow      Volume          BODf          BODs           NH4           NO3            DO          TSSs          TSSn         TR_in         TR_ww
  Outfall Node           Pcnt       LPS       LPS    10^6 ltr            kg            kg            kg            kg            kg            kg            kg            kg            kg
  -----------------------------------------------------------------------------------------------------------------------------------------------------------------------------------------
  MH0100819            100.00    315.09    474.44      51.907        88.042       320.573         0.000        15.377        26.115       596.821         0.000         0.000         0.000
  1                    100.00    253.33    343.89      42.085      4172.931      1051.530       595.750        12.440        32.006      3458.513         0.000         0.000         0.000
  -----------------------------------------------------------------------------------------------------------------------------------------------------------------------------------------
  System               100.00    568.42    818.26      93.992      4260.973      1372.103       595.750        27.817        58.121      4055.335         0.000         0.000         0.000
  
  
  ********************
  Link Flow Summary
  ********************
  
  -----------------------------------------------------------------------------
                                 Maximum  Time of Max   Maximum    Max/    Max/
                                  |Flow|   Occurrence   |Veloc|    Full    Full
  Link                 Type          LPS  days hr:min     m/sec    Flow   Depth
  -----------------------------------------------------------------------------
  HS1306447.1          CONDUIT      3.21     0  18:00      0.35    0.01    0.09
  HS1306449.1          CONDUIT      3.20     0  18:02      0.37    0.02    0.09
  HS1306461.1          CONDUIT      3.20     0  18:03      0.41    0.00    0.08
  HS1306471.1          CONDUIT      3.21     0  18:00      0.60    0.01    0.06
  HS1306554.1          CONDUIT     38.82     0  17:02      0.35    0.51    0.56
  HS1306554.2          CONDUIT     56.64     0  16:28      0.52    0.65    0.54
  HS1306571.1          CONDUIT    157.45     0  17:00      0.75    0.38    0.44
  HS1306601.1          CONDUIT     70.22     0  16:38      0.71    0.52    0.50
  HS1306601.2          CONDUIT    149.18     0  16:29      0.69    0.44    0.46
  HS1306611.1          CONDUIT    162.45     0  16:28      1.00    0.41    0.39
  HS1306618.1          CONDUIT    278.22     0  16:28      1.22    0.17    0.50
  HS1306904.1          CONDUIT     22.50     0  16:25      0.29    0.19    0.42
  HS1306904.2          CONDUIT    273.00     0  16:31      1.00    0.44    0.43
  HS1308259.1          CONDUIT     19.40     0  09:04      1.03    0.05    0.19
  HS1308282.1          CONDUIT    367.58     0  16:35      0.73    0.16    0.28
  HS1308301.1          CONDUIT     60.12     0  16:31      0.56    0.54    0.54
  HS1308302.1          CONDUIT     66.64     0  16:35      0.49    0.56    0.65
  HS1308324.1          CONDUIT    367.68     0  16:34      1.18    0.32    0.49
  HS1311200.1          CONDUIT      2.00     0  14:04      0.41    0.01    0.06
  HS1311204.1          CONDUIT      4.30     0  16:04      0.30    0.01    0.15
  HS1311269.1          CONDUIT      1.99     0  14:04      0.49    0.01    0.05
  HS1311284.1          CONDUIT      1.94     0  14:01      0.22    0.02    0.09
  HS1311288.1          CONDUIT      0.58     0  17:01      0.09    0.00    0.08
  HS1311339.1          CONDUIT      8.80     0  07:18      0.53    0.04    0.14
  HS1311349.2          CONDUIT      4.15     0  12:06      0.30    0.03    0.13
  HS1311380.1          CONDUIT      0.00     0  00:00      0.00    0.00    0.03
  HS1311392.1          CONDUIT      8.84     0  07:24      0.73    0.03    0.12
  HS1311473.1          CONDUIT      2.65     0  20:00      0.50    0.01    0.07
  HS1311475.1          CONDUIT      2.49     0  17:03      0.54    0.01    0.06
  HS1311491.1          CONDUIT      2.60     0  17:07      0.29    0.00    0.09
  HS1311887.1          CONDUIT     22.16     0  16:04      0.36    0.04    0.13
  HS1313001.1          CONDUIT     10.76     0  16:02      0.37    0.10    0.21
  HS1313016.1          CONDUIT     10.70     0  16:05      0.28    0.08    0.26
  HS1313025.1          CONDUIT     36.16     0  17:00      0.46    0.22    0.44
  HS1313026.1          CONDUIT     28.18     0  17:00      0.73    0.06    0.25
  HS1313037.1          CONDUIT     36.94     0  17:01      0.32    0.30    0.59
  HS1313044.1          CONDUIT     11.31     0  15:00      0.12    0.10    0.66
  HS1313044.2          CONDUIT     84.60     0  17:01      0.70    1.32    0.59
  HS1313045.1          CONDUIT     84.87     0  17:02      0.69    0.38    0.61
  HS1313083.1          CONDUIT     37.62     0  17:11      0.24    0.78    0.77
  HS1313083.2          CONDUIT      3.01     0  11:01      0.03    0.04    0.69
  HS1313123.1          CONDUIT     39.62     0  17:38      0.27    0.46    0.72
  HS1313140.1          CONDUIT      4.79     0  17:01      0.28    0.04    0.14
  HS1313162.1          CONDUIT      5.39     0  17:03      0.30    0.05    0.15
  HS1313167.1          CONDUIT     34.41     0  17:04      0.43    0.06    0.17
  HS1313205.1          CONDUIT     26.72     0  17:06      0.41    0.15    0.39
  HS1313205.2          CONDUIT     84.32     0  17:06      0.55    0.15    0.32
  HS1313217.1          CONDUIT     26.79     0  17:00      0.34    0.20    0.53
  HS1313220.1          CONDUIT     59.49     0  16:02      0.54    0.54    0.55
  HS1313240.1          CONDUIT     29.14     0  17:01      0.52    0.06    0.12
  HS1313252.1          CONDUIT     15.41     0  17:05      0.49    0.14    0.22
  HS1313253.1          CONDUIT     14.77     0  17:04      0.12    0.03    0.20
  HS1313263.1          CONDUIT     14.71     0  17:03      0.38    0.07    0.25
  HS1313283.1          CONDUIT     13.76     0  17:01      0.62    0.06    0.17
  HS1313290.1          CONDUIT     56.70     0  10:09      0.46    0.17    0.26
  HS1313298.1          CONDUIT     46.43     0  10:08      0.44    0.12    0.22
  HS1313300.1          CONDUIT     33.73     0  10:02      0.83    0.25    0.27
  HS1313343.1          CONDUIT     16.32     0  21:01      0.24    0.06    0.15
  HS1313346.1          CONDUIT      1.26     0  16:01      0.16    0.01    0.10
  HS1313391.1          CONDUIT    108.60     0  17:05      0.64    0.42    0.35
  HS1313402.1          CONDUIT     68.76     0  16:22      0.50    0.20    0.28
  HS1313402.2          CONDUIT    115.55     0  16:22      0.52    0.22    0.48
  HS1313407.1          CONDUIT     25.28     0  16:13      1.23    0.05    0.19
  HS1313411.1          CONDUIT     24.51     0  16:12      0.96    0.10    0.19
  HS1313415.1          CONDUIT     10.94     0  16:11      0.34    0.10    0.22
  HS1313415.2          CONDUIT     10.94     0  16:11      0.34    0.10    0.22
  HS1313447.1          CONDUIT     17.31     0  16:11      0.31    0.53    0.32
  HS1313471.1          CONDUIT      8.24     0  16:00      0.33    0.04    0.18
  HS1313487.1          CONDUIT     14.45     0  16:05      0.54    0.09    0.19
  HS1313508.1          CONDUIT      3.03     0  15:00      0.17    0.01    0.16
  HS1313534.1          CONDUIT      1.87     0  12:01      0.25    0.02    0.08
  HS1313569.1          CONDUIT      1.19     0  07:00      0.12    0.01    0.12
  HS1313572.1          CONDUIT      4.31     0  18:01      0.38    0.03    0.11
  HS1313587.1          CONDUIT      4.31     0  18:02      0.68    0.01    0.07
  HS1313591.1          CONDUIT      3.23     0  18:02      0.34    0.01    0.11
  HS1313591.2          CONDUIT      1.09     0  18:02      0.28    0.01    0.05
  HS1313597.1          CONDUIT     11.06     0  16:08      0.62    0.05    0.15
  HS1313613.1          CONDUIT      4.94     0  16:02      0.37    0.02    0.12
  HS1313618.1          CONDUIT      6.25     0  17:01      0.48    0.02    0.12
  HS1313640.1          CONDUIT      8.14     0  17:03      0.70    0.03    0.11
  HS1313676.1          CONDUIT     33.87     0  10:01      0.72    0.17    0.29
  HS1313677.1          CONDUIT      7.48     0  17:00      0.08    0.02    0.22
  HS1313700.1          CONDUIT      6.78     0  16:00      0.63    0.01    0.10
  HS1313700.2          CONDUIT      3.55     0  16:00      0.42    0.01    0.09
  HS1313709.1          CONDUIT      7.29     0  16:00      0.42    0.03    0.14
  HS1313728.1          CONDUIT      3.58     0  16:01      0.59    0.02    0.07
  HS1313730.1          CONDUIT      3.59     0  16:01      0.37    0.00    0.10
  HS1313740.1          CONDUIT      3.19     0  16:01      0.11    0.01    0.22
  HS1313756.1          CONDUIT      3.17     0  16:06      0.09    0.02    0.27
  HS1313763.1          CONDUIT     14.23     0  16:10      0.44    0.04    0.23
  HS1313794.1          CONDUIT     86.63     0  16:23      0.59    0.20    0.30
  HS1313803.1          CONDUIT     72.43     0  16:21      0.55    0.22    0.27
  HS1313835.1          CONDUIT     40.02     0  16:25      0.44    0.36    0.48
  HS1313835.2          CONDUIT     73.58     0  16:18      0.47    0.22    0.37
  HS1313839.1          CONDUIT      6.73     0  17:01      0.32    0.06    0.17
  HS1313865.1          CONDUIT     14.58     0  16:02      0.51    0.07    0.20
  HS1313873.1          CONDUIT     14.82     0  16:03      0.63    0.13    0.18
  HS1313881.1          CONDUIT     10.99     0  16:02      1.17    0.04    0.09
  HS1313913.1          CONDUIT      8.98     0  16:01      0.43    0.03    0.17
  HS1313924.1          CONDUIT      7.98     0  16:01      0.49    0.05    0.14
  HS1313925.1          CONDUIT      3.42     0  08:01      0.29    0.01    0.11
  HS1313957.1          CONDUIT      4.40     0  16:03      0.30    0.04    0.13
  HS1313959.1          CONDUIT     13.51     0  08:09      0.57    0.04    0.18
  HS1313965.1          CONDUIT     10.07     0  09:01      0.75    0.03    0.12
  HS1313998.1          CONDUIT      1.92     0  17:01      0.22    0.02    0.09
  HS1314210.1          CONDUIT      6.06     0  14:04      0.23    0.04    0.21
  HS1314237.1          CONDUIT     39.47     0  17:01      0.94    0.18    0.27
  HS1314268.1          CONDUIT     40.31     0  17:02      1.05    0.12    0.25
  HS1314475.1          CONDUIT      2.39     0  18:00      0.02    0.00    0.60
  HS1314505.1          CONDUIT     38.20     0  16:36      0.06    0.01    0.24
  HS1314769.1          CONDUIT     65.44     0  16:56      0.15    0.03    0.25
  HS1314992.1          CONDUIT    367.17     0  16:38      0.28    0.04    0.26
  HS1316010.1          CONDUIT      1.93     0  17:00      0.14    0.01    0.12
  HS1316014.1          CONDUIT      0.97     0  16:01      0.37    0.00    0.04
  HS1316037.1          CONDUIT      1.14     0  16:04      0.15    0.00    0.09
  HS1316045.1          CONDUIT     19.92     0  11:00      0.48    0.12    0.27
  HS1316177.1          CONDUIT    138.30     0  16:18      0.42    0.21    0.44
  HS1316202.1          CONDUIT    148.02     0  16:22      0.36    0.22    0.53
  HS1316207.1          CONDUIT    251.82     0  16:23      0.70    0.51    0.56
  HS1316267.1          CONDUIT     61.19     0  16:07      0.84    0.33    0.41
  HS1316302.1          CONDUIT     30.04     0  16:01      0.64    0.08    0.29
  HS1316321.1          CONDUIT     25.74     0  16:00      1.07    0.06    0.18
  HS1316332.1          CONDUIT      0.68     0  16:00      0.08    0.00    0.10
  HS1316332.2          CONDUIT      0.68     0  16:00      0.08    0.00    0.10
  HS1316334.1          CONDUIT      0.21     0  16:01      0.18    0.00    0.03
  HS1316344.1          CONDUIT     20.48     0  09:03      0.44    0.19    0.29
  HS1316357.1          CONDUIT     22.14     0  09:02      0.68    0.16    0.22
  HS1316368.1          CONDUIT     22.85     0  09:01      0.54    0.06    0.28
  HS1316381.1          CONDUIT      4.06     0  16:00      0.12    0.01    0.23
  HS1316393.1          CONDUIT      0.00     0  00:00      0.00    0.00    0.03
  HS1316396.1          CONDUIT      0.00     0  00:00      0.00    0.00    0.00
  HS1316410.1          CONDUIT      0.00     0  00:00      0.00    0.00    0.00
  HS1316410.2          CONDUIT      5.45     0  17:00      0.08    0.01    0.41
  HS1316415.1          CONDUIT     10.08     0  15:02      0.61    0.06    0.14
  HS1316417.1          CONDUIT     14.00     0  14:02      0.37    0.06    0.28
  HS1316445.1          CONDUIT     11.49     0  15:04      0.28    0.02    0.39
  HS1316467.1          CONDUIT     25.95     0  16:02      0.27    0.04    0.38
  HS1316467.2          CONDUIT      1.04     0  16:03      0.14    0.02    0.08
  HS1316505.1          CONDUIT    277.15     0  16:28      0.85    0.65    0.51
  HS1316530.1          CONDUIT    277.31     0  16:26      0.79    0.56    0.55
  HS1316532.1          CONDUIT    103.87     0  16:22      0.70    0.04    0.34
  HS1316554.1          CONDUIT     74.85     0  16:25      1.38    0.45    0.32
  HS1316563.1          CONDUIT     74.85     0  16:23      0.66    0.68    0.56
  HS1316566.1          CONDUIT     45.46     0  17:00      0.46    0.16    0.51
  HS1316585.1          CONDUIT     39.10     0  17:00      0.95    0.15    0.26
  HS1316637.1          CONDUIT     21.17     0  16:04      0.69    0.06    0.21
  HS1316643.1          CONDUIT     19.51     0  16:02      1.06    0.04    0.15
  HS1316671.1          CONDUIT     15.97     0  16:01      0.83    0.06    0.15
  HS1316676.1          CONDUIT      4.27     0  17:02      0.41    0.01    0.10
  HS1316677.1          CONDUIT      5.70     0  17:02      0.47    0.01    0.11
  HS1316677.2          CONDUIT      8.14     0  17:04      0.72    0.04    0.11
  HS1316688.1          CONDUIT      8.14     0  17:04      0.63    0.01    0.12
  HS1316694.1          CONDUIT     92.60     0  17:03      0.94    0.84    0.50
  HS1316707.1          CONDUIT     10.27     0  16:03      0.90    0.03    0.11
  HS1316717.1          CONDUIT     12.46     0  16:04      0.77    0.04    0.14
  HS1316718.1          CONDUIT     12.75     0  16:04      0.57    0.04    0.18
  HS1316721.1          CONDUIT     22.92     0  10:04      0.72    0.11    0.22
  HS1316726.1          CONDUIT     18.11     0  09:02      0.61    0.11    0.21
  HS1316786.1          CONDUIT     28.90     0  16:15      1.43    0.08    0.16
  HS1316811.1          CONDUIT     10.29     0  07:06      0.44    0.04    0.18
  HS1316814.1          CONDUIT      5.51     0  16:00      0.46    0.02    0.11
  HS1316835.1          CONDUIT      8.16     0  10:01      0.53    0.03    0.13
  HS1316849.1          CONDUIT     10.42     0  16:01      0.69    0.04    0.13
  HS1316865.1          CONDUIT      5.12     0  16:03      0.39    0.01    0.12
  HS1316868.1          CONDUIT      5.12     0  16:03      0.81    0.01    0.07
  HS1316892.1          CONDUIT      4.07     0  16:04      0.32    0.03    0.11
  HS1317102.1          CONDUIT      0.00     0  00:00      0.00    0.00    0.16
  HS1318293.1          CONDUIT     65.81     0  16:38      0.56    0.18    0.24
  HS1318293.2          CONDUIT     84.87     0  16:28      0.53    0.21    0.34
  HS1318328.1          CONDUIT     14.58     0  16:08      0.35    0.05    0.27
  HS1318412.1          CONDUIT      1.92     0  17:02      0.16    0.02    0.11
  HS1324399.1          CONDUIT     90.41     0  17:03      0.87    0.22    0.52
  HS1324403.1          CONDUIT     90.42     0  17:02      0.89    0.68    0.51
  HS1330826.1          CONDUIT      6.95     0  16:01      0.33    0.06    0.17
  HS1330834.1          CONDUIT      7.17     0  16:04      0.36    0.04    0.16
  HS1330842.1          CONDUIT     14.87     0  16:04      1.15    0.06    0.12
  HS1330861.1          CONDUIT     14.99     0  16:04      0.19    0.01    0.17
  HS1344037.1          CONDUIT      0.56     0  09:05      0.02    0.00    0.11
  HS1344159.1          CONDUIT     78.86     0  16:34      0.43    0.24    0.46
  HS1344187.1          CONDUIT     12.05     0  16:09      0.72    0.04    0.14
  HS1344261.1          CONDUIT      4.34     0  16:00      0.31    0.02    0.14
  HS1344263.1          CONDUIT     20.23     0  17:05      0.59    0.11    0.24
  HS1344319.1          CONDUIT      0.21     0  16:02      0.03    0.00    0.14
  HS1344902.1          CONDUIT      9.87     0  17:01      0.72    0.05    0.12
  HS1344915.1          CONDUIT     10.54     0  16:01      0.40    0.09    0.19
  HS1344920.1          CONDUIT      7.46     0  17:00      0.39    0.02    0.17
  HS1344978.1          CONDUIT     10.29     0  16:03      0.79    0.02    0.12
  HS2003013.1          CONDUIT     73.22     0  17:01      0.15    0.02    0.16
  HS2003015.1          CONDUIT    135.65     0  17:01      0.80    0.08    0.21
  HS2003020.1          CONDUIT     32.73     0  16:31      0.35    0.10    0.20
  HS2003023.1          CONDUIT    103.29     0  17:12      0.70    0.31    0.31
  HS2003028.1          CONDUIT     32.70     0  16:28      0.32    0.13    0.21
  HS2003029.1          CONDUIT     32.58     0  16:26      0.35    0.06    0.19
  HS2003046.1          CONDUIT    103.24     0  17:10      0.53    0.31    0.41
  HS2003070.1          CONDUIT     33.70     0  17:11      0.29    0.10    0.27
  HS2003072.1          CONDUIT     32.54     0  16:23      0.33    0.25    0.21
  HS2003083.1          CONDUIT     16.73     0  17:08      0.18    0.05    0.21
  HS2003085.1          CONDUIT     31.42     0  17:07      0.13    0.08    0.49
  HS2003086.1          CONDUIT     15.89     0  17:07      0.29    0.05    0.12
  HS2003093.1          CONDUIT     31.19     0  17:06      0.24    0.08    0.27
  HS2003095.1          CONDUIT     30.05     0  17:05      0.35    0.07    0.19
  HS2003109.1          CONDUIT      1.74     0  16:14      0.08    0.00    0.06
  HS2003111.1          CONDUIT     12.23     0  17:04      0.45    0.07    0.20
  HS2003111.2          CONDUIT     29.48     0  17:04      0.32    0.19    0.20
  HS2003113.1          CONDUIT     13.80     0  17:06      0.26    0.05    0.11
  HS2003125.1          CONDUIT      2.68     0  13:06      0.05    0.01    0.12
  HS2003142.1          CONDUIT      1.74     0  16:10      0.13    0.01    0.03
  HS2003144.1          CONDUIT      0.02     0  16:03      0.03    0.00    0.03
  MH0100292.1          CONDUIT     51.94     0  16:13      0.56    0.16    0.19
  MH0100330.1          CONDUIT     33.64     0  16:11      0.31    0.08    0.23
  MH0100334.1          CONDUIT     32.97     0  16:08      0.39    0.10    0.18
  MH0101923.1          CONDUIT     32.94     0  16:10      0.38    0.10    0.18
  MH0101924.1          CONDUIT     59.43     0  16:14      0.58    0.08    0.21
  MH0103033.1          CONDUIT      0.56     0  17:02      0.02    0.00    0.08
  MH0200659.1          CONDUIT      6.04     0  14:35      0.13    0.01    0.15
  MH0200661.1          CONDUIT      5.58     0  14:17      0.25    0.01    0.05
  MH0201597.1          CONDUIT     12.43     0  16:01      0.11    0.03    0.25
  MH0201710.1          CONDUIT     29.25     0  17:09      0.19    0.08    0.35
  MH0241587.1          CONDUIT     11.66     0  17:04      0.41    0.02    0.11
  MH0241590.1          CONDUIT     14.91     0  16:04      0.46    0.04    0.23
  MH0241603.1          CONDUIT      1.97     0  17:02      0.03    0.00    0.17
  MH0241642.1          CONDUIT     10.99     0  16:02      0.25    0.00    0.09
  MH0242298.1          CONDUIT     22.60     0  17:00      0.72    0.11    0.22
  MH0242303.1          CONDUIT     28.77     0  17:02      0.28    0.08    0.58
  MH0242782.1          CONDUIT     14.07     0  08:03      0.60    0.04    0.18
  MH0258475.1          CONDUIT      5.05     0  17:01      0.37    0.03    0.12
  VP0232532.1          CONDUIT      2.55     0  17:36      0.07    0.03    0.08
  YS2003067.1          CONDUIT     31.78     0  17:09      0.26    0.05    0.26
  HS2003014.2          CONDUIT    475.88     0  16:48      2.32    0.23    0.26
  HS2003014.1          CONDUIT    474.44     0  16:54      2.69    0.31    0.37
  1                    CONDUIT     31.70     0  03:27      0.04    0.01    0.39
  2                    CONDUIT    343.89     0  16:50      0.96    1.10    0.47
  
  
  ***************************
  Flow Classification Summary
  ***************************
  
  -------------------------------------------------------------------------------------
                      Adjusted    ---------- Fraction of Time in Flow Class ---------- 
                       /Actual         Up    Down  Sub   Sup   Up    Down  Norm  Inlet 
  Conduit               Length    Dry  Dry   Dry   Crit  Crit  Crit  Crit  Ltd   Ctrl  
  -------------------------------------------------------------------------------------
  HS1306447.1             1.00   0.00  0.00  0.00  1.00  0.00  0.00  0.00  1.00  0.00
  HS1306449.1             1.00   0.00  0.00  0.00  1.00  0.00  0.00  0.00  0.00  0.00
  HS1306461.1             1.37   0.00  0.00  0.00  1.00  0.00  0.00  0.00  1.00  0.00
  HS1306471.1             1.00   0.00  0.00  0.00  0.00  1.00  0.00  0.00  0.00  0.00
  HS1306554.1             1.00   0.00  0.00  0.00  1.00  0.00  0.00  0.00  0.37  0.00
  HS1306554.2             1.00   0.00  0.00  0.00  1.00  0.00  0.00  0.00  0.00  0.00
  HS1306571.1             1.00   0.00  0.00  0.00  1.00  0.00  0.00  0.00  1.00  0.00
  HS1306601.1             1.00   0.00  0.00  0.00  1.00  0.00  0.00  0.00  0.00  0.00
  HS1306601.2             1.00   0.00  0.00  0.00  1.00  0.00  0.00  0.00  0.00  0.00
  HS1306611.1             1.00   0.00  0.00  0.00  1.00  0.00  0.00  0.00  0.00  0.00
  HS1306618.1             1.16   0.00  0.00  0.00  1.00  0.00  0.00  0.00  0.79  0.00
  HS1306904.1             1.00   0.00  0.20  0.00  0.80  0.00  0.00  0.00  1.00  0.00
  HS1306904.2             1.00   0.00  0.00  0.00  1.00  0.00  0.00  0.00  0.00  0.00
  HS1308259.1             1.00   0.00  0.00  0.00  0.12  0.10  0.00  0.78  0.17  0.00
  HS1308282.1             1.00   0.00  0.00  0.00  1.00  0.00  0.00  0.00  0.00  0.00
  HS1308301.1             1.00   0.00  0.00  0.00  1.00  0.00  0.00  0.00  0.00  0.00
  HS1308302.1             1.00   0.00  0.00  0.00  1.00  0.00  0.00  0.00  1.00  0.00
  HS1308324.1             1.00   0.00  0.00  0.00  1.00  0.00  0.00  0.00  0.00  0.00
  HS1311200.1             1.00   0.00  0.00  0.00  1.00  0.00  0.00  0.00  1.00  0.00
  HS1311204.1             1.00   0.00  0.00  0.00  1.00  0.00  0.00  0.00  1.00  0.00
  HS1311269.1             1.00   0.00  0.00  0.00  0.00  1.00  0.00  0.00  0.53  0.00
  HS1311284.1             1.00   0.00  0.00  0.00  1.00  0.00  0.00  0.00  0.00  0.00
  HS1311288.1             1.00   0.00  0.00  0.00  1.00  0.00  0.00  0.00  1.00  0.00
  HS1311339.1             1.00   0.00  0.00  0.00  1.00  0.00  0.00  0.00  0.00  0.00
  HS1311349.2             1.00   0.00  0.00  0.00  1.00  0.00  0.00  0.00  1.00  0.00
  HS1311380.1             1.00   0.00  1.00  0.00  0.00  0.00  0.00  0.00  0.00  0.00
  HS1311392.1             1.00   0.00  0.00  0.00  0.02  0.98  0.00  0.00  0.00  0.00
  HS1311473.1             1.00   0.00  0.00  0.00  0.65  0.35  0.00  0.00  1.00  0.00
  HS1311475.1             1.00   0.00  0.00  0.00  0.00  1.00  0.00  0.00  0.00  0.00
  HS1311491.1             1.00   0.00  0.00  0.00  1.00  0.00  0.00  0.00  1.00  0.00
  HS1311887.1             1.00   0.00  0.00  0.00  1.00  0.00  0.00  0.00  1.00  0.00
  HS1313001.1             1.00   0.00  0.00  0.00  1.00  0.00  0.00  0.00  0.00  0.00
  HS1313016.1             1.00   0.00  0.00  0.00  1.00  0.00  0.00  0.00  1.00  0.00
  HS1313025.1             1.00   0.00  0.00  0.00  1.00  0.00  0.00  0.00  0.80  0.00
  HS1313026.1             1.00   0.00  0.00  0.00  1.00  0.00  0.00  0.00  1.00  0.00
  HS1313037.1             1.00   0.00  0.00  0.00  1.00  0.00  0.00  0.00  0.00  0.00
  HS1313044.1             1.00   0.00  0.00  0.00  1.00  0.00  0.00  0.00  0.00  0.00
  HS1313044.2             1.00   0.00  0.00  0.00  1.00  0.00  0.00  0.00  0.00  0.00
  HS1313045.1             1.00   0.00  0.00  0.00  1.00  0.00  0.00  0.00  0.03  0.00
  HS1313083.1             1.00   0.00  0.00  0.00  1.00  0.00  0.00  0.00  0.00  0.00
  HS1313083.2             1.00   0.00  0.00  0.00  1.00  0.00  0.00  0.00  0.00  0.00
  HS1313123.1             1.00   0.00  0.00  0.00  1.00  0.00  0.00  0.00  0.00  0.00
  HS1313140.1             1.00   0.00  0.41  0.00  0.59  0.00  0.00  0.00  1.00  0.00
  HS1313162.1             1.00   0.00  0.00  0.00  1.00  0.00  0.00  0.00  0.83  0.00
  HS1313167.1             1.00   0.00  0.00  0.00  1.00  0.00  0.00  0.00  1.00  0.00
  HS1313205.1             1.00   0.00  0.00  0.00  1.00  0.00  0.00  0.00  1.00  0.00
  HS1313205.2             1.00   0.00  0.00  0.00  1.00  0.00  0.00  0.00  1.00  0.00
  HS1313217.1             1.00   0.00  0.00  0.00  1.00  0.00  0.00  0.00  0.00  0.00
  HS1313220.1             1.00   0.00  0.00  0.00  1.00  0.00  0.00  0.00  0.11  0.00
  HS1313240.1             1.00   0.00  0.00  0.00  0.00  0.00  0.00  1.00  0.00  0.00
  HS1313252.1             1.00   0.00  0.00  0.00  1.00  0.00  0.00  0.00  0.00  0.00
  HS1313253.1             1.00   0.00  0.00  0.00  1.00  0.00  0.00  0.00  0.00  0.00
  HS1313263.1             1.00   0.00  0.00  0.00  1.00  0.00  0.00  0.00  1.00  0.00
  HS1313283.1             1.00   0.00  0.00  0.00  1.00  0.00  0.00  0.00  1.00  0.00
  HS1313290.1             1.00   0.00  0.00  0.00  1.00  0.00  0.00  0.00  0.00  0.00
  HS1313298.1             1.00   0.00  0.00  0.00  1.00  0.00  0.00  0.00  0.64  0.00
  HS1313300.1             1.00   0.00  0.00  0.00  1.00  0.00  0.00  0.00  0.00  0.00
  HS1313343.1             1.00   0.00  0.00  0.00  1.00  0.00  0.00  0.00  1.00  0.00
  HS1313346.1             1.00   0.00  0.00  0.00  1.00  0.00  0.00  0.00  1.00  0.00
  HS1313391.1             1.00   0.00  0.00  0.00  1.00  0.00  0.00  0.00  0.00  0.00
  HS1313402.1             1.00   0.00  0.00  0.00  1.00  0.00  0.00  0.00  0.00  0.00
  HS1313402.2             1.00   0.00  0.00  0.00  1.00  0.00  0.00  0.00  1.00  0.00
  HS1313407.1             1.00   0.00  0.00  0.00  0.00  0.50  0.00  0.50  0.43  0.00
  HS1313411.1             1.00   0.00  0.00  0.00  0.00  1.00  0.00  0.00  0.00  0.00
  HS1313415.1             1.00   0.00  0.00  0.00  1.00  0.00  0.00  0.00  0.12  0.00
  HS1313415.2             1.00   0.00  0.00  0.00  1.00  0.00  0.00  0.00  0.12  0.00
  HS1313447.1             1.00   0.00  0.00  0.00  1.00  0.00  0.00  0.00  0.00  0.00
  HS1313471.1             1.00   0.00  0.00  0.00  1.00  0.00  0.00  0.00  1.00  0.00
  HS1313487.1             1.00   0.00  0.00  0.00  1.00  0.00  0.00  0.00  0.00  0.00
  HS1313508.1             1.00   0.00  0.00  0.00  1.00  0.00  0.00  0.00  1.00  0.00
  HS1313534.1             1.00   0.00  0.00  0.00  1.00  0.00  0.00  0.00  0.02  0.00
  HS1313569.1             1.00   0.00  0.00  0.00  1.00  0.00  0.00  0.00  0.00  0.00
  HS1313572.1             1.00   0.00  0.00  0.00  1.00  0.00  0.00  0.00  0.00  0.00
  HS1313587.1             1.00   0.00  0.00  0.00  0.00  1.00  0.00  0.00  0.00  0.00
  HS1313591.1             1.00   0.00  0.00  0.00  1.00  0.00  0.00  0.00  1.00  0.00
  HS1313591.2             1.00   0.00  0.00  0.00  0.00  0.00  0.00  1.00  0.00  0.00
  HS1313597.1             1.00   0.00  0.00  0.00  1.00  0.00  0.00  0.00  0.00  0.00
  HS1313613.1             1.00   0.00  0.00  0.00  1.00  0.00  0.00  0.00  1.00  0.00
  HS1313618.1             1.00   0.00  0.00  0.00  1.00  0.00  0.00  0.00  1.00  0.00
  HS1313640.1             1.00   0.00  0.00  0.00  0.02  0.98  0.00  0.00  0.00  0.00
  HS1313676.1             1.00   0.00  0.00  0.00  1.00  0.00  0.00  0.00  1.00  0.00
  HS1313677.1             1.00   0.00  0.00  0.00  1.00  0.00  0.00  0.00  0.00  0.00
  HS1313700.1             1.00   0.00  0.00  0.00  0.00  1.00  0.00  0.00  1.00  0.00
  HS1313700.2             1.00   0.00  0.00  0.00  1.00  0.00  0.00  0.00  1.00  0.00
  HS1313709.1             1.00   0.00  0.00  0.00  1.00  0.00  0.00  0.00  1.00  0.00
  HS1313728.1             1.00   0.00  0.00  0.00  0.00  1.00  0.00  0.00  0.00  0.00
  HS1313730.1             1.20   0.00  0.00  0.00  1.00  0.00  0.00  0.00  1.00  0.00
  HS1313740.1             1.00   0.00  0.00  0.00  1.00  0.00  0.00  0.00  1.00  0.00
  HS1313756.1             1.00   0.00  0.00  0.00  1.00  0.00  0.00  0.00  0.00  0.00
  HS1313763.1             1.00   0.00  0.00  0.00  1.00  0.00  0.00  0.00  1.00  0.00
  HS1313794.1             1.00   0.00  0.00  0.00  1.00  0.00  0.00  0.00  1.00  0.00
  HS1313803.1             1.00   0.00  0.00  0.00  1.00  0.00  0.00  0.00  0.00  0.00
  HS1313835.1             1.00   0.00  0.00  0.00  1.00  0.00  0.00  0.00  0.79  0.00
  HS1313835.2             1.00   0.00  0.00  0.00  1.00  0.00  0.00  0.00  0.00  0.00
  HS1313839.1             1.00   0.00  0.00  0.00  1.00  0.00  0.00  0.00  0.52  0.00
  HS1313865.1             1.00   0.00  0.00  0.00  1.00  0.00  0.00  0.00  1.00  0.00
  HS1313873.1             1.00   0.00  0.00  0.00  1.00  0.00  0.00  0.00  0.00  0.00
  HS1313881.1             1.00   0.00  0.00  0.00  0.00  1.00  0.00  0.00  0.00  0.00
  HS1313913.1             1.00   0.00  0.00  0.00  1.00  0.00  0.00  0.00  1.00  0.00
  HS1313924.1             1.00   0.00  0.00  0.00  1.00  0.00  0.00  0.00  0.00  0.00
  HS1313925.1             1.00   0.00  0.00  0.00  1.00  0.00  0.00  0.00  1.00  0.00
  HS1313957.1             1.00   0.00  0.00  0.00  1.00  0.00  0.00  0.00  0.00  0.00
  HS1313959.1             1.00   0.00  0.00  0.00  1.00  0.00  0.00  0.00  1.00  0.00
  HS1313965.1             1.00   0.00  0.00  0.00  0.08  0.92  0.00  0.00  1.00  0.00
  HS1313998.1             1.00   0.00  0.00  0.00  1.00  0.00  0.00  0.00  0.00  0.00
  HS1314210.1             1.00   0.00  0.00  0.00  1.00  0.00  0.00  0.00  1.00  0.00
  HS1314237.1             1.00   0.00  0.00  0.00  1.00  0.00  0.00  0.00  0.00  0.00
  HS1314268.1             1.00   0.00  0.00  0.00  0.00  1.00  0.00  0.00  1.00  0.00
  HS1314475.1             1.00   0.00  0.00  0.00  1.00  0.00  0.00  0.00  0.34  0.00
  HS1314505.1             1.00   0.00  0.00  0.00  1.00  0.00  0.00  0.00  0.00  0.00
  HS1314769.1             1.00   0.00  0.00  0.00  1.00  0.00  0.00  0.00  0.00  0.00
  HS1314992.1             1.00   0.00  0.00  0.00  1.00  0.00  0.00  0.00  0.00  0.00
  HS1316010.1             1.00   0.00  0.00  0.00  1.00  0.00  0.00  0.00  1.00  0.00
  HS1316014.1             1.00   0.00  0.00  0.00  0.97  0.03  0.00  0.00  0.03  0.00
  HS1316037.1             1.00   0.00  0.00  0.00  1.00  0.00  0.00  0.00  1.00  0.00
  HS1316045.1             1.00   0.00  0.00  0.00  1.00  0.00  0.00  0.00  1.00  0.00
  HS1316177.1             1.00   0.00  0.00  0.00  1.00  0.00  0.00  0.00  0.00  0.00
  HS1316202.1             1.00   0.00  0.00  0.00  1.00  0.00  0.00  0.00  0.00  0.00
  HS1316207.1             1.00   0.00  0.00  0.00  1.00  0.00  0.00  0.00  0.00  0.00
  HS1316267.1             1.00   0.00  0.00  0.00  0.47  0.00  0.00  0.53  0.12  0.00
  HS1316302.1             1.00   0.00  0.00  0.00  1.00  0.00  0.00  0.00  1.00  0.00
  HS1316321.1             1.00   0.00  0.00  0.00  0.00  1.00  0.00  0.00  1.00  0.00
  HS1316332.1             1.00   0.00  0.00  0.00  1.00  0.00  0.00  0.00  1.00  0.00
  HS1316332.2             1.00   0.00  0.00  0.00  1.00  0.00  0.00  0.00  1.00  0.00
  HS1316334.1             1.00   0.00  0.00  0.00  1.00  0.00  0.00  0.00  1.00  0.00
  HS1316344.1             1.00   0.00  0.00  0.00  1.00  0.00  0.00  0.00  0.00  0.00
  HS1316357.1             1.00   0.00  0.00  0.00  1.00  0.00  0.00  0.00  0.00  0.00
  HS1316368.1             1.00   0.00  0.00  0.00  1.00  0.00  0.00  0.00  1.00  0.00
  HS1316381.1             1.00   0.00  0.00  0.00  1.00  0.00  0.00  0.00  1.00  0.00
  HS1316393.1             1.00   0.00  1.00  0.00  0.00  0.00  0.00  0.00  0.00  0.00
  HS1316396.1             1.00   1.00  0.00  0.00  0.00  0.00  0.00  0.00  0.00  0.00
  HS1316410.1             1.00   1.00  0.00  0.00  0.00  0.00  0.00  0.00  0.00  0.00
  HS1316410.2             1.00   0.00  0.00  0.00  1.00  0.00  0.00  0.00  1.00  0.00
  HS1316415.1             1.00   0.00  0.00  0.00  1.00  0.00  0.00  0.00  0.00  0.00
  HS1316417.1             1.00   0.00  0.00  0.00  1.00  0.00  0.00  0.00  1.00  0.00
  HS1316445.1             1.00   0.00  0.00  0.00  1.00  0.00  0.00  0.00  1.00  0.00
  HS1316467.1             1.00   0.00  0.00  0.00  1.00  0.00  0.00  0.00  1.00  0.00
  HS1316467.2             1.00   0.00  0.00  0.00  0.00  0.00  0.00  1.00  0.00  0.00
  HS1316505.1             1.00   0.00  0.00  0.00  1.00  0.00  0.00  0.00  0.00  0.00
  HS1316530.1             1.00   0.00  0.00  0.00  1.00  0.00  0.00  0.00  0.00  0.00
  HS1316532.1             1.45   0.00  0.00  0.00  1.00  0.00  0.00  0.00  1.00  0.00
  HS1316554.1             1.00   0.00  0.00  0.00  0.00  1.00  0.00  0.00  0.00  0.00
  HS1316563.1             1.00   0.00  0.00  0.00  1.00  0.00  0.00  0.00  0.00  0.00
  HS1316566.1             1.00   0.00  0.00  0.00  1.00  0.00  0.00  0.00  1.00  0.00
  HS1316585.1             1.00   0.00  0.00  0.00  0.93  0.07  0.00  0.00  0.28  0.00
  HS1316637.1             1.00   0.00  0.00  0.00  1.00  0.00  0.00  0.00  1.00  0.00
  HS1316643.1             1.00   0.00  0.00  0.00  0.00  1.00  0.00  0.00  1.00  0.00
  HS1316671.1             1.00   0.00  0.00  0.00  0.03  0.97  0.00  0.00  0.00  0.00
  HS1316676.1             1.00   0.00  0.00  0.00  1.00  0.00  0.00  0.00  1.00  0.00
  HS1316677.1             1.00   0.00  0.00  0.00  1.00  0.00  0.00  0.00  1.00  0.00
  HS1316677.2             1.00   0.00  0.00  0.00  0.00  1.00  0.00  0.00  0.00  0.00
  HS1316688.1             1.18   0.00  0.00  0.00  0.94  0.06  0.00  0.00  1.00  0.00
  HS1316694.1             1.00   0.00  0.00  0.00  1.00  0.00  0.00  0.00  0.00  0.00
  HS1316707.1             1.00   0.00  0.00  0.00  0.00  1.00  0.00  0.00  0.00  0.00
  HS1316717.1             1.00   0.00  0.00  0.00  0.00  1.00  0.00  0.00  0.00  0.00
  HS1316718.1             1.00   0.00  0.00  0.00  1.00  0.00  0.00  0.00  1.00  0.00
  HS1316721.1             1.00   0.00  0.00  0.00  1.00  0.00  0.00  0.00  0.00  0.00
  HS1316726.1             1.00   0.00  0.00  0.00  1.00  0.00  0.00  0.00  0.00  0.00
  HS1316786.1             1.00   0.00  0.00  0.00  0.00  1.00  0.00  0.00  0.00  0.00
  HS1316811.1             1.00   0.00  0.00  0.00  1.00  0.00  0.00  0.00  1.00  0.00
  HS1316814.1             1.00   0.00  0.00  0.00  1.00  0.00  0.00  0.00  1.00  0.00
  HS1316835.1             1.00   0.00  0.00  0.00  1.00  0.00  0.00  0.00  1.00  0.00
  HS1316849.1             1.00   0.00  0.00  0.00  0.40  0.60  0.00  0.00  0.00  0.00
  HS1316865.1             1.00   0.00  0.00  0.00  1.00  0.00  0.00  0.00  1.00  0.00
  HS1316868.1             1.00   0.00  0.00  0.00  0.00  1.00  0.00  0.00  0.00  0.00
  HS1316892.1             1.00   0.00  0.00  0.00  1.00  0.00  0.00  0.00  0.00  0.00
  HS1317102.1             1.00   0.00  1.00  0.00  0.00  0.00  0.00  0.00  0.00  0.00
  HS1318293.1             1.00   0.00  0.00  0.00  1.00  0.00  0.00  0.00  0.02  0.00
  HS1318293.2             1.00   0.00  0.00  0.00  1.00  0.00  0.00  0.00  1.00  0.00
  HS1318328.1             1.00   0.00  0.00  0.00  1.00  0.00  0.00  0.00  0.94  0.00
  HS1318412.1             1.00   0.00  0.00  0.00  1.00  0.00  0.00  0.00  1.00  0.00
  HS1324399.1             1.00   0.00  0.00  0.00  1.00  0.00  0.00  0.00  0.58  0.00
  HS1324403.1             1.00   0.00  0.00  0.00  1.00  0.00  0.00  0.00  0.00  0.00
  HS1330826.1             1.00   0.00  0.00  0.00  1.00  0.00  0.00  0.00  0.00  0.00
  HS1330834.1             1.00   0.00  0.00  0.00  1.00  0.00  0.00  0.00  1.00  0.00
  HS1330842.1             1.00   0.00  0.00  0.00  0.00  1.00  0.00  0.00  0.00  0.00
  HS1330861.1             1.00   0.00  0.00  0.00  1.00  0.00  0.00  0.00  1.00  0.00
  HS1344037.1             1.00   0.00  0.00  0.00  1.00  0.00  0.00  0.00  0.03  0.00
  HS1344159.1             1.00   0.00  0.00  0.00  1.00  0.00  0.00  0.00  0.30  0.00
  HS1344187.1             1.00   0.00  0.00  0.00  0.15  0.85  0.00  0.00  0.00  0.00
  HS1344261.1             1.00   0.00  0.00  0.00  1.00  0.00  0.00  0.00  1.00  0.00
  HS1344263.1             1.00   0.00  0.00  0.00  1.00  0.00  0.00  0.00  1.00  0.00
  HS1344319.1             1.00   0.00  0.00  0.00  1.00  0.00  0.00  0.00  0.00  0.00
  HS1344902.1             1.00   0.00  0.00  0.00  0.04  0.96  0.00  0.00  0.00  0.00
  HS1344915.1             1.00   0.00  0.00  0.00  1.00  0.00  0.00  0.00  0.00  0.00
  HS1344920.1             1.00   0.00  0.00  0.00  1.00  0.00  0.00  0.00  1.00  0.00
  HS1344978.1             1.00   0.00  0.00  0.00  0.00  1.00  0.00  0.00  1.00  0.00
  HS2003013.1             1.00   0.00  0.00  0.00  1.00  0.00  0.00  0.00  0.00  0.00
  HS2003015.1             1.00   0.00  0.00  0.00  1.00  0.00  0.00  0.00  1.00  0.00
  HS2003020.1             1.00   0.00  0.00  0.00  1.00  0.00  0.00  0.00  0.92  0.00
  HS2003023.1             1.00   0.00  0.00  0.00  1.00  0.00  0.00  0.00  0.00  0.00
  HS2003028.1             1.00   0.00  0.00  0.00  1.00  0.00  0.00  0.00  0.00  0.00
  HS2003029.1             1.00   0.00  0.00  0.00  1.00  0.00  0.00  0.00  1.00  0.00
  HS2003046.1             1.00   0.00  0.00  0.00  1.00  0.00  0.00  0.00  0.39  0.00
  HS2003070.1             1.00   0.00  0.00  0.00  1.00  0.00  0.00  0.00  0.90  0.00
  HS2003072.1             1.00   0.00  0.00  0.00  1.00  0.00  0.00  0.00  0.00  0.00
  HS2003083.1             1.00   0.00  0.00  0.00  1.00  0.00  0.00  0.00  0.44  0.00
  HS2003085.1             1.00   0.00  0.00  0.00  1.00  0.00  0.00  0.00  0.00  0.00
  HS2003086.1             1.00   0.00  0.00  0.00  1.00  0.00  0.00  0.00  0.00  0.00
  HS2003093.1             1.00   0.00  0.00  0.00  1.00  0.00  0.00  0.00  0.00  0.00
  HS2003095.1             1.00   0.00  0.00  0.00  1.00  0.00  0.00  0.00  0.00  0.00
  HS2003109.1             1.00   0.00  0.00  0.00  1.00  0.00  0.00  0.00  1.00  0.00
  HS2003111.1             1.00   0.00  0.00  0.00  1.00  0.00  0.00  0.00  0.00  0.00
  HS2003111.2             1.00   0.00  0.00  0.00  1.00  0.00  0.00  0.00  0.00  0.00
  HS2003113.1             1.00   0.00  0.00  0.00  1.00  0.00  0.00  0.00  0.47  0.00
  HS2003125.1             1.00   0.00  0.00  0.00  1.00  0.00  0.00  0.00  1.00  0.00
  HS2003142.1             1.00   0.00  0.00  0.00  1.00  0.00  0.00  0.00  0.00  0.00
  HS2003144.1             1.00   0.00  0.00  0.00  1.00  0.00  0.00  0.00  1.00  0.00
  MH0100292.1             1.00   0.00  0.00  0.00  1.00  0.00  0.00  0.00  0.00  0.00
  MH0100330.1             1.00   0.00  0.00  0.00  1.00  0.00  0.00  0.00  0.05  0.00
  MH0100334.1             1.00   0.00  0.00  0.00  1.00  0.00  0.00  0.00  0.25  0.00
  MH0101923.1             1.00   0.00  0.00  0.00  1.00  0.00  0.00  0.00  0.00  0.00
  MH0101924.1             1.00   0.00  0.00  0.00  1.00  0.00  0.00  0.00  1.00  0.00
  MH0103033.1             1.00   0.00  0.00  0.00  1.00  0.00  0.00  0.00  0.05  0.00
  MH0200659.1             1.00   0.00  0.00  0.00  1.00  0.00  0.00  0.00  1.00  0.00
  MH0200661.1             1.00   0.00  0.00  0.00  1.00  0.00  0.00  0.00  0.97  0.00
  MH0201597.1             1.00   0.00  0.00  0.00  1.00  0.00  0.00  0.00  1.00  0.00
  MH0201710.1             1.00   0.00  0.00  0.00  1.00  0.00  0.00  0.00  0.20  0.00
  MH0241587.1             1.00   0.00  0.00  0.00  1.00  0.00  0.00  0.00  1.00  0.00
  MH0241590.1             1.00   0.00  0.00  0.00  1.00  0.00  0.00  0.00  1.00  0.00
  MH0241603.1             1.00   0.00  0.00  0.00  1.00  0.00  0.00  0.00  0.41  0.00
  MH0241642.1             1.60   0.00  0.00  0.00  1.00  0.00  0.00  0.00  1.00  0.00
  MH0242298.1             1.00   0.00  0.00  0.00  1.00  0.00  0.00  0.00  0.14  0.00
  MH0242303.1             1.00   0.00  0.00  0.00  1.00  0.00  0.00  0.00  1.00  0.00
  MH0242782.1             1.00   0.00  0.00  0.00  1.00  0.00  0.00  0.00  1.00  0.00
  MH0258475.1             1.00   0.00  0.00  0.00  1.00  0.00  0.00  0.00  0.99  0.00
  VP0232532.1             1.00   0.00  0.00  0.00  1.00  0.00  0.00  0.00  0.00  0.00
  YS2003067.1             1.00   0.00  0.00  0.00  1.00  0.00  0.00  0.00  0.00  0.00
  HS2003014.2             1.00   0.00  0.00  0.00  0.00  1.00  0.00  0.00  0.00  0.00
  HS2003014.1             1.00   0.00  0.00  0.00  0.00  1.00  0.00  0.00  0.00  0.00
  1                       1.00   0.00  0.00  0.00  1.00  0.00  0.00  0.00  0.00  0.00
  2                       1.00   0.00  0.00  0.00  1.00  0.00  0.00  0.00  0.00  0.00
  
  
  *************************
  Conduit Surcharge Summary
  *************************
  
  ----------------------------------------------------------------------------
                                                           Hours        Hours 
                         --------- Hours Full --------   Above Full   Capacity
  Conduit                Both Ends  Upstream  Dnstream   Normal Flow   Limited
  ----------------------------------------------------------------------------
  HS1313044.2                 0.01      0.01      0.01     10.48         0.01
  HS1314475.1                 0.01      0.01      0.84      0.01         0.01
  2                           0.01      0.01      0.01      2.72         0.01
  
  
  ***************************
  Link Pollutant Load Summary
  ***************************
  
  --------------------------------------------------------------------------------------------------------------------------------------------------
                                BODf          BODs           NH4           NO3            DO          TSSs          TSSn         TR_in         TR_ww
  Link                            kg            kg            kg            kg            kg            kg            kg            kg            kg
  --------------------------------------------------------------------------------------------------------------------------------------------------
  HS1306447.1                 73.052        17.979        11.010         0.212         0.712        58.592         0.000         0.000         0.000
  HS1306449.1                 72.890        17.960        10.999         0.212         0.711        58.512         0.000         0.000         0.000
  HS1306461.1                 72.860        17.954        10.996         0.212         0.711        58.495         0.000         0.000         0.000
  HS1306471.1                 73.077        17.982        11.011         0.212         0.712        58.603         0.000         0.000         0.000
  HS1306554.1                758.496       188.478       115.587         2.261         7.528       614.322         0.000         0.000         0.000
  HS1306554.2               1120.900       278.347       170.593         3.334        11.114       907.778         0.000         0.000         0.000
  HS1306571.1               3581.782       889.085       545.474        10.644        35.609      2901.161         0.000         0.000         0.000
  HS1306601.1               1472.301       365.413       224.246         4.387        14.419      1194.787         0.000         0.000         0.000
  HS1306601.2               3438.846       854.007       524.022        10.213        34.499      2784.913         0.000         0.000         0.000
  HS1306611.1               3435.593       853.527       523.761        10.208        34.471      2783.218         0.000         0.000         0.000
  HS1306618.1               3431.147       853.481       516.938        10.209        32.360      2782.933         0.000         0.000         0.000
  HS1306904.1                204.943        50.955        29.563         0.626         1.242       168.059         0.000         0.000         0.000
  HS1306904.2               6361.618      1590.324       916.577        19.023        47.193      5182.568         0.000         0.000         0.000
  HS1308259.1                409.296       101.710        62.028         1.208         4.111       331.710         0.000         0.000         0.000
  HS1308282.1               8341.945      2073.484      1253.912        24.741        78.353      6759.479         0.000         0.000         0.000
  HS1308301.1               1001.800       249.276       146.964         3.008         7.787       815.893         0.000         0.000         0.000
  HS1308302.1               1146.366       285.554       169.212         3.437         9.265       933.412         0.000         0.000         0.000
  HS1308324.1               8348.560      2074.142      1254.266        24.749        78.381      6762.599         0.000         0.000         0.000
  HS1311200.1                 45.993        11.420         6.986         0.136         0.455        37.158         0.000         0.000         0.000
  HS1311204.1                107.798        26.675        16.360         0.320         1.075        87.187         0.000         0.000         0.000
  HS1311269.1                 45.669        11.339         6.936         0.135         0.452        36.895         0.000         0.000         0.000
  HS1311284.1                 43.902        10.901         6.668         0.130         0.434        35.462         0.000         0.000         0.000
  HS1311288.1                 11.955         2.978         1.817         0.035         0.121         9.642         0.000         0.000         0.000
  HS1311339.1                201.190        49.933        30.516         0.593         1.987       162.897         0.000         0.000         0.000
  HS1311349.2                 95.438        23.766        14.579         0.283         0.952        77.585         0.000         0.000         0.000
  HS1311380.1                  0.000         0.000         0.000         0.000         0.000         0.000         0.000         0.000         0.000
  HS1311392.1                203.959        50.622        30.947         0.601         2.012       165.251         0.000         0.000         0.000
  HS1311473.1                 61.860        15.266         9.380         0.184         0.620        50.058         0.000         0.000         0.000
  HS1311475.1                 48.642        12.010         7.312         0.141         0.484        38.984         0.000         0.000         0.000
  HS1311491.1                 52.012        12.846         7.822         0.151         0.516        41.704         0.000         0.000         0.000
  HS1311887.1                510.632       126.632        77.507         1.516         5.050       413.009         0.000         0.000         0.000
  HS1313001.1                238.913        59.082        36.299         0.711         2.359       193.072         0.000         0.000         0.000
  HS1313016.1                238.400        59.023        36.265         0.710         2.356       192.814         0.000         0.000         0.000
  HS1313025.1                749.185       185.054       113.427         2.207         7.435       605.534         0.000         0.000         0.000
  HS1313026.1                511.388       126.082        77.187         1.497         5.082       412.958         0.000         0.000         0.000
  HS1313037.1                769.711       190.244       116.624         2.269         7.638       622.457         0.000         0.000         0.000
  HS1313044.1                272.715        67.437        41.294         0.799         2.804       219.204         0.000         0.000         0.000
  HS1313044.2               1968.764       487.242       299.301         5.847        19.591      1592.609         0.000         0.000         0.000
  HS1313045.1               1974.937       488.819       300.268         5.865        19.654      1597.735         0.000         0.000         0.000
  HS1313083.1                878.744       217.564       133.915         2.631         8.678       711.278         0.000         0.000         0.000
  HS1313083.2                 62.459        15.857         9.712         0.187         0.654        50.989         0.000         0.000         0.000
  HS1313123.1                927.791       229.872       141.544         2.781         9.172       751.699         0.000         0.000         0.000
  HS1313140.1                 28.538         6.998         4.326         0.089         0.243        23.368         0.000         0.000         0.000
  HS1313162.1                 43.998        10.819         6.668         0.135         0.399        35.880         0.000         0.000         0.000
  HS1313167.1                579.071       143.295        87.960         1.727         5.782       467.391         0.000         0.000         0.000
  HS1313205.1                567.190       140.584        86.248         1.692         5.583       459.293         0.000         0.000         0.000
  HS1313205.2               1966.171       487.636       299.140         5.846        19.698      1590.446         0.000         0.000         0.000
  HS1313217.1                567.577       140.706        86.322         1.693         5.590       459.692         0.000         0.000         0.000
  HS1313220.1               1193.039       295.583       181.449         3.541        11.931       965.784         0.000         0.000         0.000
  HS1313240.1                537.726       132.704        81.414         1.595         5.394       432.688         0.000         0.000         0.000
  HS1313252.1                282.086        69.567        42.667         0.836         2.818       227.260         0.000         0.000         0.000
  HS1313253.1                270.189        66.599        40.849         0.801         2.702       217.589         0.000         0.000         0.000
  HS1313263.1                268.099        66.046        40.505         0.794         2.682       215.774         0.000         0.000         0.000
  HS1313283.1                235.286        57.897        35.529         0.697         2.353       189.322         0.000         0.000         0.000
  HS1313290.1               1322.621       327.318       200.801         3.904        13.150      1068.035         0.000         0.000         0.000
  HS1313298.1               1100.216       272.421       167.137         3.249        10.947       888.286         0.000         0.000         0.000
  HS1313300.1                730.581       180.640       110.878         2.138         7.211       588.880         0.000         0.000         0.000
  HS1313343.1                371.422        92.082        56.446         1.113         3.756       300.379         0.000         0.000         0.000
  HS1313346.1                 24.079         5.922         3.656         0.071         0.242        19.468         0.000         0.000         0.000
  HS1313391.1               2538.008       629.118       385.968         7.541        25.312      2053.184         0.000         0.000         0.000
  HS1313402.1               1579.302       393.808       227.639         4.719        11.901      1284.642         0.000         0.000         0.000
  HS1313402.2               2617.464       653.383       377.699         7.831        19.669      2130.870         0.000         0.000         0.000
  HS1313407.1                575.436       141.989        87.109         1.700         5.644       464.570         0.000         0.000         0.000
  HS1313411.1                557.649       137.600        84.410         1.647         5.470       450.191         0.000         0.000         0.000
  HS1313415.1                248.979        61.453        37.689         0.736         2.445       201.061         0.000         0.000         0.000
  HS1313415.2                248.979        61.453        37.689         0.736         2.445       201.061         0.000         0.000         0.000
  HS1313447.1                383.800        94.707        58.119         1.134         3.777       309.791         0.000         0.000         0.000
  HS1313471.1                172.076        42.370        26.033         0.508         1.691       138.638         0.000         0.000         0.000
  HS1313487.1                315.069        77.618        47.600         0.930         3.098       253.882         0.000         0.000         0.000
  HS1313508.1                 63.986        15.801         9.652         0.191         0.644        51.589         0.000         0.000         0.000
  HS1313534.1                 46.819        11.578         7.103         0.137         0.465        37.645         0.000         0.000         0.000
  HS1313569.1                 20.945         5.174         3.161         0.061         0.207        16.890         0.000         0.000         0.000
  HS1313572.1                 94.069        23.206        14.215         0.275         0.961        75.767         0.000         0.000         0.000
  HS1313587.1                 94.038        23.200        14.211         0.275         0.961        75.755         0.000         0.000         0.000
  HS1313591.1                 71.577        17.664        10.820         0.209         0.732        57.658         0.000         0.000         0.000
  HS1313591.2                 22.951         5.661         3.467         0.067         0.234        18.500         0.000         0.000         0.000
  HS1313597.1                236.693        58.487        35.837         0.697         2.359       190.774         0.000         0.000         0.000
  HS1313613.1                 98.263        24.175        14.819         0.289         0.957        79.038         0.000         0.000         0.000
  HS1313618.1                136.714        33.894        20.775         0.402         1.405       109.614         0.000         0.000         0.000
  HS1313640.1                170.135        42.193        25.827         0.501         1.733       136.646         0.000         0.000         0.000
  HS1313676.1                728.976       180.241       110.640         2.133         7.198       587.541         0.000         0.000         0.000
  HS1313677.1                143.784        35.423        21.778         0.423         1.414       115.926         0.000         0.000         0.000
  HS1313700.1                160.740        39.796        24.354         0.474         1.639       129.182         0.000         0.000         0.000
  HS1313700.2                 83.963        20.809        12.739         0.248         0.858        67.521         0.000         0.000         0.000
  HS1313709.1                170.617        42.234        25.850         0.503         1.735       137.135         0.000         0.000         0.000
  HS1313728.1                 84.614        20.973        12.837         0.250         0.863        68.060         0.000         0.000         0.000
  HS1313730.1                 84.972        21.064        12.893         0.251         0.867        68.353         0.000         0.000         0.000
  HS1313740.1                 66.839        16.609        10.168         0.198         0.671        53.910         0.000         0.000         0.000
  HS1313756.1                 66.661        16.601        10.165         0.198         0.670        53.854         0.000         0.000         0.000
  HS1313763.1                305.519        75.597        46.307         0.898         3.054       246.191         0.000         0.000         0.000
  HS1313794.1               1959.139       488.276       285.586         5.843        15.701      1592.299         0.000         0.000         0.000
  HS1313803.1               1656.738       413.074       239.480         4.949        12.665      1347.655         0.000         0.000         0.000
  HS1313835.1                797.739       198.490       117.484         2.382         6.563       648.009         0.000         0.000         0.000
  HS1313835.2               1886.948       469.647       278.158         5.609        16.227      1529.813         0.000         0.000         0.000
  HS1313839.1                122.980        30.449        18.605         0.367         1.244        99.744         0.000         0.000         0.000
  HS1313865.1                322.719        79.882        48.855         0.957         3.253       260.833         0.000         0.000         0.000
  HS1313873.1                328.651        81.354        49.755         0.975         3.313       265.621         0.000         0.000         0.000
  HS1313881.1                249.575        61.720        37.760         0.734         2.503       200.770         0.000         0.000         0.000
  HS1313913.1                213.491        52.811        32.303         0.628         2.149       171.665         0.000         0.000         0.000
  HS1313924.1                187.034        46.275        28.331         0.551         1.892       150.383         0.000         0.000         0.000
  HS1313925.1                 66.715        16.569        10.156         0.196         0.679        53.806         0.000         0.000         0.000
  HS1313957.1                 93.597        23.225        14.224         0.275         0.942        75.554         0.000         0.000         0.000
  HS1313959.1                320.834        79.518        48.563         0.946         3.139       259.820         0.000         0.000         0.000
  HS1313965.1                227.325        56.309        34.348         0.670         2.199       184.308         0.000         0.000         0.000
  HS1313998.1                 33.701         8.342         5.079         0.099         0.331        27.183         0.000         0.000         0.000
  HS1314210.1                130.791        32.351        19.867         0.391         1.255       105.985         0.000         0.000         0.000
  HS1314237.1                918.197       226.373       138.875         2.712         9.130       741.222         0.000         0.000         0.000
  HS1314268.1                943.111       232.586       142.686         2.786         9.374       761.459         0.000         0.000         0.000
  HS1314475.1                 48.213        11.891         7.272         0.142         0.479        38.794         0.000         0.000         0.000
  HS1314505.1                447.257       149.208        21.794         1.783         2.785       459.081         0.000         0.000         0.000
  HS1314769.1                816.148       249.659        52.389         2.982         1.439       788.172         0.000         0.000         0.000
  HS1314992.1               8317.388      2070.758      1252.403        24.709        78.226      6747.503         0.000         0.000         0.000
  HS1316010.1                 33.747         8.352         5.085         0.099         0.331        27.212         0.000         0.000         0.000
  HS1316014.1                 20.437         5.054         3.087         0.060         0.201        16.514         0.000         0.000         0.000
  HS1316037.1                 26.985         6.683         4.082         0.079         0.265        21.809         0.000         0.000         0.000
  HS1316045.1                478.294       118.400        72.435         1.407         4.711       386.976         0.000         0.000         0.000
  HS1316177.1               3265.921       812.066       487.759         9.699        30.010      2645.252         0.000         0.000         0.000
  HS1316202.1               3487.169       867.336       521.659        10.357        32.232      2825.690         0.000         0.000         0.000
  HS1316207.1               5953.735      1478.098       895.298        17.621        56.755      4817.851         0.000         0.000         0.000
  HS1316267.1               1261.199       312.242       190.907         3.719        12.557      1017.863         0.000         0.000         0.000
  HS1316302.1                615.675       152.190        92.985         1.819         6.173       494.897         0.000         0.000         0.000
  HS1316321.1                532.533       131.329        80.309         1.572         5.319       427.371         0.000         0.000         0.000
  HS1316332.1                 12.603         3.124         1.917         0.037         0.129        10.194         0.000         0.000         0.000
  HS1316332.2                 12.603         3.124         1.917         0.037         0.129        10.194         0.000         0.000         0.000
  HS1316334.1                  4.804         1.185         0.725         0.014         0.047         3.874         0.000         0.000         0.000
  HS1316344.1                495.123       122.602        75.003         1.458         4.882       400.687         0.000         0.000         0.000
  HS1316357.1                535.210       132.533        81.072         1.575         5.288       433.008         0.000         0.000         0.000
  HS1316368.1                534.888       132.505        81.056         1.575         5.287       432.863         0.000         0.000         0.000
  HS1316381.1                  0.000         0.000         0.000         0.000         0.000         0.000         0.000         0.000         0.000
  HS1316393.1                  0.000         0.000         0.000         0.000         0.000         0.000         0.000         0.000         0.000
  HS1316396.1                  0.000         0.000         0.000         0.000         0.000         0.000         0.000         0.000         0.000
  HS1316410.1                  0.000         0.000         0.000         0.000         0.000         0.000         0.000         0.000         0.000
  HS1316410.2                101.020        25.017        15.320         0.296         1.003        81.426         0.000         0.000         0.000
  HS1316415.1                190.715        47.082        28.808         0.559         1.905       154.041         0.000         0.000         0.000
  HS1316417.1                325.349        80.499        49.137         0.961         3.132       262.521         0.000         0.000         0.000
  HS1316445.1                226.572        55.955        34.266         0.665         2.262       182.984         0.000         0.000         0.000
  HS1316467.1                605.432       149.954        91.435         1.770         6.034       487.601         0.000         0.000         0.000
  HS1316467.2                 22.121         5.481         3.361         0.066         0.217        17.932         0.000         0.000         0.000
  HS1316505.1               6504.429      1615.429       979.189        19.256        62.158      5264.573         0.000         0.000         0.000
  HS1316530.1               6508.668      1616.159       979.597        19.263        62.208      5266.796         0.000         0.000         0.000
  HS1316532.1               2468.276       611.067       373.809         7.266        24.547      1992.996         0.000         0.000         0.000
  HS1316554.1               1731.109       428.748       262.200         5.089        17.309      1397.648         0.000         0.000         0.000
  HS1316563.1               1732.850       428.987       262.328         5.092        17.324      1398.493         0.000         0.000         0.000
  HS1316566.1               1029.194       254.551       155.864         3.030        10.325       830.915         0.000         0.000         0.000
  HS1316585.1                886.341       219.249       134.323         2.610         8.881       715.741         0.000         0.000         0.000
  HS1316637.1                414.574       102.380        62.900         1.214         4.158       334.051         0.000         0.000         0.000
  HS1316643.1                371.721        91.725        56.355         1.087         3.730       299.159         0.000         0.000         0.000
  HS1316671.1                297.934        73.420        45.136         0.868         2.992       239.442         0.000         0.000         0.000
  HS1316676.1                 71.740        17.795        10.904         0.212         0.719        58.037         0.000         0.000         0.000
  HS1316677.1                 95.678        23.726        14.538         0.283         0.958        77.389         0.000         0.000         0.000
  HS1316677.2                168.285        41.676        25.499         0.496         1.680       135.927         0.000         0.000         0.000
  HS1316688.1                168.255        41.671        25.496         0.496         1.680       135.910         0.000         0.000         0.000
  HS1316694.1               2139.524       530.000       325.416         6.357        21.288      1731.521         0.000         0.000         0.000
  HS1316707.1                243.705        60.294        36.969         0.722         2.440       196.911         0.000         0.000         0.000
  HS1316717.1                306.098        75.784        46.410         0.907         3.056       247.216         0.000         0.000         0.000
  HS1316718.1                314.976        77.987        47.760         0.933         3.147       254.405         0.000         0.000         0.000
  HS1316721.1                582.558       144.220        88.311         1.723         5.761       470.729         0.000         0.000         0.000
  HS1316726.1                372.576        92.595        56.430         1.099         3.740       301.847         0.000         0.000         0.000
  HS1316786.1                732.120       181.040       110.826         2.161         7.190       591.180         0.000         0.000         0.000
  HS1316811.1                239.814        59.349        36.348         0.707         2.341       193.876         0.000         0.000         0.000
  HS1316814.1                116.886        28.906        17.724         0.347         1.180        94.387         0.000         0.000         0.000
  HS1316835.1                188.379        46.619        28.584         0.559         1.889       152.130         0.000         0.000         0.000
  HS1316849.1                241.289        59.669        36.579         0.714         2.412       194.878         0.000         0.000         0.000
  HS1316865.1                119.292        29.430        18.039         0.349         1.178        95.948         0.000         0.000         0.000
  HS1316868.1                119.371        29.438        18.044         0.349         1.178        95.991         0.000         0.000         0.000
  HS1316892.1                 87.537        21.590        13.224         0.255         0.856        70.391         0.000         0.000         0.000
  HS1317102.1                  0.000         0.000         0.000         0.000         0.000         0.000         0.000         0.000         0.000
  HS1318293.1               1583.866       392.807       241.081         4.703        15.796      1281.665         0.000         0.000         0.000
  HS1318293.2               2081.525       515.952       316.729         6.172        20.720      1683.851         0.000         0.000         0.000
  HS1318328.1                317.981        78.345        48.049         0.938         3.127       256.246         0.000         0.000         0.000
  HS1318412.1                 33.642         8.333         5.075         0.099         0.330        27.152         0.000         0.000         0.000
  HS1324399.1               2100.964       520.318       319.476         6.242        20.905      1699.940         0.000         0.000         0.000
  HS1324403.1               2101.335       520.389       319.515         6.242        20.909      1700.121         0.000         0.000         0.000
  HS1330826.1                117.808        29.065        17.783         0.352         1.190        95.063         0.000         0.000         0.000
  HS1330834.1                123.829        30.560        18.701         0.370         1.248        99.965         0.000         0.000         0.000
  HS1330842.1                293.585        72.537        44.317         0.876         2.976       236.523         0.000         0.000         0.000
  HS1330861.1                296.573        73.316        44.794         0.886         3.008       239.023         0.000         0.000         0.000
  HS1344037.1                 10.997         2.729         1.673         0.032         0.110         8.909         0.000         0.000         0.000
  HS1344159.1               2009.766       500.416       297.171         5.986        17.485      1629.745         0.000         0.000         0.000
  HS1344187.1                259.614        64.144        39.302         0.764         2.592       209.258         0.000         0.000         0.000
  HS1344261.1                 84.617        20.985        12.750         0.249         0.861        68.185         0.000         0.000         0.000
  HS1344263.1                472.820       117.040        71.514         1.397         4.734       382.232         0.000         0.000         0.000
  HS1344319.1                  4.361         1.079         0.657         0.013         0.043         3.506         0.000         0.000         0.000
  HS1344902.1                164.033        40.677        24.927         0.485         1.643       132.670         0.000         0.000         0.000
  HS1344915.1                240.470        59.460        36.376         0.707         2.413       193.374         0.000         0.000         0.000
  HS1344920.1                143.669        35.371        21.747         0.422         1.412       115.783         0.000         0.000         0.000
  HS1344978.1                244.021        60.375        37.020         0.723         2.443       197.178         0.000         0.000         0.000
  HS2003013.1                897.534       275.444        54.853         3.302         1.462       871.575         0.000         0.000         0.000
  HS2003015.1               2905.649       738.735       362.602         8.890         8.465      2409.263         0.000         0.000         0.000
  HS2003020.1                661.117       171.261        68.708         2.071         1.139       557.395         0.000         0.000         0.000
  HS2003023.1               2248.960       567.109       301.079         6.813         9.166      1850.978         0.000         0.000         0.000
  HS2003028.1                668.320       171.278        76.238         2.070         1.329       558.030         0.000         0.000         0.000
  HS2003029.1                685.012       171.178        97.791         2.064         4.861       558.864         0.000         0.000         0.000
  HS2003046.1               2271.372       567.721       329.067         6.814        16.783      1854.269         0.000         0.000         0.000
  HS2003070.1                817.057       203.226       124.703         2.434         8.187       663.387         0.000         0.000         0.000
  HS2003072.1                689.600       171.144       104.794         2.062         6.891       558.992         0.000         0.000         0.000
  HS2003083.1                339.574        84.170        51.645         1.011         3.347       275.626         0.000         0.000         0.000
  HS2003085.1                773.628       192.187       117.912         2.301         7.764       627.310         0.000         0.000         0.000
  HS2003086.1                340.793        84.285        51.712         1.012         3.353       276.191         0.000         0.000         0.000
  HS2003093.1                778.662       192.731       118.228         2.308         7.791       629.737         0.000         0.000         0.000
  HS2003095.1                746.663       184.627       113.252         2.210         7.476       603.535         0.000         0.000         0.000
  HS2003109.1                 39.640         9.849         6.060         0.118         0.399        32.169         0.000         0.000         0.000
  HS2003111.1                265.113        65.355        40.070         0.786         2.583       214.498         0.000         0.000         0.000
  HS2003111.2                731.073       180.761       110.872         2.164         7.324       590.893         0.000         0.000         0.000
  HS2003113.1                303.569        75.078        46.057         0.903         2.977       246.124         0.000         0.000         0.000
  HS2003125.1                 55.114        13.829         8.418         0.167         0.551        44.985         0.000         0.000         0.000
  HS2003142.1                 39.737         9.870         6.073         0.118         0.401        32.225         0.000         0.000         0.000
  HS2003144.1                  0.544         0.135         0.083         0.002         0.006         0.440         0.000         0.000         0.000
  MH0100292.1               1201.888       301.310       164.549         3.604         6.433       981.495         0.000         0.000         0.000
  MH0100330.1                782.267       194.058       118.784         2.319         7.775       632.356         0.000         0.000         0.000
  MH0100334.1                758.705       188.117       115.137         2.248         7.537       613.009         0.000         0.000         0.000
  MH0101923.1                758.489       188.079       115.117         2.248         7.534       612.916         0.000         0.000         0.000
  MH0101924.1               1346.445       338.395       181.054         4.053         6.194      1102.748         0.000         0.000         0.000
  MH0103033.1                 11.538         2.873         1.759         0.034         0.114         9.370         0.000         0.000         0.000
  MH0200659.1                116.886        29.384        17.929         0.347         1.188        94.722         0.000         0.000         0.000
  MH0200661.1                118.696        29.619        18.059         0.350         1.197        95.857         0.000         0.000         0.000
  MH0201597.1                230.908        57.410        35.094         0.681         2.377       185.635         0.000         0.000         0.000
  MH0201710.1                533.452       132.027        81.046         1.589         5.209       431.770         0.000         0.000         0.000
  MH0241587.1                245.119        60.715        37.123         0.728         2.475       198.206         0.000         0.000         0.000
  MH0241590.1                331.354        82.030        50.170         0.983         3.340       267.817         0.000         0.000         0.000
  MH0241603.1                 48.354        11.984         7.354         0.142         0.481        38.952         0.000         0.000         0.000
  MH0241642.1                249.609        61.739        37.772         0.734         2.503       200.820         0.000         0.000         0.000
  MH0242298.1                403.531        99.853        61.015         1.180         3.956       325.601         0.000         0.000         0.000
  MH0242303.1                596.670       147.797        90.264         1.744         5.931       480.783         0.000         0.000         0.000
  MH0242782.1                298.586        73.901        45.054         0.878         2.989       241.041         0.000         0.000         0.000
  MH0258475.1                 93.720        23.098        14.182         0.277         0.917        75.869         0.000         0.000         0.000
  VP0232532.1                 49.761        12.536         7.639         0.147         0.504        40.389         0.000         0.000         0.000
  YS2003067.1                782.802       194.456       119.318         2.329         7.843       635.015         0.000         0.000         0.000
  HS2003014.2              1.006e+04      2578.292      1307.477        30.940        51.788      8387.220         0.000         0.000         0.000
  HS2003014.1                171.810       629.377         0.000        30.358        51.712      1157.378         0.000         0.000         0.000
  1                          397.331       116.243        45.094         1.383         4.251       359.837         0.000         0.000         0.000
  2                         8185.006      2061.730      1175.789        24.643        63.291      6705.221         0.000         0.000         0.000
  

  Analysis begun on:  Fri May 16 12:46:32 2025
  Analysis ended on:  Fri May 16 12:47:00 2025
  Total elapsed time: 00:00:28