
  EPA STORM WATER MANAGEMENT MODEL - VERSION 5.2 (Build 5.2.4)
  PYSWMM TOOLKIT API - VERSION v1.0 (2025-11-18)
  ------------------------------------------------------------

  
  ****************
  Analysis Options
  ****************
  Flow Units ............... LPS
  Process Models:
    Rainfall/Runoff ........ NO
    RDII ................... NO
    Snowmelt ............... NO
    Groundwater ............ NO
    Flow Routing ........... YES
    Ponding Allowed ........ YES
    Water Quality .......... YES
  Flow Routing Method ...... DYNWAVE
  Surcharge Method ......... EXTRAN
  Starting Date ............ 01/01/2025 00:00:00
  Ending Date .............. 01/03/2025 00:00:00
  Antecedent Dry Days ...... 0.0
  Report Time Step ......... 00:05:00
  Routing Time Step ........ 60.00 sec
  Variable Time Step ....... YES
  Maximum Trials ........... 10
  Number of Threads ........ 1
  Head Tolerance ........... 0.001500 m
  
  
  **************************        Volume        Volume
  Flow Routing Continuity        hectare-m      10^6 ltr
  **************************     ---------     ---------
  Dry Weather Inflow .......         0.000         0.000
  Wet Weather Inflow .......         0.000         0.000
  Groundwater Inflow .......         0.000         0.000
  RDII Inflow ..............         0.000         0.000
  External Inflow ..........         9.616        96.157
  External Outflow .........         9.448        94.482
  Flooding Loss ............         0.000         0.000
  Evaporation Loss .........         0.000         0.000
  Exfiltration Loss ........         0.000         0.000
  Initial Stored Volume ....         0.016         0.160
  Final Stored Volume ......         0.187         1.873
  Continuity Error (%) .....        -0.040
  
  
  **************************          BODf          BODs           NH4           NO3            DO
  Quality Routing Continuity            kg            kg            kg            kg            kg
  **************************    ----------    ----------    ----------    ----------    ----------
  Dry Weather Inflow .......         0.000         0.000         0.000         0.000         0.000
  Wet Weather Inflow .......         0.000         0.000         0.000         0.000         0.000
  Groundwater Inflow .......         0.000         0.000         0.000         0.000         0.000
  RDII Inflow ..............         0.000         0.000         0.000         0.000         0.000
  External Inflow ..........     19378.764      4780.318      2927.310        57.065       192.395
  External Outflow .........      7691.753      2807.730      1071.227        56.190       135.461
  Flooding Loss ............         0.000         0.000         0.000         0.000         0.000
  Exfiltration Loss ........         0.000         0.000         0.000         0.000         0.000
  Mass Reacted .............     11427.445      1906.792      1822.615         0.000        53.546
  Initial Stored Mass ......         0.000         0.000         0.000         0.000         0.000
  Final Stored Mass ........       271.640        68.438        35.141         0.900         3.454
  Continuity Error (%) .....        -0.062        -0.055        -0.057        -0.043        -0.035
  
  
  **************************          TSSs          TSSn         TR_in         TR_ww
  Quality Routing Continuity            kg            kg            kg            kg
  **************************    ----------    ----------    ----------    ----------
  Dry Weather Inflow .......         0.000         0.000         0.000         0.000
  Wet Weather Inflow .......         0.000         0.000         0.000         0.000
  Groundwater Inflow .......         0.000         0.000         0.000         0.000
  RDII Inflow ..............         0.000         0.000         0.000         0.000
  External Inflow ..........     15611.818         0.000         0.000         0.000
  External Outflow .........      7889.083         0.000         0.000         0.000
  Flooding Loss ............         0.000         0.000         0.000         0.000
  Exfiltration Loss ........         0.000         0.000         0.000         0.000
  Mass Reacted .............      7506.592         0.000         0.000         0.000
  Initial Stored Mass ......         0.000         0.000         0.000         0.000
  Final Stored Mass ........       224.805         0.000         0.000         0.000
  Continuity Error (%) .....        -0.055         0.000         0.000         0.000
  
  
  *************************
  Highest Continuity Errors
  *************************
  Node HS1314512 (3.48%)
  Node VP0232532 (3.31%)
  Node HS1316396 (2.77%)
  Node HS1314505 (2.18%)
  Node HS1316393 (1.28%)
  
  
  ***************************
  Time-Step Critical Elements
  ***************************
  Link HS2003014.1 (64.81%)
  Link HS1313044.2 (34.55%)
  
  
  ********************************
  Highest Flow Instability Indexes
  ********************************
  All links are stable.
  
  
  *********************************
  Most Frequent Nonconverging Nodes
  *********************************
  Convergence obtained at all time steps.
  
  
  *************************
  Routing Time Step Summary
  *************************
  Minimum Time Step           :     1.61 sec
  Average Time Step           :     4.04 sec
  Maximum Time Step           :    12.08 sec
  % of Time in Steady State   :     0.00
  Average Iterations per Step :     2.00
  % of Steps Not Converging   :     0.00
  Time Step Frequencies       :
     60.000 - 23.031 sec      :     0.00 %
     23.031 -  8.841 sec      :     0.00 %
      8.841 -  3.393 sec      :    99.99 %
      3.393 -  1.303 sec      :     0.01 %
      1.303 -  0.500 sec      :     0.00 %
  
  
  ******************
  Node Depth Summary
  ******************
  
  ---------------------------------------------------------------------------------
                                 Average  Maximum  Maximum  Time of Max    Reported
                                   Depth    Depth      HGL   Occurrence   Max Depth
  Node                 Type       Meters   Meters   Meters  days hr:min      Meters
  ---------------------------------------------------------------------------------
  HS1306447            JUNCTION     0.02     0.03    23.20     0  18:00        0.03
  HS1306449            JUNCTION     0.06     0.07    22.83     0  18:02        0.07
  HS1306461            JUNCTION     0.02     0.02    22.66     0  18:03        0.02
  HS1306471            JUNCTION     0.03     0.04    23.46     0  18:00        0.04
  HS1306554            JUNCTION     0.21     0.26    19.61     0  16:26        0.26
  HS1306571            JUNCTION     0.09     0.11    19.33     0  17:00        0.11
  HS1306601            JUNCTION     0.10     0.13    18.92     0  16:32        0.13
  HS1306611            JUNCTION     0.10     0.12    18.80     0  16:34        0.12
  HS1308259            JUNCTION     0.05     0.06    19.90     0  09:04        0.06
  HS1308282            JUNCTION     0.23     0.30    18.12     0  16:50        0.30
  HS1308301            JUNCTION     0.07     0.09    18.34     0  16:32        0.09
  HS1308302            JUNCTION     0.09     0.11    18.30     0  16:40        0.11
  HS1308324            JUNCTION     0.16     0.23    18.13     0  16:49        0.23
  HS1311200            JUNCTION     0.02     0.02    20.80     0  14:04        0.02
  HS1311204            JUNCTION     0.02     0.03    20.71     0  16:04        0.03
  HS1311269            JUNCTION     0.02     0.03    21.00     0  14:04        0.03
  HS1311284            JUNCTION     0.04     0.05    21.22     0  14:01        0.05
  HS1311288            JUNCTION     0.09     0.10    21.36     0  17:01        0.10
  HS1311339            JUNCTION     0.06     0.07    22.20     0  07:19        0.07
  HS1311349            JUNCTION     0.34     0.35    22.59     0  12:06        0.35
  HS1311380            JUNCTION     0.00     0.00    20.93     0  00:00        0.00
  HS1311392            JUNCTION     0.04     0.05    20.78     0  07:24        0.05
  HS1311473            JUNCTION     0.02     0.03    23.00     0  20:00        0.03
  HS1311475            JUNCTION     0.03     0.03    22.20     0  17:02        0.03
  HS1311491            JUNCTION     0.02     0.02    20.69     0  17:06        0.02
  HS1311887            JUNCTION     0.03     0.04    20.60     0  16:04        0.04
  HS1313001            JUNCTION     0.07     0.08    20.62     0  16:02        0.08
  HS1313016            JUNCTION     0.07     0.09    20.53     0  16:05        0.09
  HS1313021            JUNCTION     0.02     0.03    22.22     0  16:00        0.03
  HS1313025            JUNCTION     0.10     0.13    20.43     0  17:00        0.13
  HS1313026            JUNCTION     0.06     0.08    20.78     0  17:00        0.08
  HS1313037            JUNCTION     0.12     0.15    20.32     0  17:00        0.15
  HS1313044            JUNCTION     0.14     0.18    20.28     0  17:01        0.18
  HS1313045            JUNCTION     0.10     0.14    20.23     0  17:01        0.14
  HS1313083            JUNCTION     0.22     0.27    20.36     0  17:06        0.27
  HS1313123            JUNCTION     0.23     0.27    20.32     0  17:06        0.27
  HS1313140            JUNCTION     0.16     0.19    20.28     0  17:00        0.19
  HS1313162            JUNCTION     0.02     0.03    20.06     0  17:07        0.03
  HS1313167            JUNCTION     0.04     0.06    20.05     0  17:04        0.06
  HS1313205            JUNCTION     0.05     0.07    19.29     0  17:06        0.07
  HS1313217            JUNCTION     0.12     0.16    19.06     0  16:01        0.16
  HS1313218            JUNCTION     0.00     0.00    20.99     0  00:00        0.00
  HS1313220            JUNCTION     0.13     0.17    19.06     0  16:01        0.17
  HS1313240            JUNCTION     0.05     0.08    20.33     0  17:01        0.08
  HS1313252            JUNCTION     0.12     0.14    20.41     0  17:06        0.14
  HS1313253            JUNCTION     0.11     0.14    20.41     0  17:06        0.14
  HS1313263            JUNCTION     0.05     0.07    20.49     0  17:03        0.07
  HS1313283            JUNCTION     0.05     0.07    21.12     0  17:01        0.07
  HS1313290            JUNCTION     0.07     0.09    19.69     0  10:09        0.09
  HS1313298            JUNCTION     0.05     0.07    19.75     0  10:08        0.07
  HS1313300            JUNCTION     0.11     0.13    19.83     0  10:02        0.13
  HS1313343            JUNCTION     0.03     0.04    19.91     0  21:01        0.04
  HS1313346            JUNCTION     0.02     0.03    19.99     0  16:01        0.03
  HS1313391            JUNCTION     0.12     0.14    19.05     0  17:07        0.14
  HS1313407            JUNCTION     0.06     0.07    19.95     0  16:14        0.07
  HS1313411            JUNCTION     0.09     0.11    20.19     0  16:13        0.11
  HS1313415            JUNCTION     0.11     0.13    20.23     0  16:12        0.13
  HS1313447            JUNCTION     0.15     0.18    20.29     0  16:14        0.18
  HS1313471            JUNCTION     0.05     0.06    20.86     0  16:00        0.06
  HS1313487            JUNCTION     0.09     0.11    20.58     0  16:05        0.11
  HS1313508            JUNCTION     0.03     0.04    20.90     0  15:00        0.04
  HS1313534            JUNCTION     0.05     0.07    20.04     0  12:01        0.07
  HS1313569            JUNCTION     0.12     0.13    20.42     0  18:01        0.13
  HS1313572            JUNCTION     0.05     0.06    20.42     0  18:00        0.06
  HS1313587            JUNCTION     0.03     0.04    20.25     0  18:02        0.04
  HS1313588            JUNCTION     0.09     0.10    20.25     0  18:02        0.10
  HS1313591            JUNCTION     0.02     0.03    20.09     0  18:02        0.03
  HS1313597            JUNCTION     0.06     0.07    19.99     0  16:08        0.07
  HS1313613            JUNCTION     0.04     0.05    20.41     0  16:02        0.05
  HS1313618            JUNCTION     0.04     0.06    22.44     0  17:00        0.06
  HS1313640            JUNCTION     0.06     0.07    21.71     0  17:03        0.07
  HS1313676            JUNCTION     0.10     0.13    20.49     0  10:01        0.13
  HS1313677            JUNCTION     0.09     0.12    20.49     0  10:00        0.12
  HS1313700            JUNCTION     0.04     0.05    21.37     0  16:00        0.05
  HS1313709            JUNCTION     0.05     0.06    21.21     0  16:00        0.06
  HS1313728            JUNCTION     0.04     0.05    20.77     0  16:01        0.05
  HS1313730            JUNCTION     0.02     0.03    20.71     0  16:02        0.03
  HS1313740            JUNCTION     0.02     0.03    20.78     0  16:01        0.03
  HS1313756            JUNCTION     0.17     0.18    19.99     0  16:07        0.18
  HS1313763            JUNCTION     0.05     0.07    19.86     0  16:10        0.07
  HS1313794            JUNCTION     0.06     0.07    18.76     0  16:22        0.07
  HS1313799            JUNCTION     0.00     0.00    19.10     0  16:01        0.00
  HS1313803            JUNCTION     0.06     0.08    18.86     0  16:18        0.08
  HS1313835            JUNCTION     0.08     0.09    18.56     0  16:16        0.09
  HS1313839            JUNCTION     0.12     0.13    20.47     0  17:00        0.13
  HS1313865            JUNCTION     0.35     0.36    20.47     0  16:06        0.36
  HS1313873            JUNCTION     0.08     0.09    20.01     0  16:07        0.09
  HS1313881            JUNCTION     0.07     0.08    20.93     0  16:02        0.08
  HS1313913            JUNCTION     0.05     0.06    21.06     0  16:01        0.06
  HS1313924            JUNCTION     0.06     0.08    21.15     0  16:01        0.08
  HS1313925            JUNCTION     0.03     0.03    21.45     0  08:01        0.03
  HS1313957            JUNCTION     0.06     0.07    20.33     0  16:03        0.07
  HS1313959            JUNCTION     0.06     0.07    20.32     0  08:07        0.07
  HS1313965            JUNCTION     0.05     0.06    22.18     0  09:01        0.06
  HS1313984            JUNCTION     0.01     0.01    21.51     0  16:00        0.01
  HS1313998            JUNCTION     0.07     0.09    21.74     0  17:01        0.09
  HS1314210            JUNCTION     0.04     0.06    20.08     0  14:04        0.06
  HS1314237            JUNCTION     0.10     0.12    19.85     0  17:00        0.12
  HS1314268            JUNCTION     0.08     0.09    19.16     0  17:02        0.09
  HS1314475            JUNCTION     0.03     0.09    18.11     0  16:53        0.09
  HS1314992            JUNCTION     0.34     0.41    18.11     0  16:52        0.41
  HS1316010            JUNCTION     0.03     0.04    21.77     0  17:00        0.04
  HS1316014            JUNCTION     0.02     0.02    21.88     0  16:01        0.02
  HS1316037            JUNCTION     0.02     0.02    21.47     0  16:03        0.02
  HS1316045            JUNCTION     0.08     0.09    20.21     0  11:00        0.09
  HS1316177            JUNCTION     0.11     0.14    18.44     0  16:16        0.14
  HS1316202            JUNCTION     0.12     0.16    18.36     0  16:20        0.16
  HS1316207            JUNCTION     0.16     0.21    18.33     0  16:21        0.21
  HS1316244            JUNCTION     0.01     0.02    20.76     0  18:00        0.02
  HS1316267            JUNCTION     0.11     0.14    19.28     0  16:09        0.14
  HS1316302            JUNCTION     0.07     0.09    21.62     0  16:01        0.09
  HS1316321            JUNCTION     0.06     0.08    22.40     0  16:00        0.08
  HS1316332            JUNCTION     0.01     0.02    22.80     0  16:00        0.02
  HS1316334            JUNCTION     0.01     0.01    22.89     0  16:01        0.01
  HS1316341            JUNCTION     0.25     0.25    21.42     0  20:03        0.25
  HS1316343            JUNCTION     0.00     0.00    21.40     0  17:02        0.00
  HS1316344            JUNCTION     0.09     0.11    19.88     0  09:03        0.11
  HS1316357            JUNCTION     0.10     0.11    19.84     0  09:01        0.11
  HS1316361            JUNCTION     0.00     0.01    21.08     0  09:00        0.01
  HS1316366            JUNCTION     0.01     0.01    20.25     0  17:00        0.01
  HS1316368            JUNCTION     0.06     0.07    19.75     0  09:01        0.07
  HS1316375            JUNCTION     0.02     0.03    21.20     0  16:00        0.03
  HS1316377            JUNCTION     0.02     0.03    20.97     0  16:00        0.03
  HS1316381            JUNCTION     0.02     0.03    20.45     0  16:01        0.03
  HS1316382            JUNCTION     0.00     0.00    20.84     0  00:00        0.00
  HS1316393            JUNCTION     0.11     0.11    20.47     0  14:11        0.11
  HS1316395            JUNCTION     0.01     0.01    21.77     0  14:00        0.01
  HS1316396            JUNCTION     0.08     0.08    20.47     0  14:11        0.08
  HS1316397            JUNCTION     0.00     0.00    21.53     0  14:00        0.00
  HS1316405            JUNCTION     0.01     0.01    21.86     0  18:00        0.01
  HS1316407            JUNCTION     0.01     0.01    21.46     0  18:00        0.01
  HS1316410            JUNCTION     0.03     0.03    20.38     0  17:00        0.03
  HS1316415            JUNCTION     0.07     0.09    20.29     0  15:02        0.09
  HS1316417            JUNCTION     0.55     0.56    19.75     0  14:02        0.56
  HS1316445            JUNCTION     0.03     0.04    19.78     0  15:04        0.04
  HS1316467            JUNCTION     0.06     0.08    21.44     0  16:02        0.08
  HS1316505            JUNCTION     0.17     0.23    18.17     0  16:39        0.23
  HS1316506            JUNCTION     0.00     0.00    20.10     0  09:00        0.00
  HS1316530            JUNCTION     0.15     0.19    18.30     0  16:22        0.19
  HS1316532            JUNCTION     0.03     0.03    18.75     0  16:21        0.03
  HS1316554            JUNCTION     0.15     0.18    19.26     0  16:24        0.18
  HS1316555            JUNCTION     0.00     0.00    21.38     0  07:00        0.00
  HS1316563            JUNCTION     0.23     0.26    19.35     0  16:20        0.26
  HS1316566            JUNCTION     0.08     0.09    19.46     0  17:00        0.09
  HS1316585            JUNCTION     0.07     0.09    20.12     0  17:00        0.09
  HS1316637            JUNCTION     0.05     0.07    21.82     0  16:05        0.07
  HS1316643            JUNCTION     0.04     0.06    22.19     0  16:03        0.06
  HS1316671            JUNCTION     0.06     0.08    23.06     0  16:01        0.08
  HS1316676            JUNCTION     0.03     0.04    22.41     0  17:02        0.04
  HS1316677            JUNCTION     0.05     0.06    22.30     0  17:04        0.06
  HS1316688            JUNCTION     0.03     0.03    21.81     0  17:05        0.03
  HS1316689            JUNCTION     0.00     0.00    22.93     0  19:01        0.00
  HS1316694            JUNCTION     0.18     0.22    19.86     0  17:03        0.22
  HS1316707            JUNCTION     0.04     0.05    21.73     0  16:02        0.05
  HS1316717            JUNCTION     0.05     0.06    20.66     0  16:04        0.06
  HS1316718            JUNCTION     0.05     0.06    20.55     0  16:04        0.06
  HS1316721            JUNCTION     0.10     0.11    20.50     0  10:03        0.11
  HS1316726            JUNCTION     0.08     0.11    20.39     0  09:01        0.11
  HS1316786            JUNCTION     0.08     0.10    20.32     0  16:14        0.10
  HS1316811            JUNCTION     0.05     0.06    22.04     0  07:06        0.06
  HS1316814            JUNCTION     0.04     0.05    23.00     0  16:00        0.05
  HS1316835            JUNCTION     0.05     0.06    22.47     0  10:01        0.06
  HS1316849            JUNCTION     0.05     0.06    22.18     0  16:01        0.06
  HS1316865            JUNCTION     0.03     0.03    22.09     0  16:04        0.03
  HS1316867            JUNCTION     0.00     0.00    22.52     0  16:02        0.00
  HS1316868            JUNCTION     0.03     0.03    22.34     0  16:03        0.03
  HS1316892            JUNCTION     0.05     0.07    22.65     0  16:04        0.07
  HS1317102            JUNCTION     0.00     0.00    20.62     0  00:00        0.00
  HS1318293            JUNCTION     0.07     0.08    19.63     0  16:29        0.08
  HS1318328            JUNCTION     0.05     0.07    20.29     0  16:15        0.07
  HS1318412            JUNCTION     0.03     0.04    21.72     0  17:02        0.04
  HS1324399            JUNCTION     0.10     0.12    19.93     0  17:02        0.12
  HS1324400            JUNCTION     0.01     0.01    20.04     0  08:00        0.01
  HS1324403            JUNCTION     0.19     0.23    20.23     0  17:01        0.23
  HS1330826            JUNCTION     0.26     0.29    19.64     0  16:01        0.29
  HS1330834            JUNCTION     0.04     0.06    19.46     0  16:04        0.06
  HS1330842            JUNCTION     0.06     0.08    19.39     0  16:04        0.08
  HS1330861            JUNCTION     0.01     0.02    18.67     0  16:04        0.02
  HS1344037            JUNCTION     0.01     0.03    21.12     0  17:01        0.03
  HS1344159            JUNCTION     0.08     0.10    18.51     0  16:21        0.10
  HS1344166            JUNCTION     0.15     0.20    20.36     0  17:04        0.20
  HS1344187            JUNCTION     0.05     0.06    19.93     0  16:09        0.06
  HS1344198            JUNCTION     0.00     0.00    20.66     0  11:01        0.00
  HS1344261            JUNCTION     0.03     0.04    21.65     0  16:00        0.04
  HS1344263            JUNCTION     0.06     0.08    20.63     0  17:05        0.08
  HS1344319            JUNCTION     0.09     0.11    22.65     0  16:04        0.11
  HS1344902            JUNCTION     0.06     0.08    23.27     0  17:01        0.08
  HS1344915            JUNCTION     0.08     0.10    21.00     0  16:01        0.10
  HS1344920            JUNCTION     0.03     0.04    21.21     0  17:00        0.04
  HS1344978            JUNCTION     0.04     0.05    20.89     0  16:03        0.05
  HS2003070            JUNCTION     0.13     0.15    18.55     0  17:11        0.15
  HS2003072            JUNCTION     0.10     0.13    18.43     0  16:20        0.13
  HS2003083            JUNCTION     0.03     0.05    18.45     0  17:09        0.05
  HS2003085            JUNCTION     0.16     0.18    18.55     0  17:10        0.18
  HS2003086            JUNCTION     0.04     0.05    18.49     0  17:07        0.05
  HS2003087            JUNCTION     0.00     0.00    18.57     0  17:00        0.00
  HS2003088            JUNCTION     0.01     0.01    18.86     0  17:00        0.01
  HS2003091            JUNCTION     0.10     0.11    18.55     0  17:11        0.11
  HS2003093            JUNCTION     0.08     0.10    18.56     0  17:08        0.10
  HS2003095            JUNCTION     0.06     0.08    18.57     0  17:07        0.08
  HS2003109            JUNCTION     0.01     0.01    18.60     0  16:17        0.01
  HS2003111            JUNCTION     0.10     0.11    18.63     0  17:04        0.11
  HS2003113            JUNCTION     0.04     0.05    18.59     0  17:06        0.05
  HS2003125            JUNCTION     0.01     0.02    18.69     0  13:06        0.02
  HS2003142            JUNCTION     0.01     0.02    18.74     0  16:10        0.02
  HS2003144            JUNCTION     0.05     0.05    18.79     0  16:02        0.05
  MH0100330            JUNCTION     0.05     0.07    19.89     0  16:12        0.07
  MH0100334            JUNCTION     0.05     0.07    19.98     0  16:08        0.07
  MH0101923            JUNCTION     0.05     0.07    19.91     0  16:11        0.07
  MH0103033            JUNCTION     0.02     0.03    22.04     0  07:06        0.03
  MH0200659            JUNCTION     0.02     0.02    19.99     0  14:42        0.02
  MH0200661            JUNCTION     0.02     0.02    20.19     0  14:19        0.02
  MH0201597            JUNCTION     0.15     0.20    19.67     0  16:54        0.20
  MH0201629            JUNCTION     0.02     0.03    19.90     0  16:01        0.03
  MH0201710            JUNCTION     0.05     0.09    19.68     0  17:00        0.09
  MH0216418            JUNCTION     0.03     0.03    20.00     0  15:01        0.03
  MH0241587            JUNCTION     0.23     0.24    20.47     0  16:06        0.24
  MH0241590            JUNCTION     0.05     0.06    19.95     0  16:08        0.06
  MH0241603            JUNCTION     0.01     0.01    19.89     0  17:05        0.01
  MH0241642            JUNCTION     0.01     0.01    20.56     0  16:02        0.01
  MH0242298            JUNCTION     0.08     0.11    19.00     0  17:00        0.11
  MH0242303            JUNCTION     0.07     0.09    18.72     0  17:02        0.09
  MH0242782            JUNCTION     0.05     0.06    22.59     0  08:03        0.06
  MH0258475            JUNCTION     0.04     0.06    23.17     0  17:01        0.06
  VP0232532            JUNCTION     0.05     0.05    20.20     0  17:41        0.05
  YS2003067            JUNCTION     0.35     0.36    18.55     0  17:11        0.36
  MH0100819            OUTFALL      0.14     0.19    17.43     0  16:57        0.19
  1                    OUTFALL      0.26     0.30    17.80     0  16:53        0.30
  HS1314512            STORAGE      0.45     0.52    18.11     0  16:53        0.52
  HS1314477            STORAGE      0.50     0.57    18.11     0  16:53        0.57
  HS2003013            STORAGE      0.19     0.26    18.10     0  16:52        0.26
  HS1314769            STORAGE      0.25     0.32    18.10     0  16:53        0.32
  HS1314505            STORAGE      0.37     0.44    18.10     0  16:53        0.44
  HS2003015            STORAGE      0.04     0.05    18.14     0  16:54        0.05
  HS2003020            STORAGE      0.06     0.08    18.25     0  16:24        0.08
  HS2003023            STORAGE      0.11     0.14    18.31     0  17:14        0.14
  HS2003028            STORAGE      0.10     0.13    18.28     0  16:26        0.13
  HS2003029            STORAGE      0.04     0.06    18.32     0  16:25        0.06
  HS2003046            STORAGE      0.10     0.13    18.45     0  17:10        0.13
  HS1306904            STORAGE      0.12     0.15    18.45     0  16:32        0.15
  HS1306618            STORAGE      0.04     0.05    18.58     0  16:35        0.05
  HS1313402            STORAGE      0.06     0.07    18.91     0  16:19        0.07
  MH0101924            STORAGE      0.04     0.06    19.76     0  16:15        0.06
  MH0100292            STORAGE      0.10     0.12    19.88     0  16:14        0.12
  HS2003014            STORAGE      0.15     0.20    17.85     0  16:57        0.20
  
  
  *******************
  Node Inflow Summary
  *******************
  
  -------------------------------------------------------------------------------------------------
                                  Maximum  Maximum                  Lateral       Total        Flow
                                  Lateral    Total  Time of Max      Inflow      Inflow     Balance
                                   Inflow   Inflow   Occurrence      Volume      Volume       Error
  Node                 Type           LPS      LPS  days hr:min    10^6 ltr    10^6 ltr     Percent
  -------------------------------------------------------------------------------------------------
  HS1306447            JUNCTION      0.00     3.21     0  18:00           0       0.357       0.021
  HS1306449            JUNCTION      0.00     3.21     0  18:00           0       0.357       0.152
  HS1306461            JUNCTION      0.00     3.20     0  18:02           0       0.357       0.038
  HS1306471            JUNCTION      3.21     3.21     0  18:00       0.166       0.358       0.025
  HS1306554            JUNCTION     20.14    56.49     0  16:25       0.986        5.63       0.306
  HS1306571            JUNCTION     17.38   180.77     0  17:00       0.944        20.2       0.199
  HS1306601            JUNCTION      6.32   227.68     0  16:28       0.365        25.4       0.157
  HS1306611            JUNCTION      0.00   193.45     0  16:33           0          22       0.115
  HS1308259            JUNCTION      1.65    19.51     0  09:01      0.0953        2.05       0.146
  HS1308282            JUNCTION      0.00   334.98     0  16:30           0        39.5       0.060
  HS1308301            JUNCTION      0.00    17.87     0  16:23           0        1.92       0.273
  HS1308302            JUNCTION      7.58    24.49     0  16:35        0.39        2.66       0.112
  HS1308324            JUNCTION     12.74   335.68     0  16:28       0.674        39.5       0.036
  HS1311200            JUNCTION      0.02     2.00     0  14:04    0.000921       0.228       0.020
  HS1311204            JUNCTION      0.00     4.31     0  16:02           0       0.538       0.043
  HS1311269            JUNCTION      0.08     1.99     0  14:02     0.00457       0.227       0.142
  HS1311284            JUNCTION      1.50     1.95     0  14:00      0.0803       0.219       0.396
  HS1311288            JUNCTION      0.58     0.58     0  17:00      0.0317      0.0608       0.373
  HS1311339            JUNCTION      5.33     8.88     0  07:06       0.257           1       0.414
  HS1311349            JUNCTION      4.22     4.22     0  12:00       0.242        0.48       0.358
  HS1311380            JUNCTION      0.00     0.00     0  00:00           0           0       0.000 ltr
  HS1311392            JUNCTION      0.17     8.82     0  07:20     0.00771        1.01       0.182
  HS1311473            JUNCTION      2.66     2.66     0  20:00       0.157        0.31       0.024
  HS1311475            JUNCTION      2.50     2.50     0  17:00       0.134       0.242       0.105
  HS1311491            JUNCTION      0.19     2.60     0  17:04     0.00844       0.258       0.066
  HS1311887            JUNCTION     14.15    22.25     0  16:00       0.722        2.53       0.130
  HS1313001            JUNCTION      6.54    10.80     0  16:00       0.301        1.18       0.075
  HS1313016            JUNCTION      0.00    16.07     0  16:02           0         1.7       0.097
  HS1313021            JUNCTION      5.35     5.35     0  16:00       0.275       0.518       0.005
  HS1313025            JUNCTION      0.00    41.33     0  17:00           0        4.24       0.036
  HS1313026            JUNCTION     28.18    28.18     0  17:00        1.34        2.54       0.003
  HS1313037            JUNCTION      1.09    42.12     0  17:00      0.0574        4.34       0.039
  HS1313044            JUNCTION      0.04    94.59     0  17:00     0.00201        10.5       0.033
  HS1313045            JUNCTION      0.32    94.82     0  17:00      0.0165        10.5       0.012
  HS1313083            JUNCTION     35.72    37.60     0  17:00        1.99        4.36       0.318
  HS1313123            JUNCTION      2.59    39.29     0  17:29       0.117        4.61       0.307
  HS1313140            JUNCTION     13.55    13.55     0  17:00       0.781        1.52       0.019
  HS1313162            JUNCTION      0.66     0.66     0  16:00      0.0368      0.0785       0.313
  HS1313167            JUNCTION      0.00    29.64     0  17:01           0        2.76       0.166
  HS1313205            JUNCTION     17.34    93.35     0  17:04        0.94        10.9       0.185
  HS1313217            JUNCTION      0.00    12.26     0  17:06     0.00024         1.3       0.145
  HS1313218            JUNCTION      0.00     0.00     0  00:00           0           0       0.000 ltr
  HS1313220            JUNCTION     34.38    46.08     0  16:01        1.55        4.46       0.039
  HS1313240            JUNCTION     14.11    29.28     0  17:00       0.647        2.69       0.175
  HS1313252            JUNCTION      0.68    15.41     0  17:05      0.0337         1.4       0.104
  HS1313253            JUNCTION      0.12    14.81     0  17:03     0.00667        1.35       0.208
  HS1313263            JUNCTION      1.81    14.74     0  17:02      0.0824        1.34       0.114
  HS1313283            JUNCTION     13.46    13.83     0  17:00       0.522        1.17       0.157
  HS1313290            JUNCTION     10.74    56.80     0  10:08       0.514        6.59       0.074
  HS1313298            JUNCTION      0.00    46.82     0  10:04           0        5.49       0.225
  HS1313300            JUNCTION      0.09    33.94     0  10:01     0.00448        3.63       0.057
  HS1313343            JUNCTION     15.45    16.46     0  21:00       0.845        1.88       0.468
  HS1313346            JUNCTION      1.26     1.26     0  16:00       0.066        0.12       0.046
  HS1313391            JUNCTION      0.00   105.26     0  16:45           0        12.4       0.160
  HS1313407            JUNCTION      0.90    25.25     0  16:13      0.0457        2.83       0.020
  HS1313411            JUNCTION      2.69    24.49     0  16:12       0.142        2.74       0.039
  HS1313415            JUNCTION      5.87    21.89     0  16:09       0.288        2.45       0.086
  HS1313447            JUNCTION      3.13    18.00     0  16:21       0.172        1.89       0.105
  HS1313471            JUNCTION      8.26     8.26     0  16:00       0.425       0.846       0.033
  HS1313487            JUNCTION      4.93    14.46     0  16:01        0.18        1.55       0.131
  HS1313508            JUNCTION      3.03     3.03     0  15:00       0.154        0.32      -0.002
  HS1313534            JUNCTION      1.91     1.91     0  12:00       0.101       0.233       0.154
  HS1313569            JUNCTION      1.19     1.19     0  07:00      0.0495       0.104       0.229
  HS1313572            JUNCTION      3.52     4.31     0  18:00       0.184       0.478       0.085
  HS1313587            JUNCTION      0.00     4.31     0  18:01           0       0.477       0.052
  HS1313588            JUNCTION      0.00     0.01     0  03:11           0    0.000359      91.164
  HS1313591            JUNCTION      0.03     4.33     0  18:02     0.00123       0.479       0.013
  HS1313597            JUNCTION      0.03    10.83     0  16:06     0.00151        1.15       0.056
  HS1313613            JUNCTION      4.95     4.95     0  16:00       0.239        0.48       0.020
  HS1313618            JUNCTION      6.27     6.27     0  17:00       0.342       0.698       0.057
  HS1313640            JUNCTION      0.00     8.16     0  17:01           0       0.863       0.132
  HS1313676            JUNCTION     30.91    34.01     0  10:00        1.45        3.62       0.043
  HS1313677            JUNCTION      0.01     7.47     0  17:00    0.000447       0.709       0.088
  HS1313700            JUNCTION      3.88    10.34     0  16:00       0.186        1.24       0.042
  HS1313709            JUNCTION      0.51     7.30     0  16:00      0.0239       0.864       0.015
  HS1313728            JUNCTION      0.04     3.57     0  16:00      0.0018       0.429       0.094
  HS1313730            JUNCTION      0.02     3.58     0  16:01     0.00093       0.431       0.010
  HS1313740            JUNCTION      3.19     3.19     0  16:00       0.158       0.335       0.026
  HS1313756            JUNCTION      0.00     3.19     0  16:01           0       0.336       0.784
  HS1313763            JUNCTION      2.29    14.23     0  16:09       0.126        1.52       0.026
  HS1313794            JUNCTION      0.00    71.06     0  16:19           0        8.05       0.125
  HS1313799            JUNCTION      0.03     0.03     0  16:00     0.00139     0.00261       0.081
  HS1313803            JUNCTION      3.89    56.85     0  16:17       0.199        6.54       0.104
  HS1313835            JUNCTION     19.97    98.35     0  16:14        1.01        11.6       0.131
  HS1313839            JUNCTION      6.78     6.78     0  17:00       0.312       0.618       0.342
  HS1313865            JUNCTION      4.39    14.64     0  16:04       0.216        1.61       0.365
  HS1313873            JUNCTION      0.29    14.88     0  16:06       0.015        1.64       0.051
  HS1313881            JUNCTION      0.46    11.00     0  16:01      0.0211        1.25       0.051
  HS1313913            JUNCTION      1.29     8.99     0  16:01       0.066        1.07       0.020
  HS1313924            JUNCTION      0.81     8.00     0  16:00      0.0378       0.943       0.037
  HS1313925            JUNCTION      3.45     3.45     0  08:00       0.169       0.338       0.051
  HS1313957            JUNCTION      0.00     4.65     0  16:00           0       0.492       0.211
  HS1313959            JUNCTION      0.00    13.66     0  08:08           0         1.6       0.043
  HS1313965            JUNCTION     10.09    10.09     0  09:00       0.593        1.11       0.030
  HS1313984            JUNCTION      0.23     0.23     0  16:00      0.0097      0.0212       0.067
  HS1313998            JUNCTION      0.00     1.93     0  17:00           0       0.166       0.191
  HS1314210            JUNCTION      6.08     6.08     0  14:00       0.311       0.633       0.095
  HS1314237            JUNCTION     34.56    39.57     0  17:00        1.97        4.56       0.086
  HS1314268            JUNCTION      1.26    40.33     0  17:01      0.0711        4.68       0.051
  HS1314475            JUNCTION      2.43     2.43     0  15:00       0.113       0.239       0.012
  HS1314992            JUNCTION      0.00   334.59     0  16:32           0        39.5       0.195
  HS1316010            JUNCTION      1.93     1.93     0  17:00      0.0859       0.166       0.037
  HS1316014            JUNCTION      0.97     0.97     0  16:00      0.0487       0.101       0.030
  HS1316037            JUNCTION      0.34     1.37     0  16:01      0.0158       0.154       0.059
  HS1316045            JUNCTION      7.39    20.05     0  11:00       0.418        2.39       0.068
  HS1316177            JUNCTION      0.00   146.97     0  16:13           0        17.1       0.107
  HS1316202            JUNCTION      0.00   156.81     0  16:16           0        18.2       0.087
  HS1316207            JUNCTION      0.00   262.48     0  16:19           0        30.7       0.038
  HS1316244            JUNCTION      1.04     1.65     0  18:00      0.0594       0.184       0.012
  HS1316267            JUNCTION      6.47    61.99     0  16:03       0.306        6.81       0.264
  HS1316302            JUNCTION      0.00    30.07     0  16:00           0        3.08       0.085
  HS1316321            JUNCTION     24.40    25.75     0  16:00        1.23        2.65       0.046
  HS1316332            JUNCTION      1.15     1.36     0  16:00      0.0556       0.128       0.050
  HS1316334            JUNCTION      0.21     0.21     0  16:00      0.0117      0.0238       0.044
  HS1316341            JUNCTION      0.05     0.05     0  20:00     0.00254     0.00524      10.351
  HS1316343            JUNCTION      0.00     0.05     0  17:02    0.000231     0.00519       0.020
  HS1316344            JUNCTION      0.64    20.64     0  09:01      0.0375        2.48       0.124
  HS1316357            JUNCTION      1.78    22.58     0  09:00       0.103        2.71       0.047
  HS1316361            JUNCTION      0.29     0.29     0  09:00      0.0145      0.0313       0.030
  HS1316366            JUNCTION      0.80     0.80     0  17:00      0.0413      0.0821       0.020
  HS1316368            JUNCTION      0.00    23.29     0  09:01           0        2.79       0.025
  HS1316375            JUNCTION      3.97     3.97     0  16:00       0.169       0.332       0.010
  HS1316377            JUNCTION      0.05     4.00     0  16:00     0.00265       0.337       0.007
  HS1316381            JUNCTION      0.00     4.27     0  16:00           0       0.371       0.020
  HS1316382            JUNCTION      0.00     0.00     0  00:00           0           0       0.000 ltr
  HS1316393            JUNCTION      0.00     0.31     0  14:05           0      0.0349       1.295
  HS1316395            JUNCTION      0.53     0.53     0  14:00      0.0267      0.0476       0.021
  HS1316396            JUNCTION      0.00     0.61     0  14:00           0      0.0554       2.852
  HS1316397            JUNCTION      0.08     0.08     0  14:00     0.00417     0.00789       0.034
  HS1316405            JUNCTION      0.68     0.68     0  18:00      0.0296      0.0627       0.026
  HS1316407            JUNCTION      0.00     0.68     0  18:00           0      0.0627       0.021
  HS1316410            JUNCTION      5.46     7.07     0  17:00       0.262       0.707       0.009
  HS1316415            JUNCTION     10.16    10.16     0  15:00       0.498       0.951       0.115
  HS1316417            JUNCTION     14.09    14.09     0  14:00       0.702        1.58       0.151
  HS1316445            JUNCTION      1.57    11.51     0  15:02       0.086        1.13       0.064
  HS1316467            JUNCTION     14.93    25.43     0  16:00        0.71        2.97       0.038
  HS1316505            JUNCTION      0.00   287.97     0  16:22           0        33.4       0.096
  HS1316506            JUNCTION      0.06     0.06     0  09:00     0.00316      0.0061       0.029
  HS1316530            JUNCTION     25.94   287.95     0  16:21        1.36        33.4       0.071
  HS1316532            JUNCTION      0.26   105.81     0  16:20      0.0137        12.5       0.016
  HS1316554            JUNCTION      0.00    76.49     0  16:20           0        8.85       0.091
  HS1316555            JUNCTION      0.23     0.23     0  07:00     0.00967      0.0215       0.025
  HS1316563            JUNCTION      0.00    76.35     0  16:16           0        8.85       0.190
  HS1316566            JUNCTION      6.58    45.89     0  17:00       0.358        5.18       0.036
  HS1316585            JUNCTION      0.00    39.52     0  17:00           0        4.47       0.121
  HS1316637            JUNCTION      2.28    21.52     0  16:03       0.107        2.11       0.062
  HS1316643            JUNCTION      0.12    19.85     0  16:01     0.00523        1.89       0.056
  HS1316671            JUNCTION     16.04    16.04     0  16:00       0.714        1.49       0.079
  HS1316676            JUNCTION      0.16     9.98     0  17:01     0.00821       0.835       0.031
  HS1316677            JUNCTION      3.44     7.74     0  17:02       0.171       0.808       0.031
  HS1316688            JUNCTION      0.00     7.76     0  17:04           0       0.811       0.019
  HS1316689            JUNCTION      0.03     0.03     0  19:00     0.00173     0.00338       0.075
  HS1316694            JUNCTION      2.22   102.65     0  17:02       0.106        11.3       0.031
  HS1316707            JUNCTION      1.21    11.34     0  16:01      0.0656        1.33       0.090
  HS1316717            JUNCTION      2.90    12.73     0  16:03       0.148        1.55       0.007
  HS1316718            JUNCTION      0.38    13.03     0  16:04      0.0242         1.6       0.007
  HS1316721            JUNCTION      1.37    23.24     0  10:00      0.0654        2.92       0.129
  HS1316726            JUNCTION     18.28    18.28     0  09:00       0.909        1.87       0.138
  HS1316786            JUNCTION      7.77    29.20     0  16:13       0.343        3.64       0.052
  HS1316811            JUNCTION      7.71    10.33     0  07:01       0.385        1.18       0.181
  HS1316814            JUNCTION      5.52     5.52     0  16:00       0.303       0.587       0.028
  HS1316835            JUNCTION      3.18     8.16     0  10:00        0.17       0.942       0.045
  HS1316849            JUNCTION      2.90    10.44     0  16:00       0.121         1.2       0.047
  HS1316865            JUNCTION      0.00     5.12     0  16:03           0       0.591       0.016
  HS1316867            JUNCTION      0.00     0.00     0  16:00    0.000217    0.000434       0.057
  HS1316868            JUNCTION      1.23     5.13     0  16:02      0.0731       0.591       0.060
  HS1316892            JUNCTION      3.88     4.10     0  16:00       0.185       0.431       0.174
  HS1317102            JUNCTION      0.00     0.00     0  00:00           0           0       0.000 ltr
  HS1318293            JUNCTION      8.88   160.80     0  16:27       0.453          19       0.137
  HS1318328            JUNCTION      0.13    14.56     0  16:06     0.00728        1.56       0.031
  HS1318412            JUNCTION      0.00     1.92     0  17:01           0       0.165       0.069
  HS1324399            JUNCTION      0.00   100.47     0  17:01           0        11.1       0.023
  HS1324400            JUNCTION      0.19     0.19     0  08:00     0.00984      0.0187       0.034
  HS1324403            JUNCTION      5.58   100.37     0  17:00       0.314        11.1       0.072
  HS1330826            JUNCTION      6.99     6.99     0  16:00       0.306       0.591       0.169
  HS1330834            JUNCTION      0.31     7.19     0  16:02      0.0155       0.621       0.098
  HS1330842            JUNCTION      8.31    14.87     0  16:02       0.425        1.48       0.064
  HS1330861            JUNCTION      0.15    14.99     0  16:04     0.00857        1.49       0.016
  HS1344037            JUNCTION      0.54     0.54     0  09:00      0.0275      0.0552       0.372
  HS1344159            JUNCTION      5.88    85.64     0  16:19       0.264        10.3       0.096
  HS1344166            JUNCTION      2.62     2.62     0  11:00       0.153       0.328       0.000
  HS1344187            JUNCTION      0.00    12.05     0  16:09           0        1.29       0.007
  HS1344198            JUNCTION      0.06     0.06     0  11:00     0.00327      0.0065       0.054
  HS1344261            JUNCTION      4.34     4.34     0  16:00       0.216       0.428       0.016
  HS1344263            JUNCTION      7.60    20.28     0  17:00       0.422        2.36       0.069
  HS1344319            JUNCTION      0.22     0.22     0  16:00      0.0107      0.0216       0.727
  HS1344902            JUNCTION      9.92     9.92     0  17:00       0.424       0.819       0.040
  HS1344915            JUNCTION      1.58    10.55     0  16:00      0.0646         1.2       0.045
  HS1344920            JUNCTION      7.47     7.47     0  17:00        0.38       0.708       0.020
  HS1344978            JUNCTION      0.02    10.57     0  16:03    0.000935        1.25       0.021
  HS2003070            JUNCTION      1.95    33.10     0  17:09      0.0915        4.03       0.109
  HS2003072            JUNCTION      3.01    33.42     0  16:10       0.135        3.64       0.547
  HS2003083            JUNCTION      0.00    17.43     0  17:07           0        1.86       0.126
  HS2003085            JUNCTION      0.00    30.87     0  17:06           0        3.83       0.381
  HS2003086            JUNCTION      2.14    16.50     0  17:04       0.104        1.77       0.184
  HS2003087            JUNCTION      0.20     0.96     0  17:00      0.0173      0.0952       0.014
  HS2003088            JUNCTION      0.76     0.76     0  17:00      0.0296      0.0607       0.017
  HS2003091            JUNCTION      0.33     0.33     0  15:00      0.0174      0.0369       0.536
  HS2003093            JUNCTION      1.39    30.61     0  17:05      0.0718         3.8       0.075
  HS2003095            JUNCTION      0.78    29.48     0  17:04      0.0363        3.64       0.064
  HS2003109            JUNCTION      0.00     1.73     0  16:12           0         0.2       0.354
  HS2003111            JUNCTION      0.00    41.77     0  17:02           0        4.95       0.185
  HS2003113            JUNCTION      0.00    14.44     0  17:03           0        1.59       0.180
  HS2003125            JUNCTION      2.69     2.69     0  13:00       0.143       0.277       0.158
  HS2003142            JUNCTION      1.75     1.77     0  16:00      0.0964       0.201       0.903
  HS2003144            JUNCTION      0.02     0.02     0  16:00     0.00144     0.00287       3.727
  MH0100330            JUNCTION      1.25    33.69     0  16:11      0.0647        3.89       0.036
  MH0100334            JUNCTION      0.00    33.13     0  16:03           0        3.78       0.228
  MH0101923            JUNCTION      0.00    33.00     0  16:09     0.00021        3.77       0.063
  MH0103033            JUNCTION      0.57     0.57     0  17:00      0.0303      0.0572       0.442
  MH0200659            JUNCTION      0.00     6.04     0  14:30           0       0.666       0.410
  MH0200661            JUNCTION      3.51     5.63     0  14:00       0.162       0.598       0.534
  MH0201597            JUNCTION      0.00    38.72     0  17:00           0        3.86       0.838
  MH0201629            JUNCTION     12.51    12.51     0  16:00       0.576        1.18       0.000
  MH0201710            JUNCTION     23.75    29.14     0  17:00        1.11        2.69       0.192
  MH0216418            JUNCTION      0.67     0.67     0  15:00      0.0356      0.0713       0.060
  MH0241587            JUNCTION      1.76    11.71     0  17:01      0.0962        1.23       0.724
  MH0241590            JUNCTION      0.13    14.97     0  16:08     0.00694        1.65       0.009
  MH0241603            JUNCTION      0.09     1.95     0  17:04     0.00432       0.241       0.028
  MH0241642            JUNCTION      0.01    11.00     0  16:02    0.000242        1.25       0.006
  MH0242298            JUNCTION     22.63    22.63     0  17:00        1.07        1.98       0.015
  MH0242303            JUNCTION     10.19    28.81     0  17:01       0.532        2.97       0.028
  MH0242782            JUNCTION     10.84    14.20     0  08:00       0.487        1.49       0.061
  MH0258475            JUNCTION      5.09     5.09     0  17:00       0.239        0.46       0.157
  VP0232532            JUNCTION      0.00     2.60     0  17:06           0       0.259       3.427
  YS2003067            JUNCTION      0.58    31.19     0  17:08      0.0289        3.87       0.554
  MH0100819            OUTFALL       0.00   528.39     0  16:57           0          57       0.000
  1                    OUTFALL       0.00   297.25     0  16:53           0        37.5       0.000
  HS1314512            STORAGE      14.54    52.86     0  16:23       0.767        4.97       3.609
  HS1314477            STORAGE       0.00   335.70     0  16:36           0        40.6       0.570
  HS2003013            STORAGE       0.00   528.25     0  16:48           0        57.2       0.127
  HS1314769            STORAGE       6.44    85.19     0  17:02       0.338        7.37       0.652
  HS1314505            STORAGE       0.00    78.70     0  17:00           0        7.22       2.228
  HS2003015            STORAGE       0.16    99.79     0  16:53     0.00824          11       0.063
  HS2003020            STORAGE       0.05    33.55     0  16:27     0.00284        3.63       0.117
  HS2003023            STORAGE       0.07    66.60     0  17:10     0.00313        7.34       0.182
  HS2003028            STORAGE       0.15    33.50     0  16:25     0.00636        3.63       0.150
  HS2003029            STORAGE       0.06    33.39     0  16:21     0.00326        3.62       0.183
  HS2003046            STORAGE       0.00    66.56     0  17:07           0        7.35       0.212
  HS1306904            STORAGE      28.01   346.05     0  16:28        1.41        39.4       0.174
  HS1306618            STORAGE       0.00   193.45     0  16:34           0          22       0.024
  HS1313402            STORAGE      17.72   181.57     0  16:16       0.804        20.8       0.130
  MH0101924            STORAGE       7.73    59.57     0  16:13       0.412        6.82       0.101
  MH0100292            STORAGE       2.82    52.08     0  16:12       0.143        6.05       0.113
  HS2003014            STORAGE       0.65   528.57     0  16:52      0.0321        57.1      -0.002
  
  
  **********************
  Node Surcharge Summary
  **********************
  
  No nodes were surcharged.
  
  
  *********************
  Node Flooding Summary
  *********************
  
  No nodes were flooded.
  
  
  **********************
  Storage Volume Summary
  **********************
  
  ------------------------------------------------------------------------------------------------
                         Average    Avg   Evap  Exfil     Maximum    Max    Time of Max    Maximum
                          Volume   Pcnt   Pcnt   Pcnt      Volume   Pcnt     Occurrence    Outflow
  Storage Unit           1000 m³   Full   Loss   Loss     1000 m³   Full    days hr:min        LPS
  ------------------------------------------------------------------------------------------------
  HS1314512                0.001   14.9    0.0    0.0       0.001   17.2       0  16:53      51.18
  HS1314477                0.001   17.4    0.0    0.0       0.001   19.8       0  16:53     334.80
  HS2003013                0.000    6.2    0.0    0.0       0.001    8.3       0  16:52     528.14
  HS1314769                0.001    8.2    0.0    0.0       0.001   10.4       0  16:53      85.62
  HS1314505                0.001   12.0    0.0    0.0       0.001   14.2       0  16:53      79.02
  HS2003015                0.000    1.5    0.0    0.0       0.000    2.0       0  16:54      99.79
  HS2003020                0.000    2.1    0.0    0.0       0.000    2.8       0  16:24      33.57
  HS2003023                0.000    4.3    0.0    0.0       0.000    5.1       0  17:14      66.58
  HS2003028                0.000    3.8    0.0    0.0       0.000    4.7       0  16:26      33.50
  HS2003029                0.000    1.8    0.0    0.0       0.000    2.3       0  16:25      33.38
  HS2003046                0.000    4.2    0.0    0.0       0.000    5.6       0  17:10      66.54
  HS1306904                0.000    3.9    0.0    0.0       0.000    4.9       0  16:32     345.93
  HS1306618                0.000    1.3    0.0    0.0       0.000    1.6       0  16:35     193.44
  HS1313402                0.000    1.8    0.0    0.0       0.000    2.4       0  16:19     181.52
  MH0101924                0.000    2.0    0.0    0.0       0.000    2.5       0  16:15      59.54
  MH0100292                0.000    4.3    0.0    0.0       0.000    5.2       0  16:14      52.07
  HS2003014                0.149    5.4    0.0    0.0       0.203    7.3       0  16:57     528.39
  
  
  ***********************
  Outfall Loading Summary
  ***********************
  
  -----------------------------------------------------------------------------------------------------------------------------------------------------------------------------------------
                         Flow       Avg       Max       Total         Total         Total         Total         Total         Total         Total         Total         Total         Total
                         Freq      Flow      Flow      Volume          BODf          BODs           NH4           NO3            DO          TSSs          TSSn         TR_in         TR_ww
  Outfall Node           Pcnt       LPS       LPS    10^6 ltr            kg            kg            kg            kg            kg            kg            kg            kg            kg
  -----------------------------------------------------------------------------------------------------------------------------------------------------------------------------------------
  MH0100819            100.00    344.24    528.39      56.959       163.613       487.620         0.000        17.177        39.228       960.762         0.000         0.000         0.000
  1                    100.00    225.16    297.25      37.522      3780.333       950.763       546.813        11.263        29.841      3127.881         0.000         0.000         0.000
  -----------------------------------------------------------------------------------------------------------------------------------------------------------------------------------------
  System               100.00    569.40    825.62      94.482      3943.947      1438.382       546.813        28.440        69.069      4088.643         0.000         0.000         0.000
  
  
  ********************
  Link Flow Summary
  ********************
  
  -----------------------------------------------------------------------------
                                 Maximum  Time of Max   Maximum    Max/    Max/
                                  |Flow|   Occurrence   |Veloc|    Full    Full
  Link                 Type          LPS  days hr:min     m/sec    Flow   Depth
  -----------------------------------------------------------------------------
  HS1306447.1          CONDUIT      3.21     0  18:00      0.35    0.01    0.09
  HS1306449.1          CONDUIT      3.20     0  18:02      0.37    0.02    0.09
  HS1306461.1          CONDUIT      3.20     0  18:03      0.43    0.00    0.08
  HS1306471.1          CONDUIT      3.21     0  18:00      0.60    0.01    0.06
  HS1306554.1          CONDUIT     38.80     0  17:03      0.29    0.08    0.23
  HS1306554.2          CONDUIT     56.53     0  16:31      0.56    0.10    0.19
  HS1306571.1          CONDUIT    180.69     0  17:00      0.59    0.01    0.05
  HS1306601.1          CONDUIT     34.14     0  16:32      0.49    0.02    0.10
  HS1306601.2          CONDUIT    193.45     0  16:33      0.52    0.02    0.05
  HS1306611.1          CONDUIT    193.45     0  16:34      0.77    0.01    0.04
  HS1306618.1          CONDUIT    193.44     0  16:35      0.65    0.00    0.04
  HS1306904.1          CONDUIT      0.00     0  00:00      0.00    0.00    0.05
  HS1306904.2          CONDUIT    345.93     0  16:32      0.57    0.02    0.09
  HS1308259.1          CONDUIT     19.38     0  09:04      0.93    0.01    0.06
  HS1308282.1          CONDUIT    334.59     0  16:32      0.36    0.04    0.20
  HS1308301.1          CONDUIT     17.81     0  16:32      0.32    0.01    0.06
  HS1308302.1          CONDUIT     24.47     0  16:41      0.30    0.01    0.09
  HS1308324.1          CONDUIT    334.98     0  16:30      0.49    0.02    0.15
  HS1311200.1          CONDUIT      2.00     0  14:04      0.36    0.00    0.02
  HS1311204.1          CONDUIT      4.31     0  16:04      0.26    0.00    0.04
  HS1311269.1          CONDUIT      1.99     0  14:04      0.55    0.00    0.04
  HS1311284.1          CONDUIT      1.94     0  14:01      0.21    0.00    0.05
  HS1311288.1          CONDUIT      0.58     0  17:01      0.10    0.00    0.07
  HS1311339.1          CONDUIT      8.75     0  07:20      0.57    0.03    0.10
  HS1311349.2          CONDUIT      4.14     0  12:06      0.25    0.01    0.08
  HS1311380.1          CONDUIT      0.00     0  00:00      0.00    0.00    0.01
  HS1311392.1          CONDUIT      8.81     0  07:24      0.65    0.00    0.03
  HS1311473.1          CONDUIT      2.65     0  20:00      0.57    0.00    0.05
  HS1311475.1          CONDUIT      2.49     0  17:03      0.55    0.01    0.04
  HS1311491.1          CONDUIT      2.60     0  17:06      0.27    0.00    0.04
  HS1311887.1          CONDUIT     22.14     0  16:04      0.30    0.01    0.05
  HS1313001.1          CONDUIT     10.73     0  16:02      0.30    0.01    0.07
  HS1313016.1          CONDUIT     16.00     0  16:06      0.31    0.01    0.09
  HS1313021.1          CONDUIT      5.35     0  16:00      1.81    0.01    0.09
  HS1313025.1          CONDUIT     41.32     0  17:00      0.56    0.02    0.12
  HS1313026.1          CONDUIT     28.18     0  17:00      0.94    0.06    0.21
  HS1313037.1          CONDUIT     42.10     0  17:01      0.43    0.02    0.12
  HS1313044.1          CONDUIT     13.54     0  17:00      0.19    0.04    0.23
  HS1313044.2          CONDUIT     94.54     0  17:00      1.00    0.05    0.11
  HS1313045.1          CONDUIT     94.81     0  17:00      0.26    0.02    0.15
  HS1313083.1          CONDUIT     37.51     0  17:02      0.26    0.22    0.34
  HS1313083.2          CONDUIT      2.93     0  11:01      0.04    0.01    0.29
  HS1313123.1          CONDUIT     39.43     0  17:36      0.35    0.13    0.28
  HS1313140.1          CONDUIT      0.00     0  00:00      0.00    0.00    0.01
  HS1313162.1          CONDUIT      0.66     0  17:19      0.11    0.00    0.05
  HS1313167.1          CONDUIT     29.52     0  17:04      0.48    0.02    0.07
  HS1313205.1          CONDUIT     12.26     0  17:06      0.29    0.00    0.08
  HS1313205.2          CONDUIT     80.97     0  17:06      0.38    0.01    0.05
  HS1313217.1          CONDUIT     12.44     0  17:00      0.25    0.01    0.14
  HS1313218.1          CONDUIT      0.00     0  00:00      0.00    0.00    0.00
  HS1313220.1          CONDUIT     46.08     0  16:02      0.54    0.03    0.11
  HS1313240.1          CONDUIT     29.09     0  17:01      0.49    0.03    0.07
  HS1313252.1          CONDUIT     15.39     0  17:06      0.43    0.02    0.09
  HS1313253.1          CONDUIT     14.75     0  17:05      0.11    0.02    0.15
  HS1313263.1          CONDUIT     14.71     0  17:03      0.33    0.01    0.11
  HS1313283.1          CONDUIT     13.76     0  17:02      0.60    0.02    0.09
  HS1313290.1          CONDUIT     56.77     0  10:09      0.41    0.02    0.06
  HS1313298.1          CONDUIT     46.50     0  10:08      0.36    0.01    0.06
  HS1313300.1          CONDUIT     33.88     0  10:02      1.12    0.15    0.16
  HS1313343.1          CONDUIT     16.29     0  21:01      0.19    0.01    0.04
  HS1313346.1          CONDUIT      1.26     0  16:01      0.18    0.00    0.03
  HS1313391.1          CONDUIT    105.21     0  16:48      0.49    0.02    0.05
  HS1313402.1          CONDUIT     53.12     0  16:19      0.36    0.01    0.04
  HS1313402.2          CONDUIT    128.40     0  16:19      0.38    0.01    0.05
  HS1313407.1          CONDUIT     25.25     0  16:14      1.24    0.01    0.08
  HS1313411.1          CONDUIT     24.49     0  16:13      0.97    0.06    0.14
  HS1313415.1          CONDUIT     10.93     0  16:12      0.34    0.06    0.17
  HS1313415.2          CONDUIT     10.93     0  16:12      0.34    0.06    0.17
  HS1313447.1          CONDUIT     17.32     0  16:12      0.30    0.33    0.26
  HS1313471.1          CONDUIT      8.24     0  16:00      0.32    0.02    0.15
  HS1313487.1          CONDUIT     14.43     0  16:06      0.55    0.06    0.15
  HS1313508.1          CONDUIT      3.03     0  15:00      0.16    0.01    0.12
  HS1313534.1          CONDUIT      1.89     0  12:01      0.24    0.01    0.05
  HS1313569.1          CONDUIT      1.19     0  07:00      0.13    0.01    0.11
  HS1313572.1          CONDUIT      4.31     0  18:01      0.37    0.02    0.09
  HS1313587.1          CONDUIT      4.31     0  18:02      0.68    0.01    0.06
  HS1313588.1          CONDUIT      0.01     0  21:00      0.00    0.00    0.09
  HS1313591.1          CONDUIT      3.00     0  18:02      0.31    0.00    0.08
  HS1313591.2          CONDUIT      1.33     0  18:02      0.37    0.00    0.03
  HS1313597.1          CONDUIT     10.83     0  16:08      0.64    0.03    0.11
  HS1313613.1          CONDUIT      4.94     0  16:02      0.39    0.02    0.12
  HS1313618.1          CONDUIT      6.25     0  17:00      0.49    0.04    0.16
  HS1313640.1          CONDUIT      8.13     0  17:03      0.72    0.06    0.15
  HS1313676.1          CONDUIT     33.88     0  10:01      0.75    0.10    0.22
  HS1313677.1          CONDUIT      7.48     0  17:00      0.07    0.02    0.21
  HS1313700.1          CONDUIT      6.79     0  16:00      0.69    0.03    0.13
  HS1313700.2          CONDUIT      3.54     0  16:00      0.45    0.03    0.11
  HS1313709.1          CONDUIT      7.30     0  16:00      0.44    0.03    0.14
  HS1313728.1          CONDUIT      3.57     0  16:01      0.57    0.02    0.07
  HS1313730.1          CONDUIT      3.58     0  16:02      0.10    0.01    0.33
  HS1313740.1          CONDUIT      3.19     0  16:01      0.10    0.00    0.18
  HS1313756.1          CONDUIT      3.17     0  16:06      0.08    0.01    0.21
  HS1313763.1          CONDUIT     14.23     0  16:10      0.79    0.03    0.12
  HS1313794.1          CONDUIT     71.04     0  16:22      0.43    0.01    0.04
  HS1313799.1          CONDUIT      0.03     0  16:01      0.00    0.00    0.07
  HS1313803.1          CONDUIT     56.85     0  16:19      0.38    0.01    0.04
  HS1313835.1          CONDUIT     17.87     0  16:23      0.35    0.01    0.05
  HS1313835.2          CONDUIT     80.52     0  16:16      0.42    0.01    0.05
  HS1313839.1          CONDUIT      6.79     0  17:01      0.09    0.04    0.31
  HS1313865.1          CONDUIT     14.63     0  16:06      0.52    0.01    0.08
  HS1313873.1          CONDUIT     14.88     0  16:07      0.58    0.03    0.08
  HS1313881.1          CONDUIT     11.00     0  16:02      1.17    0.04    0.09
  HS1313913.1          CONDUIT      8.99     0  16:01      0.50    0.05    0.20
  HS1313924.1          CONDUIT      8.00     0  16:01      0.45    0.03    0.11
  HS1313925.1          CONDUIT      3.42     0  08:01      0.28    0.01    0.09
  HS1313957.1          CONDUIT      4.62     0  16:03      0.29    0.03    0.11
  HS1313959.1          CONDUIT     13.67     0  08:09      0.70    0.04    0.16
  HS1313965.1          CONDUIT     10.07     0  09:01      0.74    0.03    0.12
  HS1313984.1          CONDUIT      0.23     0  16:00      0.13    0.00    0.03
  HS1313998.1          CONDUIT      1.92     0  17:01      0.22    0.02    0.09
  HS1314210.1          CONDUIT      6.05     0  14:04      0.23    0.01    0.11
  HS1314237.1          CONDUIT     39.47     0  17:01      0.89    0.03    0.11
  HS1314268.1          CONDUIT     40.30     0  17:02      0.86    0.01    0.09
  HS1314475.1          CONDUIT      2.40     0  15:00      0.02    0.00    0.54
  HS1314505.1          CONDUIT     51.18     0  16:36      0.04    0.00    0.19
  HS1314769.1          CONDUIT     79.02     0  17:02      0.08    0.01    0.15
  HS1314992.1          CONDUIT    333.92     0  16:36      0.26    0.04    0.27
  HS1316010.1          CONDUIT      1.93     0  17:00      0.14    0.01    0.12
  HS1316014.1          CONDUIT      0.97     0  16:01      0.35    0.00    0.04
  HS1316037.1          CONDUIT      1.37     0  16:03      0.17    0.00    0.09
  HS1316045.1          CONDUIT     20.04     0  11:00      0.44    0.01    0.08
  HS1316177.1          CONDUIT    146.89     0  16:16      0.49    0.03    0.07
  HS1316202.1          CONDUIT    156.68     0  16:19      0.43    0.03    0.09
  HS1316207.1          CONDUIT    262.44     0  16:20      0.66    0.05    0.11
  HS1316244.1          CONDUIT      1.65     0  18:00      0.45    0.00    0.04
  HS1316267.1          CONDUIT     61.71     0  16:09      0.79    0.01    0.07
  HS1316302.1          CONDUIT     30.04     0  16:01      0.81    0.05    0.19
  HS1316321.1          CONDUIT     25.74     0  16:00      1.04    0.04    0.14
  HS1316332.1          CONDUIT      0.68     0  16:00      0.08    0.00    0.08
  HS1316332.2          CONDUIT      0.68     0  16:00      0.08    0.00    0.08
  HS1316334.1          CONDUIT      0.21     0  16:01      0.17    0.00    0.02
  HS1316341.1          CONDUIT      0.05     0  20:03      0.09    0.00    0.02
  HS1316343.1          CONDUIT      0.05     0  17:02      0.01    0.00    0.11
  HS1316344.1          CONDUIT     20.62     0  09:03      0.37    0.01    0.08
  HS1316357.1          CONDUIT     22.57     0  09:01      0.60    0.02    0.07
  HS1316361.1          CONDUIT      0.29     0  09:00      0.03    0.00    0.15
  HS1316366.1          CONDUIT      0.80     0  17:00      0.11    0.00    0.05
  HS1316368.1          CONDUIT     23.28     0  09:01      0.54    0.01    0.08
  HS1316375.1          CONDUIT      3.96     0  16:00      0.93    0.01    0.07
  HS1316377.1          CONDUIT      4.00     0  16:00      0.97    0.01    0.05
  HS1316381.1          CONDUIT      4.27     0  16:01      0.18    0.00    0.14
  HS1316382.1          CONDUIT      0.00     0  00:00      0.00    0.00    0.03
  HS1316393.1          CONDUIT      0.31     0  14:11      0.11    0.00    0.04
  HS1316395.1          CONDUIT      0.53     0  14:00      0.06    0.00    0.09
  HS1316396.1          CONDUIT      0.31     0  14:05      0.01    0.00    0.12
  HS1316397.1          CONDUIT      0.08     0  14:00      0.01    0.00    0.07
  HS1316405.1          CONDUIT      0.68     0  18:00      0.60    0.00    0.03
  HS1316407.1          CONDUIT      0.68     0  18:00      0.50    0.00    0.04
  HS1316410.1          CONDUIT      0.28     0  14:11      0.03    0.00    0.05
  HS1316410.2          CONDUIT      7.06     0  17:00      0.10    0.00    0.15
  HS1316415.1          CONDUIT     10.09     0  15:02      0.63    0.06    0.14
  HS1316417.1          CONDUIT     14.00     0  14:02      0.50    0.01    0.06
  HS1316445.1          CONDUIT     11.50     0  15:04      0.97    0.01    0.13
  HS1316467.1          CONDUIT     25.38     0  16:02      0.33    0.02    0.21
  HS1316467.2          CONDUIT      0.77     0  16:03      0.12    0.00    0.04
  HS1316505.1          CONDUIT    287.39     0  16:24      0.58    0.06    0.13
  HS1316506.1          CONDUIT      0.06     0  09:00      0.00    0.00    0.00
  HS1316530.1          CONDUIT    287.92     0  16:22      0.63    0.05    0.12
  HS1316532.1          CONDUIT    105.81     0  16:21      1.18    0.00    0.04
  HS1316554.1          CONDUIT     76.48     0  16:23      1.27    0.02    0.06
  HS1316555.1          CONDUIT      0.23     0  07:00      0.01    0.00    0.23
  HS1316563.1          CONDUIT     76.34     0  16:21      0.55    0.02    0.10
  HS1316566.1          CONDUIT     45.88     0  17:00      0.35    0.01    0.10
  HS1316585.1          CONDUIT     39.52     0  17:00      0.80    0.00    0.05
  HS1316637.1          CONDUIT     21.49     0  16:05      0.73    0.01    0.08
  HS1316643.1          CONDUIT     19.83     0  16:03      1.06    0.01    0.08
  HS1316671.1          CONDUIT     15.97     0  16:01      0.78    0.02    0.08
  HS1316676.1          CONDUIT      4.68     0  17:02      0.40    0.00    0.06
  HS1316677.1          CONDUIT      5.29     0  17:02      0.45    0.01    0.09
  HS1316677.2          CONDUIT      7.74     0  17:04      0.69    0.02    0.08
  HS1316688.1          CONDUIT      7.76     0  17:05      0.61    0.01    0.09
  HS1316689.1          CONDUIT      0.03     0  19:01      0.03    0.00    0.06
  HS1316694.1          CONDUIT    102.64     0  17:03      1.15    0.07    0.11
  HS1316707.1          CONDUIT     10.55     0  16:03      0.82    0.01    0.06
  HS1316717.1          CONDUIT     12.73     0  16:04      0.69    0.01    0.08
  HS1316718.1          CONDUIT     13.03     0  16:04      0.56    0.02    0.15
  HS1316721.1          CONDUIT     23.23     0  10:04      0.72    0.07    0.17
  HS1316726.1          CONDUIT     18.11     0  09:02      0.56    0.02    0.08
  HS1316786.1          CONDUIT     29.20     0  16:15      1.54    0.02    0.08
  HS1316811.1          CONDUIT     10.29     0  07:06      0.43    0.02    0.14
  HS1316814.1          CONDUIT      5.51     0  16:00      0.52    0.04    0.14
  HS1316835.1          CONDUIT      8.16     0  10:01      0.55    0.02    0.10
  HS1316849.1          CONDUIT     10.42     0  16:01      0.65    0.01    0.07
  HS1316865.1          CONDUIT      5.12     0  16:04      0.35    0.00    0.07
  HS1316867.1          CONDUIT      0.00     0  16:03      0.00    0.00    0.02
  HS1316868.1          CONDUIT      5.12     0  16:03      0.76    0.00    0.04
  HS1316892.1          CONDUIT      4.07     0  16:04      0.30    0.01    0.06
  HS1317102.1          CONDUIT      0.00     0  00:00      0.00    0.00    0.07
  HS1318293.1          CONDUIT     52.77     0  16:42      0.41    0.02    0.05
  HS1318293.2          CONDUIT    108.06     0  16:29      0.43    0.01    0.05
  HS1318328.1          CONDUIT     15.27     0  16:21      0.32    0.01    0.15
  HS1318412.1          CONDUIT      1.91     0  17:02      0.15    0.02    0.12
  HS1324399.1          CONDUIT    100.46     0  17:02      0.92    0.02    0.12
  HS1324400.1          CONDUIT      0.19     0  08:00      0.01    0.00    0.11
  HS1324403.1          CONDUIT    100.35     0  17:01      0.90    0.05    0.12
  HS1330826.1          CONDUIT      6.94     0  16:01      0.33    0.04    0.13
  HS1330834.1          CONDUIT      7.17     0  16:04      0.31    0.01    0.07
  HS1330842.1          CONDUIT     14.86     0  16:04      1.12    0.02    0.06
  HS1330861.1          CONDUIT     14.99     0  16:04      0.15    0.00    0.08
  HS1344037.1          CONDUIT      0.57     0  09:06      0.02    0.00    0.06
  HS1344159.1          CONDUIT     85.63     0  16:21      0.37    0.02    0.06
  HS1344187.1          CONDUIT     12.05     0  16:09      0.64    0.01    0.08
  HS1344198.1          CONDUIT      0.06     0  11:01      0.00    0.00    0.07
  HS1344261.1          CONDUIT      4.34     0  16:00      0.32    0.02    0.13
  HS1344263.1          CONDUIT     20.23     0  17:05      0.50    0.00    0.05
  HS1344319.1          CONDUIT      0.21     0  16:01      0.03    0.00    0.10
  HS1344902.1          CONDUIT      9.87     0  17:01      0.74    0.05    0.12
  HS1344915.1          CONDUIT     10.55     0  16:01      0.38    0.06    0.15
  HS1344920.1          CONDUIT      7.46     0  17:00      0.38    0.01    0.13
  HS1344978.1          CONDUIT     10.57     0  16:03      0.84    0.01    0.09
  HS2003013.1          CONDUIT     85.62     0  17:47      0.10    0.01    0.13
  HS2003015.1          CONDUIT     99.79     0  16:54      0.27    0.01    0.11
  HS2003020.1          CONDUIT     33.57     0  16:29      0.37    0.02    0.05
  HS2003023.1          CONDUIT     66.58     0  17:12      0.43    0.02    0.05
  HS2003028.1          CONDUIT     33.50     0  16:27      0.25    0.04    0.10
  HS2003029.1          CONDUIT     33.38     0  16:25      0.30    0.01    0.07
  HS2003046.1          CONDUIT     66.54     0  17:10      0.49    0.12    0.19
  HS2003070.1          CONDUIT     33.08     0  17:11      0.32    0.06    0.16
  HS2003072.1          CONDUIT     33.34     0  16:21      0.27    0.07    0.09
  HS2003083.1          CONDUIT     17.42     0  17:09      0.15    0.01    0.09
  HS2003085.1          CONDUIT     30.81     0  17:08      0.11    0.05    0.39
  HS2003086.1          CONDUIT     16.48     0  17:07      0.27    0.01    0.05
  HS2003087.1          CONDUIT      0.96     0  17:00      0.04    0.00    0.03
  HS2003088.1          CONDUIT      0.76     0  17:00      0.65    0.00    0.01
  HS2003091.1          CONDUIT      0.33     0  15:00      0.01    0.00    0.24
  HS2003093.1          CONDUIT     30.59     0  17:06      0.22    0.05    0.20
  HS2003095.1          CONDUIT     29.45     0  17:05      0.27    0.02    0.09
  HS2003109.1          CONDUIT      1.73     0  16:17      0.06    0.00    0.03
  HS2003111.1          CONDUIT     12.84     0  17:04      0.39    0.01    0.07
  HS2003111.2          CONDUIT     28.88     0  17:04      0.31    0.12    0.14
  HS2003113.1          CONDUIT     14.41     0  17:06      0.23    0.02    0.06
  HS2003125.1          CONDUIT      2.68     0  13:06      0.05    0.00    0.09
  HS2003142.1          CONDUIT      1.73     0  16:12      0.10    0.00    0.02
  HS2003144.1          CONDUIT      0.02     0  16:02      0.03    0.00    0.01
  MH0100292.1          CONDUIT     52.07     0  16:14      0.46    0.03    0.07
  MH0100330.1          CONDUIT     33.67     0  16:12      0.27    0.02    0.08
  MH0100334.1          CONDUIT     33.00     0  16:09      0.35    0.02    0.06
  MH0101923.1          CONDUIT     32.98     0  16:11      0.36    0.02    0.07
  MH0101924.1          CONDUIT     59.54     0  16:15      0.61    0.01    0.05
  MH0103033.1          CONDUIT      0.56     0  17:02      0.02    0.00    0.07
  MH0200659.1          CONDUIT      6.02     0  14:42      0.12    0.00    0.04
  MH0200661.1          CONDUIT      5.54     0  14:19      0.21    0.00    0.02
  MH0201597.1          CONDUIT     12.42     0  16:01      0.09    0.00    0.08
  MH0201710.1          CONDUIT     29.20     0  17:10      0.17    0.01    0.10
  MH0216418.1          CONDUIT      0.67     0  15:01      0.16    0.00    0.02
  MH0241587.1          CONDUIT     11.72     0  17:01      0.06    0.01    0.33
  MH0241590.1          CONDUIT     14.97     0  16:08      0.45    0.01    0.09
  MH0241603.1          CONDUIT      1.95     0  17:05      0.03    0.00    0.09
  MH0241642.1          CONDUIT     11.00     0  16:02      0.34    0.01    0.08
  MH0242298.1          CONDUIT     22.60     0  17:00      0.74    0.07    0.16
  MH0242303.1          CONDUIT     28.77     0  17:02      0.23    0.02    0.33
  MH0242782.1          CONDUIT     14.08     0  08:03      0.68    0.01    0.09
  MH0258475.1          CONDUIT      5.05     0  17:01      0.40    0.03    0.11
  VP0232532.1          CONDUIT      2.53     0  17:43      0.05    0.01    0.03
  YS2003067.1          CONDUIT     31.17     0  17:10      0.24    0.03    0.19
  HS2003014.2          CONDUIT    528.14     0  16:52      2.30    0.10    0.14
  HS2003014.1          CONDUIT    528.39     0  16:57      2.68    0.13    0.20
  1                    CONDUIT     38.84     0  16:25      0.02    0.01    0.23
  2                    CONDUIT    297.25     0  16:53      0.91    0.95    0.43
  
  
  ***************************
  Flow Classification Summary
  ***************************
  
  -------------------------------------------------------------------------------------
                      Adjusted    ---------- Fraction of Time in Flow Class ---------- 
                       /Actual         Up    Down  Sub   Sup   Up    Down  Norm  Inlet 
  Conduit               Length    Dry  Dry   Dry   Crit  Crit  Crit  Crit  Ltd   Ctrl  
  -------------------------------------------------------------------------------------
  HS1306447.1             1.00   0.00  0.00  0.00  1.00  0.00  0.00  0.00  1.00  0.00
  HS1306449.1             1.00   0.00  0.00  0.00  1.00  0.00  0.00  0.00  0.00  0.00
  HS1306461.1             1.37   0.00  0.00  0.00  0.98  0.02  0.00  0.00  1.00  0.00
  HS1306471.1             1.00   0.00  0.00  0.00  0.00  1.00  0.00  0.00  0.00  0.00
  HS1306554.1             1.00   0.00  0.00  0.00  1.00  0.00  0.00  0.00  0.71  0.00
  HS1306554.2             1.00   0.00  0.00  0.00  1.00  0.00  0.00  0.00  0.00  0.00
  HS1306571.1             1.00   0.00  0.00  0.00  1.00  0.00  0.00  0.00  1.00  0.00
  HS1306601.1             1.00   0.00  0.00  0.00  1.00  0.00  0.00  0.00  0.84  0.00
  HS1306601.2             1.00   0.00  0.00  0.00  1.00  0.00  0.00  0.00  0.40  0.00
  HS1306611.1             1.00   0.00  0.00  0.00  1.00  0.00  0.00  0.00  0.00  0.00
  HS1306618.1             2.59   0.00  0.00  0.00  1.00  0.00  0.00  0.00  1.00  0.00
  HS1306904.1             1.00   0.00  1.00  0.00  0.00  0.00  0.00  0.00  0.00  0.00
  HS1306904.2             1.00   0.00  0.00  0.00  1.00  0.00  0.00  0.00  1.00  0.00
  HS1308259.1             1.00   0.00  0.00  0.00  0.00  0.00  0.00  1.00  0.00  0.00
  HS1308282.1             1.00   0.00  0.00  0.00  1.00  0.00  0.00  0.00  0.00  0.00
  HS1308301.1             1.00   0.00  0.00  0.00  1.00  0.00  0.00  0.00  0.90  0.00
  HS1308302.1             1.00   0.00  0.00  0.00  1.00  0.00  0.00  0.00  1.00  0.00
  HS1308324.1             1.03   0.00  0.00  0.00  1.00  0.00  0.00  0.00  0.00  0.00
  HS1311200.1             1.40   0.00  0.00  0.00  1.00  0.00  0.00  0.00  1.00  0.00
  HS1311204.1             1.65   0.00  0.00  0.00  1.00  0.00  0.00  0.00  1.00  0.00
  HS1311269.1             1.00   0.00  0.00  0.00  0.00  1.00  0.00  0.00  0.00  0.00
  HS1311284.1             1.00   0.00  0.00  0.00  1.00  0.00  0.00  0.00  0.00  0.00
  HS1311288.1             1.00   0.00  0.00  0.00  1.00  0.00  0.00  0.00  1.00  0.00
  HS1311339.1             1.00   0.00  0.00  0.00  1.00  0.00  0.00  0.00  0.00  0.00
  HS1311349.2             1.00   0.00  0.00  0.00  1.00  0.00  0.00  0.00  1.00  0.00
  HS1311380.1             1.00   0.00  1.00  0.00  0.00  0.00  0.00  0.00  0.00  0.00
  HS1311392.1             1.00   0.00  0.00  0.00  0.00  1.00  0.00  0.00  0.00  0.00
  HS1311473.1             1.00   0.00  0.00  0.00  0.02  0.98  0.00  0.00  0.42  0.00
  HS1311475.1             1.00   0.00  0.00  0.00  0.00  1.00  0.00  0.00  0.00  0.00
  HS1311491.1             1.00   0.00  0.00  0.00  1.00  0.00  0.00  0.00  1.00  0.00
  HS1311887.1             1.00   0.00  0.00  0.00  1.00  0.00  0.00  0.00  1.00  0.00
  HS1313001.1             1.00   0.00  0.00  0.00  1.00  0.00  0.00  0.00  0.89  0.00
  HS1313016.1             1.00   0.00  0.00  0.00  1.00  0.00  0.00  0.00  0.99  0.00
  HS1313021.1             1.36   0.00  0.00  0.00  0.00  0.00  0.00  1.00  0.00  0.00
  HS1313025.1             1.00   0.00  0.00  0.00  1.00  0.00  0.00  0.00  1.00  0.00
  HS1313026.1             1.00   0.00  0.00  0.00  0.53  0.47  0.00  0.00  1.00  0.00
  HS1313037.1             1.00   0.00  0.00  0.00  1.00  0.00  0.00  0.00  0.36  0.00
  HS1313044.1             1.00   0.00  0.00  0.00  1.00  0.00  0.00  0.00  0.00  0.00
  HS1313044.2             1.00   0.00  0.00  0.00  0.11  0.89  0.00  0.00  0.00  0.00
  HS1313045.1             1.00   0.00  0.00  0.00  1.00  0.00  0.00  0.00  0.00  0.00
  HS1313083.1             1.00   0.00  0.00  0.00  1.00  0.00  0.00  0.00  0.00  0.00
  HS1313083.2             1.00   0.00  0.00  0.00  1.00  0.00  0.00  0.00  0.00  0.00
  HS1313123.1             1.00   0.00  0.00  0.00  1.00  0.00  0.00  0.00  0.00  0.00
  HS1313140.1             1.00   0.00  1.00  0.00  0.00  0.00  0.00  0.00  0.00  0.00
  HS1313162.1             1.00   0.00  0.00  0.00  1.00  0.00  0.00  0.00  0.97  0.00
  HS1313167.1             1.00   0.00  0.00  0.00  1.00  0.00  0.00  0.00  1.00  0.00
  HS1313205.1             1.00   0.00  0.00  0.00  1.00  0.00  0.00  0.00  1.00  0.00
  HS1313205.2             1.00   0.00  0.00  0.00  1.00  0.00  0.00  0.00  1.00  0.00
  HS1313217.1             1.00   0.00  0.00  0.00  1.00  0.00  0.00  0.00  0.00  0.00
  HS1313218.1             1.00   1.00  0.00  0.00  0.00  0.00  0.00  0.00  0.00  0.00
  HS1313220.1             1.00   0.00  0.00  0.00  1.00  0.00  0.00  0.00  0.01  0.00
  HS1313240.1             1.00   0.00  0.00  0.00  0.00  0.00  0.00  1.00  0.00  0.00
  HS1313252.1             1.00   0.00  0.00  0.00  1.00  0.00  0.00  0.00  0.00  0.00
  HS1313253.1             1.00   0.00  0.00  0.00  1.00  0.00  0.00  0.00  0.00  0.00
  HS1313263.1             1.00   0.00  0.00  0.00  1.00  0.00  0.00  0.00  1.00  0.00
  HS1313283.1             1.00   0.00  0.00  0.00  1.00  0.00  0.00  0.00  0.70  0.00
  HS1313290.1             1.00   0.00  0.00  0.00  1.00  0.00  0.00  0.00  0.07  0.00
  HS1313298.1             1.00   0.00  0.00  0.00  1.00  0.00  0.00  0.00  1.00  0.00
  HS1313300.1             1.00   0.00  0.00  0.00  0.00  1.00  0.00  0.00  0.00  0.00
  HS1313343.1             1.00   0.00  0.00  0.00  1.00  0.00  0.00  0.00  1.00  0.00
  HS1313346.1             1.00   0.00  0.00  0.00  1.00  0.00  0.00  0.00  0.99  0.00
  HS1313391.1             1.00   0.00  0.00  0.00  1.00  0.00  0.00  0.00  0.00  0.00
  HS1313402.1             1.00   0.00  0.00  0.00  1.00  0.00  0.00  0.00  0.46  0.00
  HS1313402.2             1.00   0.00  0.00  0.00  1.00  0.00  0.00  0.00  1.00  0.00
  HS1313407.1             1.00   0.00  0.00  0.00  0.00  0.00  0.00  1.00  0.00  0.00
  HS1313411.1             1.00   0.00  0.00  0.00  0.00  1.00  0.00  0.00  0.00  0.00
  HS1313415.1             1.00   0.00  0.00  0.00  1.00  0.00  0.00  0.00  0.26  0.00
  HS1313415.2             1.00   0.00  0.00  0.00  1.00  0.00  0.00  0.00  0.26  0.00
  HS1313447.1             1.00   0.00  0.00  0.00  1.00  0.00  0.00  0.00  0.00  0.00
  HS1313471.1             1.00   0.00  0.00  0.00  1.00  0.00  0.00  0.00  1.00  0.00
  HS1313487.1             1.00   0.00  0.00  0.00  1.00  0.00  0.00  0.00  0.00  0.00
  HS1313508.1             1.00   0.00  0.00  0.00  1.00  0.00  0.00  0.00  1.00  0.00
  HS1313534.1             1.00   0.00  0.00  0.00  1.00  0.00  0.00  0.00  0.00  0.00
  HS1313569.1             1.00   0.00  0.00  0.00  1.00  0.00  0.00  0.00  0.00  0.00
  HS1313572.1             1.00   0.00  0.00  0.00  1.00  0.00  0.00  0.00  0.00  0.00
  HS1313587.1             1.00   0.00  0.00  0.00  0.00  1.00  0.00  0.00  0.00  0.00
  HS1313588.1             1.00   0.00  0.00  0.00  1.00  0.00  0.00  0.00  0.00  0.00
  HS1313591.1             1.00   0.00  0.00  0.00  1.00  0.00  0.00  0.00  1.00  0.00
  HS1313591.2             1.00   0.00  0.00  0.00  0.00  0.00  0.00  1.00  0.00  0.00
  HS1313597.1             1.00   0.00  0.00  0.00  1.00  0.00  0.00  0.00  0.00  0.00
  HS1313613.1             1.00   0.00  0.00  0.00  1.00  0.00  0.00  0.00  1.00  0.00
  HS1313618.1             1.00   0.00  0.00  0.00  1.00  0.00  0.00  0.00  1.00  0.00
  HS1313640.1             1.00   0.00  0.00  0.00  0.03  0.97  0.00  0.00  0.00  0.00
  HS1313676.1             1.00   0.00  0.00  0.00  1.00  0.00  0.00  0.00  0.64  0.00
  HS1313677.1             1.00   0.00  0.00  0.00  1.00  0.00  0.00  0.00  0.00  0.00
  HS1313700.1             1.00   0.00  0.00  0.00  0.00  1.00  0.00  0.00  1.00  0.00
  HS1313700.2             1.00   0.00  0.00  0.00  1.00  0.00  0.00  0.00  0.73  0.00
  HS1313709.1             1.00   0.00  0.00  0.00  1.00  0.00  0.00  0.00  1.00  0.00
  HS1313728.1             1.00   0.00  0.00  0.00  0.00  1.00  0.00  0.00  0.00  0.00
  HS1313730.1             1.05   0.00  0.00  0.00  1.00  0.00  0.00  0.00  1.00  0.00
  HS1313740.1             1.00   0.00  0.00  0.00  1.00  0.00  0.00  0.00  1.00  0.00
  HS1313756.1             1.00   0.00  0.00  0.00  1.00  0.00  0.00  0.00  0.00  0.00
  HS1313763.1             1.00   0.00  0.00  0.00  0.04  0.96  0.00  0.00  0.74  0.00
  HS1313794.1             1.00   0.00  0.00  0.00  1.00  0.00  0.00  0.00  1.00  0.00
  HS1313799.1             1.20   0.00  0.00  0.00  1.00  0.00  0.00  0.00  1.00  0.00
  HS1313803.1             1.00   0.00  0.00  0.00  1.00  0.00  0.00  0.00  0.00  0.00
  HS1313835.1             1.00   0.00  0.00  0.00  1.00  0.00  0.00  0.00  0.13  0.00
  HS1313835.2             1.00   0.00  0.00  0.00  1.00  0.00  0.00  0.00  0.02  0.00
  HS1313839.1             1.00   0.00  0.00  0.00  1.00  0.00  0.00  0.00  0.00  0.00
  HS1313865.1             1.00   0.00  0.00  0.00  1.00  0.00  0.00  0.00  1.00  0.00
  HS1313873.1             1.00   0.00  0.00  0.00  1.00  0.00  0.00  0.00  0.00  0.00
  HS1313881.1             1.00   0.00  0.00  0.00  0.00  1.00  0.00  0.00  0.00  0.00
  HS1313913.1             1.00   0.00  0.00  0.00  1.00  0.00  0.00  0.00  1.00  0.00
  HS1313924.1             1.00   0.00  0.00  0.00  1.00  0.00  0.00  0.00  0.00  0.00
  HS1313925.1             1.00   0.00  0.00  0.00  1.00  0.00  0.00  0.00  1.00  0.00
  HS1313957.1             1.00   0.00  0.00  0.00  1.00  0.00  0.00  0.00  0.00  0.00
  HS1313959.1             1.00   0.00  0.00  0.00  0.98  0.02  0.00  0.00  0.76  0.00
  HS1313965.1             1.00   0.00  0.00  0.00  0.10  0.90  0.00  0.00  1.00  0.00
  HS1313984.1             1.00   0.00  0.00  0.00  1.00  0.00  0.00  0.00  1.00  0.00
  HS1313998.1             1.00   0.00  0.00  0.00  1.00  0.00  0.00  0.00  0.00  0.00
  HS1314210.1             1.00   0.00  0.00  0.00  1.00  0.00  0.00  0.00  1.00  0.00
  HS1314237.1             1.00   0.00  0.00  0.00  0.19  0.81  0.00  0.00  0.00  0.00
  HS1314268.1             1.00   0.00  0.00  0.00  0.50  0.50  0.00  0.00  1.00  0.00
  HS1314475.1             1.00   0.00  0.00  0.00  1.00  0.00  0.00  0.00  0.41  0.00
  HS1314505.1             1.00   0.00  0.00  0.00  1.00  0.00  0.00  0.00  0.00  0.00
  HS1314769.1             1.00   0.00  0.00  0.00  1.00  0.00  0.00  0.00  0.00  0.00
  HS1314992.1             1.00   0.00  0.00  0.00  1.00  0.00  0.00  0.00  0.00  0.00
  HS1316010.1             1.00   0.00  0.00  0.00  1.00  0.00  0.00  0.00  1.00  0.00
  HS1316014.1             1.00   0.00  0.00  0.00  1.00  0.00  0.00  0.00  0.18  0.00
  HS1316037.1             1.00   0.00  0.00  0.00  1.00  0.00  0.00  0.00  1.00  0.00
  HS1316045.1             1.00   0.00  0.00  0.00  1.00  0.00  0.00  0.00  1.00  0.00
  HS1316177.1             1.00   0.00  0.00  0.00  1.00  0.00  0.00  0.00  0.65  0.00
  HS1316202.1             1.00   0.00  0.00  0.00  1.00  0.00  0.00  0.00  0.19  0.00
  HS1316207.1             1.00   0.00  0.00  0.00  1.00  0.00  0.00  0.00  0.00  0.00
  HS1316244.1             1.28   0.00  0.00  0.00  0.65  0.35  0.00  0.00  1.00  0.00
  HS1316267.1             1.00   0.00  0.00  0.00  0.00  0.00  0.00  1.00  0.00  0.00
  HS1316302.1             1.00   0.00  0.00  0.00  1.00  0.00  0.00  0.00  1.00  0.00
  HS1316321.1             1.00   0.00  0.00  0.00  0.00  1.00  0.00  0.00  1.00  0.00
  HS1316332.1             1.00   0.00  0.00  0.00  1.00  0.00  0.00  0.00  1.00  0.00
  HS1316332.2             1.00   0.00  0.00  0.00  1.00  0.00  0.00  0.00  1.00  0.00
  HS1316334.1             1.00   0.00  0.00  0.00  1.00  0.00  0.00  0.00  1.00  0.00
  HS1316341.1             1.00   0.00  0.00  0.00  1.00  0.00  0.00  0.00  0.00  0.00
  HS1316343.1             1.89   0.00  0.00  0.00  1.00  0.00  0.00  0.00  1.00  0.00
  HS1316344.1             1.00   0.00  0.00  0.00  1.00  0.00  0.00  0.00  0.00  0.00
  HS1316357.1             1.00   0.00  0.00  0.00  1.00  0.00  0.00  0.00  0.00  0.00
  HS1316361.1             1.53   0.00  0.00  0.00  1.00  0.00  0.00  0.00  1.00  0.00
  HS1316366.1             1.72   0.00  0.00  0.00  1.00  0.00  0.00  0.00  1.00  0.00
  HS1316368.1             1.00   0.00  0.00  0.00  1.00  0.00  0.00  0.00  1.00  0.00
  HS1316375.1             1.00   0.00  0.00  0.00  0.00  1.00  0.00  0.00  0.00  0.00
  HS1316377.1             1.26   0.00  0.00  0.00  0.00  1.00  0.00  0.00  1.00  0.00
  HS1316381.1             1.00   0.00  0.00  0.00  1.00  0.00  0.00  0.00  1.00  0.00
  HS1316382.1             1.18   0.00  1.00  0.00  0.00  0.00  0.00  0.00  0.00  0.00
  HS1316393.1             1.00   0.00  0.00  0.00  1.00  0.00  0.00  0.00  0.97  0.00
  HS1316395.1             1.77   0.00  0.00  0.00  1.00  0.00  0.00  0.00  1.00  0.00
  HS1316396.1             1.00   0.00  0.00  0.00  1.00  0.00  0.00  0.00  0.00  0.00
  HS1316397.1             1.85   0.00  0.00  0.00  1.00  0.00  0.00  0.00  1.00  0.00
  HS1316405.1             1.00   0.00  0.00  0.00  0.00  1.00  0.00  0.00  0.00  0.00
  HS1316407.1             1.22   0.00  0.00  0.00  0.07  0.93  0.00  0.00  1.00  0.00
  HS1316410.1             1.00   0.00  0.08  0.00  0.00  0.00  0.92  0.00  0.00  0.00
  HS1316410.2             1.00   0.00  0.00  0.00  1.00  0.00  0.00  0.00  1.00  0.00
  HS1316415.1             1.00   0.00  0.00  0.00  1.00  0.00  0.00  0.00  0.00  0.00
  HS1316417.1             1.00   0.00  0.00  0.00  1.00  0.00  0.00  0.00  1.00  0.00
  HS1316445.1             1.00   0.00  0.00  0.00  0.69  0.31  0.00  0.00  1.00  0.00
  HS1316467.1             1.00   0.00  0.00  0.00  1.00  0.00  0.00  0.00  1.00  0.00
  HS1316467.2             1.00   0.00  0.00  0.00  0.00  0.00  0.00  1.00  0.00  0.00
  HS1316505.1             1.00   0.00  0.00  0.00  1.00  0.00  0.00  0.00  0.00  0.00
  HS1316506.1             2.02   0.00  0.00  0.00  0.00  0.00  0.00  1.00  0.00  0.00
  HS1316530.1             1.00   0.00  0.00  0.00  1.00  0.00  0.00  0.00  1.00  0.00
  HS1316532.1             2.74   0.00  0.00  0.00  0.00  0.74  0.00  0.26  0.71  0.00
  HS1316554.1             1.00   0.00  0.00  0.00  0.00  1.00  0.00  0.00  0.00  0.00
  HS1316555.1             1.89   0.00  0.00  0.00  1.00  0.00  0.00  0.00  1.00  0.00
  HS1316563.1             1.00   0.00  0.00  0.00  1.00  0.00  0.00  0.00  0.00  0.00
  HS1316566.1             1.00   0.00  0.00  0.00  1.00  0.00  0.00  0.00  1.00  0.00
  HS1316585.1             1.00   0.00  0.00  0.00  0.46  0.54  0.00  0.00  0.50  0.00
  HS1316637.1             1.00   0.00  0.00  0.00  0.96  0.04  0.00  0.00  1.00  0.00
  HS1316643.1             1.00   0.00  0.00  0.00  0.00  1.00  0.00  0.00  1.00  0.00
  HS1316671.1             1.00   0.00  0.00  0.00  0.12  0.88  0.00  0.00  0.00  0.00
  HS1316676.1             1.00   0.00  0.00  0.00  1.00  0.00  0.00  0.00  1.00  0.00
  HS1316677.1             1.00   0.00  0.00  0.00  1.00  0.00  0.00  0.00  1.00  0.00
  HS1316677.2             1.00   0.00  0.00  0.00  0.00  1.00  0.00  0.00  0.00  0.00
  HS1316688.1             1.31   0.00  0.00  0.00  0.88  0.12  0.00  0.00  1.00  0.00
  HS1316689.1             1.21   0.00  0.00  0.00  1.00  0.00  0.00  0.00  1.00  0.00
  HS1316694.1             1.00   0.00  0.00  0.00  0.00  1.00  0.00  0.00  0.00  0.00
  HS1316707.1             1.00   0.00  0.00  0.00  0.00  1.00  0.00  0.00  0.00  0.00
  HS1316717.1             1.00   0.00  0.00  0.00  0.12  0.88  0.00  0.00  0.00  0.00
  HS1316718.1             1.00   0.00  0.00  0.00  1.00  0.00  0.00  0.00  1.00  0.00
  HS1316721.1             1.00   0.00  0.00  0.00  1.00  0.00  0.00  0.00  0.00  0.00
  HS1316726.1             1.00   0.00  0.00  0.00  1.00  0.00  0.00  0.00  0.00  0.00
  HS1316786.1             1.00   0.00  0.00  0.00  0.00  1.00  0.00  0.00  0.00  0.00
  HS1316811.1             1.00   0.00  0.00  0.00  1.00  0.00  0.00  0.00  1.00  0.00
  HS1316814.1             1.00   0.00  0.00  0.00  1.00  0.00  0.00  0.00  1.00  0.00
  HS1316835.1             1.00   0.00  0.00  0.00  1.00  0.00  0.00  0.00  0.63  0.00
  HS1316849.1             1.00   0.00  0.00  0.00  0.31  0.69  0.00  0.00  0.00  0.00
  HS1316865.1             1.00   0.00  0.00  0.00  1.00  0.00  0.00  0.00  1.00  0.00
  HS1316867.1             1.27   0.00  0.02  0.00  0.98  0.00  0.00  0.00  1.00  0.00
  HS1316868.1             1.01   0.00  0.00  0.00  0.00  1.00  0.00  0.00  0.00  0.00
  HS1316892.1             1.00   0.00  0.00  0.00  1.00  0.00  0.00  0.00  0.00  0.00
  HS1317102.1             1.00   0.00  1.00  0.00  0.00  0.00  0.00  0.00  0.00  0.00
  HS1318293.1             1.00   0.00  0.00  0.00  1.00  0.00  0.00  0.00  0.03  0.00
  HS1318293.2             1.00   0.00  0.00  0.00  1.00  0.00  0.00  0.00  1.00  0.00
  HS1318328.1             1.00   0.00  0.00  0.00  1.00  0.00  0.00  0.00  0.97  0.00
  HS1318412.1             1.00   0.00  0.00  0.00  1.00  0.00  0.00  0.00  0.98  0.00
  HS1324399.1             1.30   0.00  0.00  0.00  1.00  0.00  0.00  0.00  0.87  0.00
  HS1324400.1             1.08   0.00  0.00  0.00  1.00  0.00  0.00  0.00  1.00  0.00
  HS1324403.1             1.00   0.00  0.00  0.00  1.00  0.00  0.00  0.00  0.00  0.00
  HS1330826.1             1.00   0.00  0.00  0.00  1.00  0.00  0.00  0.00  0.00  0.00
  HS1330834.1             1.00   0.00  0.00  0.00  1.00  0.00  0.00  0.00  1.00  0.00
  HS1330842.1             1.00   0.00  0.00  0.00  0.00  1.00  0.00  0.00  0.00  0.00
  HS1330861.1             1.00   0.00  0.00  0.00  1.00  0.00  0.00  0.00  1.00  0.00
  HS1344037.1             1.00   0.00  0.00  0.00  1.00  0.00  0.00  0.00  0.26  0.00
  HS1344159.1             1.00   0.00  0.00  0.00  1.00  0.00  0.00  0.00  1.00  0.00
  HS1344187.1             1.00   0.00  0.00  0.00  1.00  0.00  0.00  0.00  0.08  0.00
  HS1344198.1             1.36   0.00  0.00  0.00  1.00  0.00  0.00  0.00  1.00  0.00
  HS1344261.1             1.00   0.00  0.00  0.00  1.00  0.00  0.00  0.00  1.00  0.00
  HS1344263.1             1.00   0.00  0.00  0.00  1.00  0.00  0.00  0.00  1.00  0.00
  HS1344319.1             1.00   0.00  0.00  0.00  1.00  0.00  0.00  0.00  0.00  0.00
  HS1344902.1             1.00   0.00  0.00  0.00  0.01  0.99  0.00  0.00  0.00  0.00
  HS1344915.1             1.00   0.00  0.00  0.00  1.00  0.00  0.00  0.00  0.00  0.00
  HS1344920.1             1.00   0.00  0.00  0.00  1.00  0.00  0.00  0.00  1.00  0.00
  HS1344978.1             1.11   0.00  0.00  0.00  0.00  1.00  0.00  0.00  1.00  0.00
  HS2003013.1             1.00   0.00  0.00  0.00  1.00  0.00  0.00  0.00  0.00  0.00
  HS2003015.1             1.00   0.00  0.00  0.00  1.00  0.00  0.00  0.00  1.00  0.00
  HS2003020.1             1.00   0.00  0.00  0.00  1.00  0.00  0.00  0.00  0.00  0.00
  HS2003023.1             1.00   0.00  0.00  0.00  1.00  0.00  0.00  0.00  0.00  0.00
  HS2003028.1             1.00   0.00  0.00  0.00  1.00  0.00  0.00  0.00  0.00  0.00
  HS2003029.1             1.00   0.00  0.00  0.00  1.00  0.00  0.00  0.00  1.00  0.00
  HS2003046.1             1.00   0.00  0.00  0.00  1.00  0.00  0.00  0.00  0.89  0.00
  HS2003070.1             1.00   0.00  0.00  0.00  1.00  0.00  0.00  0.00  1.00  0.00
  HS2003072.1             1.00   0.00  0.00  0.00  1.00  0.00  0.00  0.00  0.00  0.00
  HS2003083.1             1.00   0.00  0.00  0.00  1.00  0.00  0.00  0.00  1.00  0.00
  HS2003085.1             1.00   0.00  0.00  0.00  1.00  0.00  0.00  0.00  0.00  0.00
  HS2003086.1             1.00   0.00  0.00  0.00  1.00  0.00  0.00  0.00  0.00  0.00
  HS2003087.1             1.33   0.00  0.00  0.00  1.00  0.00  0.00  0.00  1.00  0.00
  HS2003088.1             1.02   0.00  0.00  0.00  0.03  0.97  0.00  0.00  0.02  0.00
  HS2003091.1             1.00   0.00  0.00  0.00  1.00  0.00  0.00  0.00  0.00  0.00
  HS2003093.1             1.00   0.00  0.00  0.00  1.00  0.00  0.00  0.00  0.00  0.00
  HS2003095.1             1.00   0.00  0.00  0.00  1.00  0.00  0.00  0.00  0.05  0.00
  HS2003109.1             1.00   0.00  0.00  0.00  1.00  0.00  0.00  0.00  1.00  0.00
  HS2003111.1             1.02   0.00  0.00  0.00  1.00  0.00  0.00  0.00  0.00  0.00
  HS2003111.2             1.00   0.00  0.00  0.00  1.00  0.00  0.00  0.00  0.00  0.00
  HS2003113.1             1.00   0.00  0.00  0.00  1.00  0.00  0.00  0.00  0.50  0.00
  HS2003125.1             1.00   0.00  0.00  0.00  1.00  0.00  0.00  0.00  1.00  0.00
  HS2003142.1             1.00   0.00  0.00  0.00  1.00  0.00  0.00  0.00  0.00  0.00
  HS2003144.1             1.00   0.00  0.00  0.00  1.00  0.00  0.00  0.00  1.00  0.00
  MH0100292.1             1.00   0.00  0.00  0.00  1.00  0.00  0.00  0.00  0.00  0.00
  MH0100330.1             1.00   0.00  0.00  0.00  1.00  0.00  0.00  0.00  0.65  0.00
  MH0100334.1             1.00   0.00  0.00  0.00  1.00  0.00  0.00  0.00  0.03  0.00
  MH0101923.1             1.00   0.00  0.00  0.00  1.00  0.00  0.00  0.00  0.00  0.00
  MH0101924.1             1.00   0.00  0.00  0.00  1.00  0.00  0.00  0.00  1.00  0.00
  MH0103033.1             1.00   0.00  0.00  0.00  1.00  0.00  0.00  0.00  0.06  0.00
  MH0200659.1             1.00   0.00  0.00  0.00  1.00  0.00  0.00  0.00  1.00  0.00
  MH0200661.1             1.00   0.00  0.00  0.00  1.00  0.00  0.00  0.00  0.96  0.00
  MH0201597.1             1.00   0.00  0.00  0.00  1.00  0.00  0.00  0.00  1.00  0.00
  MH0201710.1             1.00   0.00  0.00  0.00  1.00  0.00  0.00  0.00  0.65  0.00
  MH0216418.1             1.00   0.00  0.00  0.00  1.00  0.00  0.00  0.00  0.05  0.00
  MH0241587.1             1.00   0.00  0.00  0.00  1.00  0.00  0.00  0.00  0.00  0.00
  MH0241590.1             1.08   0.00  0.00  0.00  1.00  0.00  0.00  0.00  1.00  0.00
  MH0241603.1             1.00   0.00  0.00  0.00  1.00  0.00  0.00  0.00  1.00  0.00
  MH0241642.1             1.48   0.00  0.00  0.00  1.00  0.00  0.00  0.00  1.00  0.00
  MH0242298.1             1.00   0.00  0.00  0.00  1.00  0.00  0.00  0.00  0.02  0.00
  MH0242303.1             1.00   0.00  0.00  0.00  1.00  0.00  0.00  0.00  1.00  0.00
  MH0242782.1             1.00   0.00  0.00  0.00  0.94  0.06  0.00  0.00  1.00  0.00
  MH0258475.1             1.00   0.00  0.00  0.00  1.00  0.00  0.00  0.00  0.80  0.00
  VP0232532.1             1.00   0.00  0.00  0.00  1.00  0.00  0.00  0.00  0.00  0.00
  YS2003067.1             1.00   0.00  0.00  0.00  1.00  0.00  0.00  0.00  0.00  0.00
  HS2003014.2             1.00   0.00  0.00  0.00  0.00  1.00  0.00  0.00  0.00  0.00
  HS2003014.1             1.00   0.00  0.00  0.00  0.00  1.00  0.00  0.00  0.00  0.00
  1                       1.00   0.00  0.00  0.00  1.00  0.00  0.00  0.00  0.00  0.00
  2                       1.00   0.00  0.00  0.00  1.00  0.00  0.00  0.00  0.00  0.00
  
  
  *************************
  Conduit Surcharge Summary
  *************************
  
  No conduits were surcharged.
  
  
  ***************************
  Link Pollutant Load Summary
  ***************************
  
  --------------------------------------------------------------------------------------------------------------------------------------------------
                                BODf          BODs           NH4           NO3            DO          TSSs          TSSn         TR_in         TR_ww
  Link                            kg            kg            kg            kg            kg            kg            kg            kg            kg
  --------------------------------------------------------------------------------------------------------------------------------------------------
  HS1306447.1                 73.052        17.979        11.010         0.212         0.712        58.591         0.000         0.000         0.000
  HS1306449.1                 72.890        17.959        10.999         0.212         0.711        58.512         0.000         0.000         0.000
  HS1306461.1                 72.861        17.954        10.996         0.212         0.711        58.495         0.000         0.000         0.000
  HS1306471.1                 73.077        17.982        11.011         0.212         0.712        58.603         0.000         0.000         0.000
  HS1306554.1                769.255       191.474       117.432         2.297         7.645       623.680         0.000         0.000         0.000
  HS1306554.2               1131.039       281.181       172.347         3.368        11.220       916.771         0.000         0.000         0.000
  HS1306571.1               4056.654      1007.701       618.367        12.068        40.313      3288.137         0.000         0.000         0.000
  HS1306601.1                676.364       168.086       103.200         2.019         6.608       549.584         0.000         0.000         0.000
  HS1306601.2               4403.501      1094.250       671.511        13.094        44.003      3569.693         0.000         0.000         0.000
  HS1306611.1               4397.363      1093.293       670.971        13.085        43.948      3566.424         0.000         0.000         0.000
  HS1306618.1               4394.863      1093.084       668.533        13.083        43.239      3565.716         0.000         0.000         0.000
  HS1306904.1                  0.000         0.000         0.000         0.000         0.000         0.000         0.000         0.000         0.000
  HS1306904.2               7831.202      1952.895      1173.737        23.381        71.409      6367.068         0.000         0.000         0.000
  HS1308259.1                409.217       101.693        62.014         1.208         4.110       331.671         0.000         0.000         0.000
  HS1308282.1               7924.719      1970.017      1200.018        23.482        77.207      6418.955         0.000         0.000         0.000
  HS1308301.1                390.698        97.206        58.571         1.166         3.516       317.298         0.000         0.000         0.000
  HS1308302.1                535.993       133.601        80.874         1.595         4.998       435.198         0.000         0.000         0.000
  HS1308324.1               7936.889      1971.236      1200.687        23.496        77.259      6424.700         0.000         0.000         0.000
  HS1311200.1                 46.001        11.422         6.987         0.136         0.455        37.164         0.000         0.000         0.000
  HS1311204.1                107.829        26.680        16.363         0.320         1.075        87.205         0.000         0.000         0.000
  HS1311269.1                 45.676        11.340         6.937         0.135         0.452        36.900         0.000         0.000         0.000
  HS1311284.1                 43.914        10.905         6.669         0.130         0.434        35.471         0.000         0.000         0.000
  HS1311288.1                 11.965         2.978         1.817         0.035         0.121         9.646         0.000         0.000         0.000
  HS1311339.1                201.091        49.915        30.508         0.592         1.985       162.850         0.000         0.000         0.000
  HS1311349.2                 95.341        23.760        14.574         0.283         0.952        77.541         0.000         0.000         0.000
  HS1311380.1                  0.000         0.000         0.000         0.000         0.000         0.000         0.000         0.000         0.000
  HS1311392.1                203.899        50.615        30.943         0.601         2.011       165.217         0.000         0.000         0.000
  HS1311473.1                 61.876        15.266         9.381         0.184         0.620        50.064         0.000         0.000         0.000
  HS1311475.1                 48.642        12.010         7.311         0.141         0.484        38.983         0.000         0.000         0.000
  HS1311491.1                 52.017        12.847         7.822         0.151         0.516        41.707         0.000         0.000         0.000
  HS1311887.1                510.213       126.591        77.484         1.516         5.048       412.809         0.000         0.000         0.000
  HS1313001.1                238.856        59.078        36.297         0.711         2.359       193.044         0.000         0.000         0.000
  HS1313016.1                343.035        84.790        52.072         1.018         3.391       277.221         0.000         0.000         0.000
  HS1313021.1                104.796        25.777        15.813         0.308         1.035        84.465         0.000         0.000         0.000
  HS1313025.1                853.858       210.811       129.231         2.515         8.470       689.939         0.000         0.000         0.000
  HS1313026.1                511.401       126.082        77.187         1.497         5.082       412.964         0.000         0.000         0.000
  HS1313037.1                874.592       216.030       132.445         2.577         8.674       706.962         0.000         0.000         0.000
  HS1313044.1                301.533        74.455        45.625         0.888         3.047       242.735         0.000         0.000         0.000
  HS1313044.2               2104.832       520.384       319.637         6.248        20.885      1701.917         0.000         0.000         0.000
  HS1313045.1               2110.408       521.940       320.592         6.266        20.947      1706.805         0.000         0.000         0.000
  HS1313083.1                879.962       217.749       134.016         2.633         8.684       711.973         0.000         0.000         0.000
  HS1313083.2                 62.855        15.909         9.738         0.187         0.653        51.231         0.000         0.000         0.000
  HS1313123.1                929.191       230.020       141.624         2.783         9.176       752.390         0.000         0.000         0.000
  HS1313140.1                  0.000         0.000         0.000         0.000         0.000         0.000         0.000         0.000         0.000
  HS1313162.1                 15.457         3.823         2.348         0.045         0.157        12.476         0.000         0.000         0.000
  HS1313167.1                550.708       136.271        83.620         1.638         5.537       444.008         0.000         0.000         0.000
  HS1313205.1                262.689        65.171        39.970         0.785         2.588       212.764         0.000         0.000         0.000
  HS1313205.2               1906.619       473.078       290.152         5.672        19.117      1542.549         0.000         0.000         0.000
  HS1313217.1                263.271        65.348        40.078         0.786         2.600       213.300         0.000         0.000         0.000
  HS1313218.1                  0.000         0.000         0.000         0.000         0.000         0.000         0.000         0.000         0.000
  HS1313220.1                888.751       220.183       135.180         2.634         8.938       719.344         0.000         0.000         0.000
  HS1313240.1                537.489       132.668        81.393         1.595         5.392       432.562         0.000         0.000         0.000
  HS1313252.1                281.936        69.545        42.654         0.836         2.816       227.181         0.000         0.000         0.000
  HS1313253.1                270.074        66.582        40.839         0.801         2.701       217.529         0.000         0.000         0.000
  HS1313263.1                268.046        66.041        40.503         0.794         2.682       215.749         0.000         0.000         0.000
  HS1313283.1                235.259        57.893        35.526         0.697         2.352       189.307         0.000         0.000         0.000
  HS1313290.1               1321.022       327.088       200.669         3.902        13.137      1067.177         0.000         0.000         0.000
  HS1313298.1               1098.860       272.230       167.030         3.247        10.936       887.570         0.000         0.000         0.000
  HS1313300.1                730.645       180.650       110.883         2.138         7.212       588.913         0.000         0.000         0.000
  HS1313343.1                370.547        91.986        56.388         1.112         3.751       299.955         0.000         0.000         0.000
  HS1313346.1                 24.089         5.922         3.656         0.071         0.242        19.471         0.000         0.000         0.000
  HS1313391.1               2477.024       614.324       376.848         7.364        24.716      2004.512         0.000         0.000         0.000
  HS1313402.1               1226.630       305.312       181.271         3.659        10.574       996.126         0.000         0.000         0.000
  HS1313402.2               2912.866       726.157       431.136         8.701        25.125      2367.582         0.000         0.000         0.000
  HS1313407.1                575.342       141.976        87.101         1.700         5.643       464.530         0.000         0.000         0.000
  HS1313411.1                557.550       137.588        84.403         1.647         5.470       450.144         0.000         0.000         0.000
  HS1313415.1                248.930        61.447        37.686         0.736         2.445       201.038         0.000         0.000         0.000
  HS1313415.2                248.930        61.447        37.686         0.736         2.445       201.038         0.000         0.000         0.000
  HS1313447.1                383.722        94.700        58.115         1.134         3.777       309.756         0.000         0.000         0.000
  HS1313471.1                172.068        42.369        26.033         0.508         1.691       138.636         0.000         0.000         0.000
  HS1313487.1                315.040        77.614        47.598         0.930         3.098       253.869         0.000         0.000         0.000
  HS1313508.1                 63.978        15.801         9.652         0.191         0.644        51.586         0.000         0.000         0.000
  HS1313534.1                 46.815        11.578         7.103         0.137         0.465        37.646         0.000         0.000         0.000
  HS1313569.1                 20.945         5.174         3.161         0.061         0.207        16.889         0.000         0.000         0.000
  HS1313572.1                 94.070        23.206        14.215         0.275         0.961        75.768         0.000         0.000         0.000
  HS1313587.1                 94.009        23.194        14.207         0.275         0.960        75.737         0.000         0.000         0.000
  HS1313588.1                  0.084         0.021         0.013         0.000         0.001         0.065         0.000         0.000         0.000
  HS1313591.1                 65.704        16.216         9.934         0.192         0.672        52.938         0.000         0.000         0.000
  HS1313591.2                 28.796         7.102         4.350         0.084         0.293        23.203         0.000         0.000         0.000
  HS1313597.1                230.775        57.033        34.947         0.680         2.298       186.029         0.000         0.000         0.000
  HS1313613.1                 98.270        24.175        14.819         0.289         0.957        79.042         0.000         0.000         0.000
  HS1313618.1                136.720        33.895        20.775         0.402         1.405       109.616         0.000         0.000         0.000
  HS1313640.1                170.142        42.194        25.828         0.501         1.733       136.650         0.000         0.000         0.000
  HS1313676.1                728.991       180.242       110.636         2.133         7.198       587.544         0.000         0.000         0.000
  HS1313677.1                143.766        35.423        21.779         0.423         1.414       115.922         0.000         0.000         0.000
  HS1313700.1                160.861        39.825        24.371         0.474         1.640       129.276         0.000         0.000         0.000
  HS1313700.2                 83.862        20.782        12.722         0.247         0.857        67.437         0.000         0.000         0.000
  HS1313709.1                170.740        42.263        25.867         0.503         1.736       137.230         0.000         0.000         0.000
  HS1313728.1                 84.517        20.947        12.821         0.249         0.862        67.977         0.000         0.000         0.000
  HS1313730.1                 84.836        21.037        12.877         0.250         0.866        68.257         0.000         0.000         0.000
  HS1313740.1                 66.819        16.608        10.168         0.198         0.671        53.902         0.000         0.000         0.000
  HS1313756.1                 66.623        16.598        10.163         0.198         0.670        53.838         0.000         0.000         0.000
  HS1313763.1                305.628        75.591        46.303         0.898         3.054       246.223         0.000         0.000         0.000
  HS1313794.1               1606.210       399.791       239.217         4.783        14.373      1303.756         0.000         0.000         0.000
  HS1313799.1                  0.514         0.129         0.079         0.002         0.005         0.418         0.000         0.000         0.000
  HS1313803.1               1304.237       324.658       193.159         3.890        11.340      1059.365         0.000         0.000         0.000
  HS1313835.1                391.492        97.355        58.652         1.166         3.528       317.689         0.000         0.000         0.000
  HS1313835.2               1941.036       482.337       290.631         5.765        17.932      1571.940         0.000         0.000         0.000
  HS1313839.1                122.029        30.365        18.553         0.366         1.241        99.286         0.000         0.000         0.000
  HS1313865.1                318.778        79.271        48.494         0.950         3.220       258.602         0.000         0.000         0.000
  HS1313873.1                324.705        80.743        49.395         0.968         3.280       263.393         0.000         0.000         0.000
  HS1313881.1                249.690        61.748        37.777         0.734         2.504       200.860         0.000         0.000         0.000
  HS1313913.1                213.613        52.840        32.321         0.628         2.150       171.759         0.000         0.000         0.000
  HS1313924.1                187.154        46.304        28.349         0.551         1.893       150.476         0.000         0.000         0.000
  HS1313925.1                 66.702        16.568        10.155         0.196         0.678        53.800         0.000         0.000         0.000
  HS1313957.1                 97.861        24.274        14.865         0.288         0.984        78.980         0.000         0.000         0.000
  HS1313959.1                325.102        80.567        49.204         0.958         3.182       263.248         0.000         0.000         0.000
  HS1313965.1                227.322        56.308        34.348         0.670         2.199       184.307         0.000         0.000         0.000
  HS1313984.1                  4.282         1.051         0.642         0.013         0.043         3.435         0.000         0.000         0.000
  HS1313998.1                 33.701         8.342         5.079         0.099         0.331        27.183         0.000         0.000         0.000
  HS1314210.1                130.795        32.351        19.868         0.391         1.255       105.985         0.000         0.000         0.000
  HS1314237.1                918.146       226.370       138.873         2.711         9.130       741.202         0.000         0.000         0.000
  HS1314268.1                942.992       232.578       142.681         2.786         9.374       761.413         0.000         0.000         0.000
  HS1314475.1                 48.231        11.891         7.272         0.142         0.479        38.803         0.000         0.000         0.000
  HS1314505.1                756.309       222.273        55.412         2.618         2.012       696.236         0.000         0.000         0.000
  HS1314769.1               1173.123       335.767        93.047         3.954         1.881      1063.187         0.000         0.000         0.000
  HS1314992.1               7898.260      1966.714      1198.142        23.445        77.037      6405.572         0.000         0.000         0.000
  HS1316010.1                 33.747         8.352         5.085         0.099         0.331        27.212         0.000         0.000         0.000
  HS1316014.1                 20.436         5.054         3.087         0.060         0.201        16.514         0.000         0.000         0.000
  HS1316037.1                 31.266         7.733         4.725         0.092         0.308        25.243         0.000         0.000         0.000
  HS1316045.1                482.487       119.444        73.074         1.420         4.753       390.376         0.000         0.000         0.000
  HS1316177.1               3422.769       850.120       515.761        10.157        32.717      2770.272         0.000         0.000         0.000
  HS1316202.1               3644.764       905.464       549.693        10.816        34.944      2950.972         0.000         0.000         0.000
  HS1316207.1               6157.378      1527.710       930.368        18.216        59.929      4980.492         0.000         0.000         0.000
  HS1316244.1                 36.873         9.080         5.560         0.108         0.368        29.660         0.000         0.000         0.000
  HS1316267.1               1365.078       337.841       206.586         4.024        13.574      1101.575         0.000         0.000         0.000
  HS1316302.1                615.970       152.205        92.995         1.819         6.173       495.007         0.000         0.000         0.000
  HS1316321.1                532.524       131.329        80.308         1.572         5.318       427.367         0.000         0.000         0.000
  HS1316332.1                 12.601         3.124         1.917         0.037         0.129        10.194         0.000         0.000         0.000
  HS1316332.2                 12.601         3.124         1.917         0.037         0.129        10.194         0.000         0.000         0.000
  HS1316334.1                  4.804         1.185         0.725         0.014         0.047         3.874         0.000         0.000         0.000
  HS1316341.1                  1.001         0.246         0.152         0.003         0.009         0.806         0.000         0.000         0.000
  HS1316343.1                  1.071         0.267         0.164         0.003         0.010         0.870         0.000         0.000         0.000
  HS1316344.1                500.318       123.904        75.802         1.474         4.934       404.925         0.000         0.000         0.000
  HS1316357.1                546.597       135.367        82.808         1.609         5.402       442.230         0.000         0.000         0.000
  HS1316361.1                  6.247         1.541         0.943         0.018         0.063         5.015         0.000         0.000         0.000
  HS1316366.1                 16.660         4.103         2.511         0.049         0.164        13.392         0.000         0.000         0.000
  HS1316368.1                562.909       139.438        85.301         1.657         5.564       455.459         0.000         0.000         0.000
  HS1316375.1                 68.071        16.713        10.238         0.199         0.662        54.655         0.000         0.000         0.000
  HS1316377.1                 69.157        16.981        10.403         0.202         0.673        55.528         0.000         0.000         0.000
  HS1316381.1                 75.813        18.671        11.440         0.222         0.742        60.992         0.000         0.000         0.000
  HS1316382.1                  0.000         0.000         0.000         0.000         0.000         0.000         0.000         0.000         0.000
  HS1316393.1                  6.796         1.697         1.042         0.020         0.069         5.524         0.000         0.000         0.000
  HS1316395.1                  9.623         2.365         1.447         0.028         0.095         7.734         0.000         0.000         0.000
  HS1316396.1                  6.872         1.714         1.051         0.020         0.070         5.574         0.000         0.000         0.000
  HS1316397.1                  1.542         0.384         0.234         0.005         0.016         1.237         0.000         0.000         0.000
  HS1316405.1                 12.849         3.152         1.927         0.037         0.125        10.294         0.000         0.000         0.000
  HS1316407.1                 12.846         3.151         1.927         0.037         0.125        10.292         0.000         0.000         0.000
  HS1316410.1                  3.840         0.965         0.589         0.011         0.038         3.133         0.000         0.000         0.000
  HS1316410.2                141.682        35.061        21.468         0.415         1.408       114.199         0.000         0.000         0.000
  HS1316415.1                190.723        47.082        28.808         0.559         1.905       154.044         0.000         0.000         0.000
  HS1316417.1                325.656        80.506        49.141         0.962         3.132       262.639         0.000         0.000         0.000
  HS1316445.1                226.850        55.970        34.274         0.665         2.263       183.103         0.000         0.000         0.000
  HS1316467.1                594.952       147.288        89.801         1.738         5.927       478.981         0.000         0.000         0.000
  HS1316467.2                 16.509         4.095         2.511         0.049         0.163        13.384         0.000         0.000         0.000
  HS1316505.1               6703.678      1664.511      1013.955        19.845        65.302      5425.065         0.000         0.000         0.000
  HS1316506.1                  0.058         0.015         0.009         0.000         0.000         0.050         0.000         0.000         0.000
  HS1316530.1               6709.701      1665.538      1014.532        19.854        65.373      5428.159         0.000         0.000         0.000
  HS1316532.1               2514.571       622.595       380.870         7.403        25.011      2030.500         0.000         0.000         0.000
  HS1316554.1               1770.593       438.594       268.229         5.206        17.708      1429.626         0.000         0.000         0.000
  HS1316555.1                  4.280         1.063         0.649         0.013         0.043         3.446         0.000         0.000         0.000
  HS1316563.1               1768.422       437.822       267.736         5.196        17.683      1427.199         0.000         0.000         0.000
  HS1316566.1               1034.859       256.024       156.770         3.048        10.385       835.636         0.000         0.000         0.000
  HS1316585.1                892.235       220.737       135.237         2.628         8.941       720.562         0.000         0.000         0.000
  HS1316637.1                420.611       103.873        63.817         1.232         4.218       338.931         0.000         0.000         0.000
  HS1316643.1                377.728        93.217        57.271         1.104         3.790       304.028         0.000         0.000         0.000
  HS1316671.1                297.904        73.418        45.135         0.868         2.992       239.429         0.000         0.000         0.000
  HS1316676.1                 77.780        19.291        11.822         0.230         0.779        62.920         0.000         0.000         0.000
  HS1316677.1                 89.644        22.230        13.621         0.265         0.898        72.508         0.000         0.000         0.000
  HS1316677.2                162.251        40.181        24.581         0.478         1.619       131.046         0.000         0.000         0.000
  HS1316688.1                162.897        40.342        24.681         0.480         1.626       131.572         0.000         0.000         0.000
  HS1316689.1                  0.676         0.167         0.103         0.002         0.007         0.543         0.000         0.000         0.000
  HS1316694.1               2278.296       563.960       346.263         6.769        22.612      1843.388         0.000         0.000         0.000
  HS1316707.1                249.319        61.682        37.820         0.738         2.494       201.462         0.000         0.000         0.000
  HS1316717.1                311.706        77.170        47.260         0.924         3.110       251.764         0.000         0.000         0.000
  HS1316718.1                320.581        79.373        48.610         0.950         3.201       258.952         0.000         0.000         0.000
  HS1316721.1                589.395       145.920        89.354         1.744         5.827       476.291         0.000         0.000         0.000
  HS1316726.1                372.495        92.589        56.426         1.099         3.739       301.812         0.000         0.000         0.000
  HS1316786.1                738.957       182.738       111.867         2.182         7.256       596.742         0.000         0.000         0.000
  HS1316811.1                239.807        59.350        36.349         0.707         2.341       193.877         0.000         0.000         0.000
  HS1316814.1                116.896        28.906        17.724         0.347         1.180        94.390         0.000         0.000         0.000
  HS1316835.1                188.398        46.621        28.585         0.559         1.889       152.138         0.000         0.000         0.000
  HS1316849.1                241.304        59.671        36.581         0.714         2.412       194.885         0.000         0.000         0.000
  HS1316865.1                119.354        29.450        18.052         0.349         1.179        96.008         0.000         0.000         0.000
  HS1316867.1                  0.084         0.021         0.013         0.000         0.001         0.069         0.000         0.000         0.000
  HS1316868.1                119.439        29.459        18.056         0.349         1.179        96.054         0.000         0.000         0.000
  HS1316892.1                 87.524        21.590        13.224         0.255         0.856        70.386         0.000         0.000         0.000
  HS1317102.1                  0.000         0.000         0.000         0.000         0.000         0.000         0.000         0.000         0.000
  HS1318293.1               1248.724       309.872       190.166         3.711        12.466      1010.853         0.000         0.000         0.000
  HS1318293.2               2550.646       632.293       388.180         7.569        25.346      2064.149         0.000         0.000         0.000
  HS1318328.1                317.942        78.342        48.047         0.938         3.126       256.229         0.000         0.000         0.000
  HS1318412.1                 33.638         8.333         5.075         0.099         0.330        27.150         0.000         0.000         0.000
  HS1324399.1               2239.638       554.268       340.318         6.653        22.228      1811.754         0.000         0.000         0.000
  HS1324400.1                  3.825         0.945         0.580         0.011         0.037         3.088         0.000         0.000         0.000
  HS1324403.1               2236.247       553.408       339.783         6.642        22.197      1808.883         0.000         0.000         0.000
  HS1330826.1                117.790        29.062        17.781         0.352         1.189        95.055         0.000         0.000         0.000
  HS1330834.1                123.805        30.559        18.700         0.370         1.248        99.955         0.000         0.000         0.000
  HS1330842.1                293.545        72.533        44.315         0.876         2.976       236.506         0.000         0.000         0.000
  HS1330861.1                296.488        73.311        44.791         0.885         3.008       238.989         0.000         0.000         0.000
  HS1344037.1                 10.996         2.729         1.673         0.032         0.110         8.908         0.000         0.000         0.000
  HS1344159.1               2063.187       513.021       309.587         6.141        19.183      1671.541         0.000         0.000         0.000
  HS1344187.1                259.539        64.131        39.295         0.764         2.592       209.215         0.000         0.000         0.000
  HS1344198.1                  1.276         0.321         0.196         0.004         0.013         1.036         0.000         0.000         0.000
  HS1344261.1                 84.618        20.985        12.750         0.249         0.861        68.186         0.000         0.000         0.000
  HS1344263.1                472.813       117.050        71.518         1.397         4.735       382.237         0.000         0.000         0.000
  HS1344319.1                  4.360         1.078         0.657         0.013         0.043         3.505         0.000         0.000         0.000
  HS1344902.1                164.040        40.677        24.927         0.485         1.643       132.673         0.000         0.000         0.000
  HS1344915.1                240.587        59.488        36.393         0.707         2.414       193.466         0.000         0.000         0.000
  HS1344920.1                143.666        35.370        21.747         0.422         1.412       115.782         0.000         0.000         0.000
  HS1344978.1                249.631        61.762        37.870         0.739         2.497       201.727         0.000         0.000         0.000
  HS2003013.1               1266.937       364.236        94.892         4.305         1.861      1155.398         0.000         0.000         0.000
  HS2003015.1               2154.764       546.156       281.204         6.572         8.289      1780.977         0.000         0.000         0.000
  HS2003020.1                698.692       178.618        82.809         2.158         1.446       581.909         0.000         0.000         0.000
  HS2003023.1               1457.486       367.196       200.661         4.410         7.519      1198.263         0.000         0.000         0.000
  HS2003028.1                703.639       178.627        88.473         2.156         1.959       582.326         0.000         0.000         0.000
  HS2003029.1                715.009       178.469       104.556         2.151         5.786       582.635         0.000         0.000         0.000
  HS2003046.1               1468.973       367.568       213.919         4.412        11.138      1200.221         0.000         0.000         0.000
  HS2003070.1                804.154       200.172       122.826         2.398         8.054       653.368         0.000         0.000         0.000
  HS2003072.1                718.227       178.451       109.297         2.150         7.187       582.702         0.000         0.000         0.000
  HS2003083.1                369.502        91.660        56.253         1.101         3.653       300.027         0.000         0.000         0.000
  HS2003085.1                761.160       189.286       116.128         2.266         7.641       617.636         0.000         0.000         0.000
  HS2003086.1                358.609        88.752        54.458         1.066         3.538       290.716         0.000         0.000         0.000
  HS2003087.1                 12.378         3.046         1.877         0.037         0.122        10.008         0.000         0.000         0.000
  HS2003088.1                 12.392         3.047         1.877         0.037         0.122        10.012         0.000         0.000         0.000
  HS2003091.1                  7.224         1.808         1.104         0.021         0.074         5.851         0.000         0.000         0.000
  HS2003093.1                759.879       188.133       115.409         2.253         7.599       614.705         0.000         0.000         0.000
  HS2003095.1                728.005       180.042       110.440         2.156         7.285       588.562         0.000         0.000         0.000
  HS2003109.1                 39.514         9.829         6.049         0.118         0.398        32.085         0.000         0.000         0.000
  HS2003111.1                283.415        69.895        42.857         0.841         2.773       229.289         0.000         0.000         0.000
  HS2003111.2                712.440       176.172       108.057         2.109         7.132       575.920         0.000         0.000         0.000
  HS2003113.1                321.486        79.567        48.815         0.957         3.163       260.699         0.000         0.000         0.000
  HS2003125.1                 55.045        13.821         8.413         0.167         0.551        44.944         0.000         0.000         0.000
  HS2003142.1                 39.646         9.854         6.063         0.118         0.400        32.160         0.000         0.000         0.000
  HS2003144.1                  0.545         0.135         0.083         0.002         0.006         0.440         0.000         0.000         0.000
  MH0100292.1               1202.333       300.668       171.445         3.596         8.442       979.409         0.000         0.000         0.000
  MH0100330.1                781.564       193.981       118.741         2.318         7.770       632.025         0.000         0.000         0.000
  MH0100334.1                758.186       188.066       115.110         2.248         7.534       612.785         0.000         0.000         0.000
  MH0101923.1                757.911       188.015       115.082         2.248         7.530       612.651         0.000         0.000         0.000
  MH0101924.1               1348.881       337.743       190.615         4.044         8.926      1100.811         0.000         0.000         0.000
  MH0103033.1                 11.544         2.873         1.759         0.034         0.113         9.372         0.000         0.000         0.000
  MH0200659.1                130.176        32.753        19.994         0.387         1.325       105.674         0.000         0.000         0.000
  MH0200661.1                117.747        29.458        17.964         0.348         1.191        95.255         0.000         0.000         0.000
  MH0201597.1                230.182        57.340        35.054         0.680         2.375       185.234         0.000         0.000         0.000
  MH0201710.1                546.499       135.367        83.094         1.629         5.343       442.480         0.000         0.000         0.000
  MH0216418.1                 14.387         3.547         2.171         0.042         0.142        11.588         0.000         0.000         0.000
  MH0241587.1                242.248        60.373        36.921         0.724         2.459       196.719         0.000         0.000         0.000
  MH0241590.1                327.404        81.416        49.809         0.976         3.307       265.584         0.000         0.000         0.000
  MH0241603.1                 48.327        11.981         7.353         0.142         0.481        38.938         0.000         0.000         0.000
  MH0241642.1                249.736        61.767        37.789         0.735         2.504       200.915         0.000         0.000         0.000
  MH0242298.1                403.534        99.853        61.015         1.180         3.956       325.602         0.000         0.000         0.000
  MH0242303.1                596.288       147.789        90.261         1.744         5.930       480.673         0.000         0.000         0.000
  MH0242782.1                298.671        73.904        45.055         0.878         2.990       241.069         0.000         0.000         0.000
  MH0258475.1                 93.742        23.098        14.182         0.277         0.916        75.874         0.000         0.000         0.000
  VP0232532.1                 49.008        12.414         7.567         0.145         0.500        39.907         0.000         0.000         0.000
  YS2003067.1                769.808       191.426       117.459         2.293         7.712       624.983         0.000         0.000         0.000
  HS2003014.2              1.116e+04      2841.039      1526.187        34.040        76.666      9241.320         0.000         0.000         0.000
  HS2003014.1                318.500       954.247         0.000        34.027        76.594      1857.982         0.000         0.000         0.000
  1                          677.209       182.837        91.923         2.156         5.668       577.396         0.000         0.000         0.000
  2                         7373.303      1853.498      1071.234        22.163        58.869      6031.143         0.000         0.000         0.000
  

  Analysis begun on:  Wed Nov 26 15:51:09 2025
  Analysis ended on:  Wed Nov 26 15:53:13 2025
  Total elapsed time: 00:02:04