
  EPA STORM WATER MANAGEMENT MODEL - VERSION 5.2 (Build 5.2.4)
  ------------------------------------------------------------

  
  ****************
  Analysis Options
  ****************
  Flow Units ............... LPS
  Process Models:
    Rainfall/Runoff ........ NO
    RDII ................... NO
    Snowmelt ............... NO
    Groundwater ............ NO
    Flow Routing ........... YES
    Ponding Allowed ........ YES
    Water Quality .......... YES
  Flow Routing Method ...... DYNWAVE
  Surcharge Method ......... EXTRAN
  Starting Date ............ 01/01/2025 00:00:00
  Ending Date .............. 01/03/2025 00:00:00
  Antecedent Dry Days ...... 0.0
  Report Time Step ......... 00:05:00
  Routing Time Step ........ 60.00 sec
  Variable Time Step ....... YES
  Maximum Trials ........... 10
  Number of Threads ........ 1
  Head Tolerance ........... 0.001500 m
  
  
  **************************        Volume        Volume
  Flow Routing Continuity        hectare-m      10^6 ltr
  **************************     ---------     ---------
  Dry Weather Inflow .......         0.000         0.000
  Wet Weather Inflow .......         0.000         0.000
  Groundwater Inflow .......         0.000         0.000
  RDII Inflow ..............         0.000         0.000
  External Inflow ..........         9.524        95.243
  External Outflow .........         9.358        93.579
  Flooding Loss ............         0.000         0.000
  Evaporation Loss .........         0.000         0.000
  Exfiltration Loss ........         0.000         0.000
  Initial Stored Volume ....         0.016         0.160
  Final Stored Volume ......         0.186         1.863
  Continuity Error (%) .....        -0.042
  
  
  **************************          BODf          BODs           NH4           NO3            DO
  Quality Routing Continuity            kg            kg            kg            kg            kg
  **************************    ----------    ----------    ----------    ----------    ----------
  Dry Weather Inflow .......         0.000         0.000         0.000         0.000         0.000
  Wet Weather Inflow .......         0.000         0.000         0.000         0.000         0.000
  Groundwater Inflow .......         0.000         0.000         0.000         0.000         0.000
  RDII Inflow ..............         0.000         0.000         0.000         0.000         0.000
  External Inflow ..........     19082.198      4707.369      2882.605        56.196       189.471
  External Outflow .........      7559.829      2761.575      1052.265        55.334       133.588
  Flooding Loss ............         0.000         0.000         0.000         0.000         0.000
  Exfiltration Loss ........         0.000         0.000         0.000         0.000         0.000
  Mass Reacted .............     11267.188      1881.037      1797.587         0.000        52.552
  Initial Stored Mass ......         0.000         0.000         0.000         0.000         0.000
  Final Stored Mass ........       266.078        67.129        34.254         0.883         3.391
  Continuity Error (%) .....        -0.057        -0.050        -0.052        -0.038        -0.031
  
  
  **************************          TSSs          TSSn         TR_in         TR_ww
  Quality Routing Continuity            kg            kg            kg            kg
  **************************    ----------    ----------    ----------    ----------
  Dry Weather Inflow .......         0.000         0.000         0.000         0.000
  Wet Weather Inflow .......         0.000         0.000         0.000         0.000
  Groundwater Inflow .......         0.000         0.000         0.000         0.000
  RDII Inflow ..............         0.000         0.000         0.000         0.000
  External Inflow ..........     15373.212         0.000         0.000         0.000
  External Outflow .........      7757.212         0.000         0.000         0.000
  Flooding Loss ............         0.000         0.000         0.000         0.000
  Exfiltration Loss ........         0.000         0.000         0.000         0.000
  Mass Reacted .............      7403.364         0.000         0.000         0.000
  Initial Stored Mass ......         0.000         0.000         0.000         0.000
  Final Stored Mass ........       220.448         0.000         0.000         0.000
  Continuity Error (%) .....        -0.051         0.000         0.000         0.000
  
  
  *************************
  Highest Continuity Errors
  *************************
  Node HS1314512 (3.53%)
  Node VP0232532 (3.31%)
  Node HS1314505 (2.20%)
  
  
  ***************************
  Time-Step Critical Elements
  ***************************
  Link HS2003014.1 (68.21%)
  Link HS1313044.2 (30.38%)
  Link HS1313300.1 (1.41%)
  
  
  ********************************
  Highest Flow Instability Indexes
  ********************************
  All links are stable.
  
  
  *********************************
  Most Frequent Nonconverging Nodes
  *********************************
  Convergence obtained at all time steps.
  
  
  *************************
  Routing Time Step Summary
  *************************
  Minimum Time Step           :     1.31 sec
  Average Time Step           :     4.07 sec
  Maximum Time Step           :    12.08 sec
  % of Time in Steady State   :     0.00
  Average Iterations per Step :     2.00
  % of Steps Not Converging   :     0.00
  Time Step Frequencies       :
     60.000 - 23.031 sec      :     0.00 %
     23.031 -  8.841 sec      :     0.00 %
      8.841 -  3.393 sec      :    99.99 %
      3.393 -  1.303 sec      :     0.00 %
      1.303 -  0.500 sec      :     0.00 %
  
  
  ******************
  Node Depth Summary
  ******************
  
  ---------------------------------------------------------------------------------
                                 Average  Maximum  Maximum  Time of Max    Reported
                                   Depth    Depth      HGL   Occurrence   Max Depth
  Node                 Type       Meters   Meters   Meters  days hr:min      Meters
  ---------------------------------------------------------------------------------
  HS1306447            JUNCTION     0.02     0.03    23.20     0  18:00        0.03
  HS1306449            JUNCTION     0.06     0.07    22.83     0  18:02        0.07
  HS1306461            JUNCTION     0.02     0.02    22.66     0  18:03        0.02
  HS1306471            JUNCTION     0.03     0.04    23.46     0  18:00        0.04
  HS1306554            JUNCTION     0.21     0.26    19.61     0  16:27        0.26
  HS1306571            JUNCTION     0.09     0.11    19.33     0  17:01        0.11
  HS1306601            JUNCTION     0.10     0.12    18.92     0  16:32        0.12
  HS1306611            JUNCTION     0.10     0.12    18.80     0  16:34        0.12
  HS1308259            JUNCTION     0.05     0.06    19.90     0  09:04        0.06
  HS1308282            JUNCTION     0.23     0.30    18.12     0  16:50        0.30
  HS1308301            JUNCTION     0.07     0.09    18.34     0  16:32        0.09
  HS1308302            JUNCTION     0.08     0.11    18.30     0  16:40        0.11
  HS1308324            JUNCTION     0.15     0.23    18.13     0  16:49        0.23
  HS1311200            JUNCTION     0.02     0.02    20.80     0  14:04        0.02
  HS1311204            JUNCTION     0.02     0.03    20.71     0  16:04        0.03
  HS1311269            JUNCTION     0.02     0.03    21.00     0  14:04        0.03
  HS1311284            JUNCTION     0.04     0.05    21.22     0  14:01        0.05
  HS1311288            JUNCTION     0.09     0.10    21.36     0  17:01        0.10
  HS1311339            JUNCTION     0.06     0.07    22.20     0  07:19        0.07
  HS1311349            JUNCTION     0.34     0.35    22.59     0  12:06        0.35
  HS1311380            JUNCTION     0.00     0.00    20.93     0  00:00        0.00
  HS1311392            JUNCTION     0.04     0.05    20.78     0  07:24        0.05
  HS1311473            JUNCTION     0.02     0.03    23.00     0  20:00        0.03
  HS1311475            JUNCTION     0.03     0.03    22.20     0  17:02        0.03
  HS1311491            JUNCTION     0.02     0.02    20.69     0  17:06        0.02
  HS1311887            JUNCTION     0.03     0.04    20.60     0  16:04        0.04
  HS1313001            JUNCTION     0.07     0.09    20.63     0  16:02        0.09
  HS1313016            JUNCTION     0.06     0.07    20.51     0  16:06        0.07
  HS1313025            JUNCTION     0.10     0.12    20.42     0  17:00        0.12
  HS1313026            JUNCTION     0.06     0.08    20.78     0  17:00        0.08
  HS1313037            JUNCTION     0.11     0.14    20.31     0  17:01        0.14
  HS1313044            JUNCTION     0.14     0.17    20.28     0  17:01        0.17
  HS1313045            JUNCTION     0.09     0.13    20.22     0  17:01        0.13
  HS1313083            JUNCTION     0.22     0.26    20.35     0  17:06        0.26
  HS1313123            JUNCTION     0.23     0.27    20.32     0  17:07        0.27
  HS1313140            JUNCTION     0.15     0.19    20.28     0  17:00        0.19
  HS1313162            JUNCTION     0.02     0.03    20.06     0  17:07        0.03
  HS1313167            JUNCTION     0.04     0.06    20.05     0  17:04        0.06
  HS1313205            JUNCTION     0.05     0.07    19.29     0  17:06        0.07
  HS1313217            JUNCTION     0.12     0.16    19.06     0  16:01        0.16
  HS1313220            JUNCTION     0.13     0.17    19.06     0  16:01        0.17
  HS1313240            JUNCTION     0.05     0.08    20.33     0  17:01        0.08
  HS1313252            JUNCTION     0.12     0.14    20.41     0  17:06        0.14
  HS1313253            JUNCTION     0.11     0.14    20.41     0  17:06        0.14
  HS1313263            JUNCTION     0.05     0.07    20.49     0  17:03        0.07
  HS1313283            JUNCTION     0.05     0.07    21.12     0  17:01        0.07
  HS1313290            JUNCTION     0.07     0.09    19.69     0  10:09        0.09
  HS1313298            JUNCTION     0.05     0.07    19.75     0  10:08        0.07
  HS1313300            JUNCTION     0.11     0.13    19.83     0  10:02        0.13
  HS1313343            JUNCTION     0.03     0.04    19.91     0  21:01        0.04
  HS1313346            JUNCTION     0.02     0.03    19.99     0  16:01        0.03
  HS1313391            JUNCTION     0.12     0.14    19.05     0  17:07        0.14
  HS1313407            JUNCTION     0.06     0.07    19.95     0  16:14        0.07
  HS1313411            JUNCTION     0.09     0.11    20.19     0  16:13        0.11
  HS1313415            JUNCTION     0.11     0.13    20.23     0  16:12        0.13
  HS1313447            JUNCTION     0.15     0.18    20.29     0  16:14        0.18
  HS1313471            JUNCTION     0.05     0.06    20.86     0  16:00        0.06
  HS1313487            JUNCTION     0.09     0.11    20.58     0  16:05        0.11
  HS1313508            JUNCTION     0.03     0.04    20.90     0  15:00        0.04
  HS1313534            JUNCTION     0.05     0.07    20.04     0  12:01        0.07
  HS1313569            JUNCTION     0.12     0.13    20.42     0  18:01        0.13
  HS1313572            JUNCTION     0.05     0.06    20.42     0  18:00        0.06
  HS1313587            JUNCTION     0.03     0.04    20.25     0  18:02        0.04
  HS1313591            JUNCTION     0.02     0.03    20.09     0  18:02        0.03
  HS1313597            JUNCTION     0.06     0.07    19.99     0  16:08        0.07
  HS1313613            JUNCTION     0.04     0.05    20.41     0  16:02        0.05
  HS1313618            JUNCTION     0.04     0.06    22.44     0  17:00        0.06
  HS1313640            JUNCTION     0.06     0.07    21.71     0  17:03        0.07
  HS1313676            JUNCTION     0.10     0.13    20.49     0  10:01        0.13
  HS1313677            JUNCTION     0.09     0.12    20.49     0  10:00        0.12
  HS1313700            JUNCTION     0.04     0.05    21.37     0  16:00        0.05
  HS1313709            JUNCTION     0.05     0.06    21.21     0  16:00        0.06
  HS1313728            JUNCTION     0.04     0.05    20.77     0  16:01        0.05
  HS1313730            JUNCTION     0.02     0.03    20.71     0  16:02        0.03
  HS1313740            JUNCTION     0.02     0.03    20.78     0  16:01        0.03
  HS1313756            JUNCTION     0.17     0.18    19.99     0  16:07        0.18
  HS1313763            JUNCTION     0.05     0.07    19.86     0  16:10        0.07
  HS1313794            JUNCTION     0.06     0.07    18.76     0  16:21        0.07
  HS1313803            JUNCTION     0.06     0.08    18.86     0  16:18        0.08
  HS1313835            JUNCTION     0.08     0.09    18.56     0  16:16        0.09
  HS1313839            JUNCTION     0.12     0.13    20.47     0  17:00        0.13
  HS1313865            JUNCTION     0.35     0.36    20.47     0  16:06        0.36
  HS1313873            JUNCTION     0.08     0.09    20.01     0  16:07        0.09
  HS1313881            JUNCTION     0.07     0.08    20.93     0  16:02        0.08
  HS1313913            JUNCTION     0.05     0.06    21.06     0  16:01        0.06
  HS1313924            JUNCTION     0.06     0.08    21.15     0  16:01        0.08
  HS1313925            JUNCTION     0.03     0.03    21.45     0  08:01        0.03
  HS1313957            JUNCTION     0.06     0.07    20.33     0  08:05        0.07
  HS1313959            JUNCTION     0.06     0.07    20.32     0  08:08        0.07
  HS1313965            JUNCTION     0.05     0.06    22.18     0  09:01        0.06
  HS1313998            JUNCTION     0.07     0.09    21.74     0  17:01        0.09
  HS1314210            JUNCTION     0.04     0.06    20.08     0  14:04        0.06
  HS1314237            JUNCTION     0.10     0.12    19.85     0  17:00        0.12
  HS1314268            JUNCTION     0.08     0.09    19.16     0  17:02        0.09
  HS1314475            JUNCTION     0.03     0.08    18.10     0  16:53        0.08
  HS1314992            JUNCTION     0.34     0.41    18.11     0  16:52        0.41
  HS1316010            JUNCTION     0.03     0.04    21.77     0  17:00        0.04
  HS1316014            JUNCTION     0.02     0.02    21.88     0  16:01        0.02
  HS1316037            JUNCTION     0.01     0.02    21.47     0  16:04        0.02
  HS1316045            JUNCTION     0.08     0.09    20.21     0  11:00        0.09
  HS1316177            JUNCTION     0.11     0.14    18.44     0  16:15        0.14
  HS1316202            JUNCTION     0.12     0.16    18.36     0  16:20        0.16
  HS1316207            JUNCTION     0.16     0.20    18.33     0  16:21        0.20
  HS1316267            JUNCTION     0.11     0.14    19.28     0  16:08        0.14
  HS1316302            JUNCTION     0.07     0.09    21.62     0  16:01        0.09
  HS1316321            JUNCTION     0.06     0.08    22.40     0  16:00        0.08
  HS1316332            JUNCTION     0.01     0.02    22.80     0  16:00        0.02
  HS1316334            JUNCTION     0.01     0.01    22.89     0  16:01        0.01
  HS1316344            JUNCTION     0.09     0.11    19.88     0  09:03        0.11
  HS1316357            JUNCTION     0.10     0.11    19.84     0  09:01        0.11
  HS1316368            JUNCTION     0.06     0.07    19.75     0  09:01        0.07
  HS1316381            JUNCTION     0.02     0.03    20.45     0  16:00        0.03
  HS1316393            JUNCTION     0.00     0.00    20.36     0  00:00        0.00
  HS1316396            JUNCTION     0.00     0.00    20.39     0  00:00        0.00
  HS1316410            JUNCTION     0.02     0.03    20.38     0  17:00        0.03
  HS1316415            JUNCTION     0.07     0.09    20.29     0  15:02        0.09
  HS1316417            JUNCTION     0.55     0.56    19.75     0  14:02        0.56
  HS1316445            JUNCTION     0.03     0.04    19.78     0  15:04        0.04
  HS1316467            JUNCTION     0.06     0.08    21.44     0  16:02        0.08
  HS1316505            JUNCTION     0.17     0.23    18.17     0  16:38        0.23
  HS1316530            JUNCTION     0.15     0.19    18.30     0  16:22        0.19
  HS1316532            JUNCTION     0.03     0.03    18.75     0  16:21        0.03
  HS1316554            JUNCTION     0.14     0.18    19.26     0  16:25        0.18
  HS1316563            JUNCTION     0.23     0.26    19.35     0  16:21        0.26
  HS1316566            JUNCTION     0.08     0.09    19.46     0  17:00        0.09
  HS1316585            JUNCTION     0.07     0.09    20.12     0  17:00        0.09
  HS1316637            JUNCTION     0.05     0.07    21.82     0  16:05        0.07
  HS1316643            JUNCTION     0.04     0.06    22.19     0  16:03        0.06
  HS1316671            JUNCTION     0.06     0.08    23.06     0  16:01        0.08
  HS1316676            JUNCTION     0.03     0.04    22.41     0  17:02        0.04
  HS1316677            JUNCTION     0.05     0.06    22.30     0  17:04        0.06
  HS1316688            JUNCTION     0.03     0.03    21.81     0  17:04        0.03
  HS1316694            JUNCTION     0.18     0.22    19.86     0  17:03        0.22
  HS1316707            JUNCTION     0.04     0.05    21.73     0  16:02        0.05
  HS1316717            JUNCTION     0.05     0.06    20.66     0  16:04        0.06
  HS1316718            JUNCTION     0.05     0.06    20.55     0  16:04        0.06
  HS1316721            JUNCTION     0.10     0.11    20.50     0  10:03        0.11
  HS1316726            JUNCTION     0.08     0.11    20.39     0  09:01        0.11
  HS1316786            JUNCTION     0.08     0.10    20.32     0  16:14        0.10
  HS1316811            JUNCTION     0.05     0.06    22.04     0  07:06        0.06
  HS1316814            JUNCTION     0.04     0.05    23.00     0  16:00        0.05
  HS1316835            JUNCTION     0.05     0.06    22.47     0  10:01        0.06
  HS1316849            JUNCTION     0.05     0.06    22.18     0  16:01        0.06
  HS1316865            JUNCTION     0.03     0.03    22.09     0  16:03        0.03
  HS1316868            JUNCTION     0.03     0.03    22.34     0  16:03        0.03
  HS1316892            JUNCTION     0.05     0.07    22.65     0  16:04        0.07
  HS1317102            JUNCTION     0.00     0.00    20.62     0  00:00        0.00
  HS1318293            JUNCTION     0.06     0.08    19.63     0  16:29        0.08
  HS1318328            JUNCTION     0.05     0.07    20.29     0  16:15        0.07
  HS1318412            JUNCTION     0.03     0.04    21.72     0  17:02        0.04
  HS1324399            JUNCTION     0.10     0.12    19.93     0  17:02        0.12
  HS1324403            JUNCTION     0.18     0.22    20.22     0  17:01        0.22
  HS1330826            JUNCTION     0.26     0.29    19.64     0  16:01        0.29
  HS1330834            JUNCTION     0.04     0.06    19.46     0  16:04        0.06
  HS1330842            JUNCTION     0.06     0.08    19.39     0  16:03        0.08
  HS1330861            JUNCTION     0.01     0.02    18.67     0  16:04        0.02
  HS1344037            JUNCTION     0.01     0.03    21.12     0  17:01        0.03
  HS1344159            JUNCTION     0.08     0.10    18.51     0  16:21        0.10
  HS1344166            JUNCTION     0.15     0.19    20.35     0  17:04        0.19
  HS1344187            JUNCTION     0.05     0.06    19.93     0  16:09        0.06
  HS1344261            JUNCTION     0.03     0.04    21.65     0  16:00        0.04
  HS1344263            JUNCTION     0.06     0.08    20.63     0  17:05        0.08
  HS1344319            JUNCTION     0.09     0.11    22.65     0  16:04        0.11
  HS1344902            JUNCTION     0.06     0.08    23.27     0  17:01        0.08
  HS1344915            JUNCTION     0.08     0.10    21.00     0  16:01        0.10
  HS1344920            JUNCTION     0.03     0.04    21.21     0  17:00        0.04
  HS1344978            JUNCTION     0.04     0.05    20.89     0  16:03        0.05
  HS2003070            JUNCTION     0.13     0.15    18.55     0  17:11        0.15
  HS2003072            JUNCTION     0.10     0.13    18.43     0  16:20        0.13
  HS2003083            JUNCTION     0.03     0.05    18.45     0  17:09        0.05
  HS2003085            JUNCTION     0.16     0.18    18.55     0  17:10        0.18
  HS2003086            JUNCTION     0.04     0.05    18.49     0  17:07        0.05
  HS2003093            JUNCTION     0.08     0.10    18.56     0  17:08        0.10
  HS2003095            JUNCTION     0.06     0.08    18.57     0  17:07        0.08
  HS2003109            JUNCTION     0.01     0.01    18.60     0  16:17        0.01
  HS2003111            JUNCTION     0.10     0.11    18.63     0  17:04        0.11
  HS2003113            JUNCTION     0.04     0.05    18.59     0  17:06        0.05
  HS2003125            JUNCTION     0.01     0.02    18.69     0  13:06        0.02
  HS2003142            JUNCTION     0.01     0.02    18.74     0  16:10        0.02
  HS2003144            JUNCTION     0.05     0.05    18.79     0  16:02        0.05
  MH0100330            JUNCTION     0.05     0.07    19.89     0  16:12        0.07
  MH0100334            JUNCTION     0.05     0.07    19.98     0  16:08        0.07
  MH0101923            JUNCTION     0.05     0.07    19.91     0  16:11        0.07
  MH0103033            JUNCTION     0.02     0.03    22.04     0  07:06        0.03
  MH0200659            JUNCTION     0.02     0.02    19.99     0  14:42        0.02
  MH0200661            JUNCTION     0.02     0.02    20.19     0  14:19        0.02
  MH0201597            JUNCTION     0.15     0.20    19.67     0  16:54        0.20
  MH0201629            JUNCTION     0.02     0.03    19.90     0  16:01        0.03
  MH0201710            JUNCTION     0.05     0.09    19.68     0  17:00        0.09
  MH0241587            JUNCTION     0.23     0.24    20.47     0  16:06        0.24
  MH0241590            JUNCTION     0.05     0.06    19.95     0  16:08        0.06
  MH0241603            JUNCTION     0.01     0.01    19.89     0  17:05        0.01
  MH0241642            JUNCTION     0.01     0.01    20.56     0  16:02        0.01
  MH0242298            JUNCTION     0.08     0.11    19.00     0  17:00        0.11
  MH0242303            JUNCTION     0.07     0.09    18.72     0  17:02        0.09
  MH0242782            JUNCTION     0.05     0.06    22.59     0  08:03        0.06
  MH0258475            JUNCTION     0.04     0.06    23.17     0  17:01        0.06
  VP0232532            JUNCTION     0.05     0.05    20.20     0  17:41        0.05
  YS2003067            JUNCTION     0.35     0.36    18.55     0  17:11        0.36
  MH0100819            OUTFALL      0.14     0.19    17.43     0  16:57        0.19
  1                    OUTFALL      0.26     0.30    17.80     0  16:53        0.30
  HS1314512            STORAGE      0.45     0.51    18.10     0  16:53        0.51
  HS1314477            STORAGE      0.50     0.56    18.10     0  16:53        0.56
  HS2003013            STORAGE      0.19     0.25    18.10     0  16:52        0.25
  HS1314769            STORAGE      0.25     0.32    18.10     0  16:53        0.32
  HS1314505            STORAGE      0.37     0.44    18.10     0  16:53        0.44
  HS2003015            STORAGE      0.04     0.05    18.14     0  16:54        0.05
  HS2003020            STORAGE      0.06     0.08    18.25     0  16:25        0.08
  HS2003023            STORAGE      0.11     0.13    18.30     0  17:14        0.13
  HS2003028            STORAGE      0.10     0.13    18.27     0  16:26        0.13
  HS2003029            STORAGE      0.04     0.06    18.32     0  16:25        0.06
  HS2003046            STORAGE      0.10     0.13    18.45     0  17:10        0.13
  HS1306904            STORAGE      0.12     0.15    18.45     0  16:32        0.15
  HS1306618            STORAGE      0.04     0.05    18.58     0  16:35        0.05
  HS1313402            STORAGE      0.06     0.07    18.91     0  16:19        0.07
  MH0101924            STORAGE      0.04     0.06    19.76     0  16:15        0.06
  MH0100292            STORAGE      0.10     0.12    19.88     0  16:14        0.12
  HS2003014            STORAGE      0.15     0.20    17.84     0  16:57        0.20
  
  
  *******************
  Node Inflow Summary
  *******************
  
  -------------------------------------------------------------------------------------------------
                                  Maximum  Maximum                  Lateral       Total        Flow
                                  Lateral    Total  Time of Max      Inflow      Inflow     Balance
                                   Inflow   Inflow   Occurrence      Volume      Volume       Error
  Node                 Type           LPS      LPS  days hr:min    10^6 ltr    10^6 ltr     Percent
  -------------------------------------------------------------------------------------------------
  HS1306447            JUNCTION      0.00     3.21     0  18:00           0       0.357       0.021
  HS1306449            JUNCTION      0.00     3.21     0  18:00           0       0.357       0.152
  HS1306461            JUNCTION      0.00     3.20     0  18:02           0       0.357       0.038
  HS1306471            JUNCTION      3.21     3.21     0  18:00       0.166       0.358       0.025
  HS1306554            JUNCTION     20.15    56.48     0  16:25       0.986        5.63       0.307
  HS1306571            JUNCTION     17.38   176.93     0  17:00       0.944        19.8       0.202
  HS1306601            JUNCTION      6.32   223.52     0  16:28       0.365          25       0.159
  HS1306611            JUNCTION      0.00   190.13     0  16:33           0        21.7       0.116
  HS1308259            JUNCTION      1.65    19.51     0  09:01      0.0953        2.05       0.146
  HS1308282            JUNCTION      0.00   331.92     0  16:30           0        39.2       0.060
  HS1308301            JUNCTION      0.00    17.78     0  16:23           0        1.91       0.274
  HS1308302            JUNCTION      7.58    24.41     0  16:34        0.39        2.65       0.112
  HS1308324            JUNCTION     12.74   332.61     0  16:27       0.674        39.2       0.036
  HS1311200            JUNCTION      0.02     2.00     0  14:04    0.000921       0.228       0.020
  HS1311204            JUNCTION      0.00     4.31     0  16:02           0       0.538       0.043
  HS1311269            JUNCTION      0.08     1.99     0  14:02     0.00457       0.227       0.142
  HS1311284            JUNCTION      1.50     1.95     0  14:00      0.0803       0.219       0.397
  HS1311288            JUNCTION      0.58     0.58     0  17:00      0.0317      0.0608       0.373
  HS1311339            JUNCTION      5.33     8.88     0  07:06       0.257           1       0.415
  HS1311349            JUNCTION      4.22     4.22     0  12:00       0.242        0.48       0.356
  HS1311380            JUNCTION      0.00     0.00     0  00:00           0           0       0.000 ltr
  HS1311392            JUNCTION      0.17     8.82     0  07:20     0.00771        1.01       0.182
  HS1311473            JUNCTION      2.66     2.66     0  20:00       0.157        0.31       0.024
  HS1311475            JUNCTION      2.50     2.50     0  17:00       0.134       0.242       0.106
  HS1311491            JUNCTION      0.19     2.60     0  17:04     0.00844       0.258       0.066
  HS1311887            JUNCTION     14.15    22.25     0  16:00       0.722        2.53       0.130
  HS1313001            JUNCTION      6.54    10.80     0  16:00       0.301        1.18       0.074
  HS1313016            JUNCTION      0.00    10.76     0  16:03           0        1.18       0.134
  HS1313025            JUNCTION      0.00    36.24     0  17:00           0        3.72       0.036
  HS1313026            JUNCTION     28.18    28.18     0  17:00        1.34        2.54       0.003
  HS1313037            JUNCTION      1.09    37.02     0  17:00      0.0574        3.82       0.041
  HS1313044            JUNCTION      0.04    89.47     0  17:00     0.00201        9.93       0.034
  HS1313045            JUNCTION      0.32    89.69     0  17:00      0.0165        9.96       0.012
  HS1313083            JUNCTION     35.72    37.60     0  17:00        1.99        4.36       0.317
  HS1313123            JUNCTION      2.59    39.27     0  17:29       0.117        4.61       0.306
  HS1313140            JUNCTION     13.55    13.55     0  17:00       0.781        1.52       0.018
  HS1313162            JUNCTION      0.66     0.66     0  16:00      0.0368      0.0785       0.313
  HS1313167            JUNCTION      0.00    29.64     0  17:01           0        2.76       0.166
  HS1313205            JUNCTION     17.34    91.92     0  17:04        0.94        10.7       0.187
  HS1313217            JUNCTION      0.00    12.03     0  17:06     0.00024        1.28       0.147
  HS1313220            JUNCTION     34.39    45.87     0  16:00        1.55        4.43       0.039
  HS1313240            JUNCTION     14.11    29.28     0  17:00       0.647        2.69       0.175
  HS1313252            JUNCTION      0.68    15.41     0  17:05      0.0337         1.4       0.104
  HS1313253            JUNCTION      0.12    14.81     0  17:03     0.00667        1.35       0.208
  HS1313263            JUNCTION      1.81    14.74     0  17:02      0.0824        1.34       0.114
  HS1313283            JUNCTION     13.46    13.83     0  17:00       0.522        1.17       0.157
  HS1313290            JUNCTION     10.74    56.80     0  10:08       0.514        6.59       0.075
  HS1313298            JUNCTION      0.00    46.82     0  10:04           0        5.49       0.225
  HS1313300            JUNCTION      0.09    33.94     0  10:01     0.00448        3.63       0.057
  HS1313343            JUNCTION     15.45    16.46     0  21:00       0.845        1.88       0.468
  HS1313346            JUNCTION      1.26     1.26     0  16:00       0.066        0.12       0.046
  HS1313391            JUNCTION      0.00   104.05     0  17:04           0        12.3       0.161
  HS1313407            JUNCTION      0.90    25.25     0  16:13      0.0457        2.83       0.020
  HS1313411            JUNCTION      2.69    24.49     0  16:12       0.142        2.74       0.039
  HS1313415            JUNCTION      5.87    21.89     0  16:09       0.288        2.45       0.086
  HS1313447            JUNCTION      3.13    17.98     0  16:21       0.172        1.89       0.105
  HS1313471            JUNCTION      8.26     8.26     0  16:00       0.425       0.846       0.033
  HS1313487            JUNCTION      4.93    14.46     0  16:01        0.18        1.55       0.131
  HS1313508            JUNCTION      3.03     3.03     0  15:00       0.154        0.32      -0.002
  HS1313534            JUNCTION      1.91     1.91     0  12:00       0.101       0.233       0.154
  HS1313569            JUNCTION      1.19     1.19     0  07:00      0.0495       0.104       0.229
  HS1313572            JUNCTION      3.52     4.31     0  18:00       0.184       0.478       0.085
  HS1313587            JUNCTION      0.00     4.31     0  18:01           0       0.477       0.047
  HS1313591            JUNCTION      0.03     4.33     0  18:02     0.00123       0.479       0.013
  HS1313597            JUNCTION      0.03    10.83     0  16:06     0.00151        1.15       0.056
  HS1313613            JUNCTION      4.95     4.95     0  16:00       0.239        0.48       0.020
  HS1313618            JUNCTION      6.27     6.27     0  17:00       0.342       0.698       0.057
  HS1313640            JUNCTION      0.00     8.16     0  17:01           0       0.863       0.132
  HS1313676            JUNCTION     30.91    34.00     0  10:00        1.45        3.62       0.043
  HS1313677            JUNCTION      0.01     7.47     0  17:00    0.000447       0.709       0.088
  HS1313700            JUNCTION      3.88    10.34     0  16:00       0.186        1.24       0.042
  HS1313709            JUNCTION      0.51     7.30     0  16:00      0.0239       0.864       0.015
  HS1313728            JUNCTION      0.04     3.57     0  16:00      0.0018       0.429       0.094
  HS1313730            JUNCTION      0.02     3.58     0  16:01     0.00093       0.431       0.010
  HS1313740            JUNCTION      3.19     3.19     0  16:00       0.158       0.335       0.026
  HS1313756            JUNCTION      0.00     3.19     0  16:01           0       0.336       0.784
  HS1313763            JUNCTION      2.29    14.23     0  16:09       0.126        1.52       0.026
  HS1313794            JUNCTION      0.00    70.71     0  16:18           0        8.02       0.125
  HS1313803            JUNCTION      3.89    56.50     0  16:17       0.199         6.5       0.104
  HS1313835            JUNCTION     19.97    98.01     0  16:14        1.01        11.6       0.131
  HS1313839            JUNCTION      6.78     6.78     0  17:00       0.312       0.618       0.342
  HS1313865            JUNCTION      4.39    14.64     0  16:04       0.216        1.61       0.365
  HS1313873            JUNCTION      0.29    14.88     0  16:06       0.015        1.64       0.051
  HS1313881            JUNCTION      0.46    11.00     0  16:01      0.0211        1.25       0.051
  HS1313913            JUNCTION      1.29     8.99     0  16:01       0.066        1.07       0.020
  HS1313924            JUNCTION      0.81     8.00     0  16:00      0.0378       0.943       0.037
  HS1313925            JUNCTION      3.45     3.45     0  08:00       0.169       0.338       0.051
  HS1313957            JUNCTION      0.00     4.43     0  16:00           0       0.471       0.214
  HS1313959            JUNCTION      0.00    13.51     0  08:08           0        1.58       0.043
  HS1313965            JUNCTION     10.09    10.09     0  09:00       0.593        1.11       0.030
  HS1313998            JUNCTION      0.00     1.93     0  17:00           0       0.166       0.191
  HS1314210            JUNCTION      6.08     6.08     0  14:00       0.311       0.633       0.095
  HS1314237            JUNCTION     34.56    39.57     0  17:00        1.97        4.56       0.086
  HS1314268            JUNCTION      1.26    40.33     0  17:01      0.0711        4.68       0.051
  HS1314475            JUNCTION      2.43     2.43     0  15:00       0.113       0.239       0.012
  HS1314992            JUNCTION      0.00   331.54     0  16:32           0        39.1       0.196
  HS1316010            JUNCTION      1.93     1.93     0  17:00      0.0859       0.166       0.037
  HS1316014            JUNCTION      0.97     0.97     0  16:00      0.0487       0.101       0.031
  HS1316037            JUNCTION      0.34     1.14     0  16:02      0.0158       0.133       0.058
  HS1316045            JUNCTION      7.39    19.93     0  11:00       0.418        2.37       0.069
  HS1316177            JUNCTION      0.00   145.91     0  16:13           0          17       0.107
  HS1316202            JUNCTION      0.00   155.76     0  16:16           0        18.1       0.087
  HS1316207            JUNCTION      0.00   259.52     0  16:19           0        30.3       0.038
  HS1316267            JUNCTION      6.47    61.20     0  16:03       0.306        6.71       0.265
  HS1316302            JUNCTION      0.00    30.07     0  16:00           0        3.08       0.086
  HS1316321            JUNCTION     24.40    25.75     0  16:00        1.23        2.65       0.046
  HS1316332            JUNCTION      1.15     1.36     0  16:00      0.0556       0.128       0.050
  HS1316334            JUNCTION      0.21     0.21     0  16:00      0.0117      0.0238       0.044
  HS1316344            JUNCTION      0.64    20.49     0  09:01      0.0375        2.45       0.118
  HS1316357            JUNCTION      1.78    22.13     0  09:00       0.103        2.65       0.043
  HS1316368            JUNCTION      0.80    22.84     0  09:01      0.0413        2.74       0.022
  HS1316381            JUNCTION      3.97     3.97     0  16:00       0.169       0.332       0.013
  HS1316393            JUNCTION      0.00     0.00     0  00:00           0           0       0.000 ltr
  HS1316396            JUNCTION      0.00     0.00     0  00:00           0           0       0.000 ltr
  HS1316410            JUNCTION      5.46     5.46     0  17:00       0.262       0.504       0.003
  HS1316415            JUNCTION     10.16    10.16     0  15:00       0.498       0.951       0.116
  HS1316417            JUNCTION     14.09    14.09     0  14:00       0.702        1.58       0.151
  HS1316445            JUNCTION      1.57    11.51     0  15:02       0.086        1.13       0.064
  HS1316467            JUNCTION     14.92    25.40     0  16:00        0.71        2.96       0.038
  HS1316505            JUNCTION      0.00   284.96     0  16:22           0        33.1       0.096
  HS1316530            JUNCTION     25.94   284.99     0  16:21        1.36        33.1       0.071
  HS1316532            JUNCTION      0.26   103.91     0  16:21      0.0137        12.3       0.016
  HS1316554            JUNCTION      0.00    74.62     0  16:22           0        8.63       0.089
  HS1316563            JUNCTION      0.00    74.63     0  16:17           0        8.64       0.192
  HS1316566            JUNCTION      6.58    45.89     0  17:00       0.358        5.18       0.036
  HS1316585            JUNCTION      0.00    39.52     0  17:00           0        4.47       0.121
  HS1316637            JUNCTION      2.28    21.52     0  16:03       0.107        2.11       0.062
  HS1316643            JUNCTION      0.12    19.85     0  16:01     0.00523        1.89       0.056
  HS1316671            JUNCTION     16.04    16.04     0  16:00       0.714        1.49       0.079
  HS1316676            JUNCTION      0.16     9.98     0  17:01     0.00821       0.835       0.031
  HS1316677            JUNCTION      3.44     7.74     0  17:02       0.171       0.808       0.032
  HS1316688            JUNCTION      0.00     7.74     0  17:04           0       0.808       0.018
  HS1316694            JUNCTION      2.22    97.40     0  17:02       0.106        10.8       0.032
  HS1316707            JUNCTION      1.21    11.34     0  16:01      0.0656        1.33       0.090
  HS1316717            JUNCTION      2.90    12.73     0  16:03       0.148        1.55       0.007
  HS1316718            JUNCTION      0.38    13.03     0  16:03      0.0242         1.6       0.007
  HS1316721            JUNCTION      1.37    23.20     0  10:00      0.0654        2.92       0.124
  HS1316726            JUNCTION     18.28    18.28     0  09:00       0.909        1.87       0.138
  HS1316786            JUNCTION      7.77    29.18     0  16:13       0.343        3.64       0.052
  HS1316811            JUNCTION      7.71    10.33     0  07:01       0.385        1.18       0.181
  HS1316814            JUNCTION      5.52     5.52     0  16:00       0.303       0.587       0.028
  HS1316835            JUNCTION      3.18     8.16     0  10:00        0.17       0.942       0.045
  HS1316849            JUNCTION      2.90    10.44     0  16:00       0.121         1.2       0.047
  HS1316865            JUNCTION      0.00     5.12     0  16:03           0        0.59       0.016
  HS1316868            JUNCTION      1.23     5.12     0  16:01      0.0731       0.591       0.057
  HS1316892            JUNCTION      3.88     4.10     0  16:00       0.185       0.431       0.175
  HS1317102            JUNCTION      0.00     0.00     0  00:00           0           0       0.000 ltr
  HS1318293            JUNCTION      8.88   155.43     0  16:26       0.453        18.4       0.140
  HS1318328            JUNCTION      0.13    14.56     0  16:06     0.00728        1.56       0.031
  HS1318412            JUNCTION      0.00     1.92     0  17:01           0       0.165       0.069
  HS1324399            JUNCTION      0.00    95.22     0  17:02           0        10.6       0.023
  HS1324403            JUNCTION      5.58    95.24     0  17:00       0.314        10.6       0.075
  HS1330826            JUNCTION      6.99     6.99     0  16:00       0.306       0.591       0.169
  HS1330834            JUNCTION      0.31     7.19     0  16:01      0.0155       0.621       0.098
  HS1330842            JUNCTION      8.31    14.87     0  16:02       0.425        1.48       0.064
  HS1330861            JUNCTION      0.15    14.99     0  16:04     0.00857        1.49       0.016
  HS1344037            JUNCTION      0.54     0.54     0  09:00      0.0275      0.0552       0.372
  HS1344159            JUNCTION      5.88    85.38     0  16:19       0.264        10.3       0.096
  HS1344166            JUNCTION      2.62     2.62     0  11:00       0.153       0.328       0.000
  HS1344187            JUNCTION      0.00    12.06     0  16:09           0        1.29       0.007
  HS1344261            JUNCTION      4.34     4.34     0  16:00       0.216       0.428       0.016
  HS1344263            JUNCTION      7.60    20.28     0  17:00       0.422        2.36       0.069
  HS1344319            JUNCTION      0.22     0.22     0  16:00      0.0107      0.0216       0.726
  HS1344902            JUNCTION      9.92     9.92     0  17:00       0.424       0.819       0.040
  HS1344915            JUNCTION      1.58    10.55     0  16:00      0.0646         1.2       0.045
  HS1344920            JUNCTION      7.47     7.47     0  17:00        0.38       0.708       0.020
  HS1344978            JUNCTION      0.02    10.57     0  16:03    0.000935        1.25       0.021
  HS2003070            JUNCTION      1.95    33.10     0  17:09      0.0915        4.03       0.109
  HS2003072            JUNCTION      3.01    33.23     0  16:10       0.135         3.6       0.548
  HS2003083            JUNCTION      0.76    17.23     0  17:07      0.0296        1.83       0.118
  HS2003085            JUNCTION      0.33    30.87     0  17:06      0.0174        3.83       0.372
  HS2003086            JUNCTION      2.14    16.50     0  17:04       0.104        1.77       0.186
  HS2003093            JUNCTION      1.39    30.61     0  17:05      0.0718         3.8       0.075
  HS2003095            JUNCTION      0.78    29.48     0  17:04      0.0363        3.64       0.064
  HS2003109            JUNCTION      0.00     1.73     0  16:12           0         0.2       0.354
  HS2003111            JUNCTION      0.00    41.77     0  17:02           0        4.95       0.185
  HS2003113            JUNCTION      0.00    14.44     0  17:03           0        1.59       0.179
  HS2003125            JUNCTION      2.69     2.69     0  13:00       0.143       0.277       0.158
  HS2003142            JUNCTION      1.75     1.77     0  16:00      0.0964       0.201       0.903
  HS2003144            JUNCTION      0.02     0.02     0  16:00     0.00144     0.00287       3.727
  MH0100330            JUNCTION      1.25    33.69     0  16:11      0.0647        3.89       0.036
  MH0100334            JUNCTION      0.00    33.13     0  16:03           0        3.78       0.228
  MH0101923            JUNCTION      0.00    33.00     0  16:09     0.00021        3.77       0.063
  MH0103033            JUNCTION      0.57     0.57     0  17:00      0.0303      0.0572       0.442
  MH0200659            JUNCTION      0.67     6.04     0  14:31      0.0356       0.666       0.408
  MH0200661            JUNCTION      3.51     5.63     0  14:00       0.162       0.598       0.534
  MH0201597            JUNCTION      0.00    38.72     0  17:00           0        3.86       0.838
  MH0201629            JUNCTION     12.51    12.51     0  16:00       0.576        1.18       0.000
  MH0201710            JUNCTION     23.75    29.14     0  17:00        1.11        2.69       0.192
  MH0241587            JUNCTION      1.76    11.71     0  17:01      0.0962        1.23       0.724
  MH0241590            JUNCTION      0.13    14.97     0  16:08     0.00694        1.65       0.009
  MH0241603            JUNCTION      0.09     1.95     0  17:04     0.00432       0.241       0.028
  MH0241642            JUNCTION      0.01    11.00     0  16:02    0.000242        1.25       0.006
  MH0242298            JUNCTION     22.63    22.63     0  17:00        1.07        1.98       0.015
  MH0242303            JUNCTION     10.19    28.81     0  17:00       0.532        2.97       0.028
  MH0242782            JUNCTION     10.84    14.20     0  08:00       0.487        1.49       0.061
  MH0258475            JUNCTION      5.09     5.09     0  17:00       0.239        0.46       0.157
  VP0232532            JUNCTION      0.00     2.60     0  17:06           0       0.259       3.427
  YS2003067            JUNCTION      0.58    31.20     0  17:08      0.0289        3.87       0.554
  MH0100819            OUTFALL       0.00   522.52     0  16:57           0        56.3       0.000
  1                    OUTFALL       0.00   294.91     0  16:53           0        37.3       0.000
  HS1314512            STORAGE      14.54    52.13     0  16:24       0.767         4.9       3.656
  HS1314477            STORAGE       0.00   332.66     0  16:36           0        40.2       0.574
  HS2003013            STORAGE       0.00   522.37     0  16:48           0        56.6       0.128
  HS1314769            STORAGE       6.44    84.51     0  17:03       0.338        7.27       0.657
  HS1314505            STORAGE       0.00    78.03     0  17:00           0        7.13       2.251
  HS2003015            STORAGE       0.16    98.78     0  16:53     0.00824        10.9       0.063
  HS2003020            STORAGE       0.05    33.36     0  16:27     0.00284         3.6       0.116
  HS2003023            STORAGE       0.07    65.79     0  17:10     0.00313        7.27       0.183
  HS2003028            STORAGE       0.15    33.31     0  16:25     0.00636         3.6       0.150
  HS2003029            STORAGE       0.06    33.20     0  16:21     0.00326        3.59       0.183
  HS2003046            STORAGE       0.00    65.75     0  17:07           0        7.28       0.213
  HS1306904            STORAGE      28.02   341.88     0  16:28        1.41        38.9       0.175
  HS1306618            STORAGE       0.00   190.12     0  16:34           0        21.6       0.024
  HS1313402            STORAGE      17.72   180.40     0  16:16       0.804        20.7       0.130
  MH0101924            STORAGE       7.73    59.57     0  16:13       0.412        6.82       0.101
  MH0100292            STORAGE       2.82    52.08     0  16:12       0.143        6.05       0.113
  HS2003014            STORAGE       0.65   522.70     0  16:51      0.0321        56.4      -0.002
  
  
  **********************
  Node Surcharge Summary
  **********************
  
  No nodes were surcharged.
  
  
  *********************
  Node Flooding Summary
  *********************
  
  No nodes were flooded.
  
  
  **********************
  Storage Volume Summary
  **********************
  
  ------------------------------------------------------------------------------------------------
                         Average    Avg   Evap  Exfil     Maximum    Max    Time of Max    Maximum
                          Volume   Pcnt   Pcnt   Pcnt      Volume   Pcnt     Occurrence    Outflow
  Storage Unit           1000 m³   Full   Loss   Loss     1000 m³   Full    days hr:min        LPS
  ------------------------------------------------------------------------------------------------
  HS1314512                0.001   14.9    0.0    0.0       0.001   17.1       0  16:53      50.50
  HS1314477                0.001   17.4    0.0    0.0       0.001   19.8       0  16:53     331.78
  HS2003013                0.000    6.1    0.0    0.0       0.001    8.3       0  16:52     522.26
  HS1314769                0.001    8.2    0.0    0.0       0.001   10.3       0  16:53      84.88
  HS1314505                0.001   12.0    0.0    0.0       0.001   14.1       0  16:53      78.35
  HS2003015                0.000    1.5    0.0    0.0       0.000    2.0       0  16:54      98.78
  HS2003020                0.000    2.1    0.0    0.0       0.000    2.8       0  16:25      33.38
  HS2003023                0.000    4.3    0.0    0.0       0.000    5.1       0  17:14      65.77
  HS2003028                0.000    3.8    0.0    0.0       0.000    4.7       0  16:26      33.31
  HS2003029                0.000    1.8    0.0    0.0       0.000    2.3       0  16:25      33.19
  HS2003046                0.000    4.2    0.0    0.0       0.000    5.5       0  17:10      65.73
  HS1306904                0.000    3.8    0.0    0.0       0.000    4.9       0  16:32     341.76
  HS1306618                0.000    1.3    0.0    0.0       0.000    1.6       0  16:35     190.12
  HS1313402                0.000    1.8    0.0    0.0       0.000    2.4       0  16:19     180.34
  MH0101924                0.000    2.0    0.0    0.0       0.000    2.5       0  16:15      59.54
  MH0100292                0.000    4.3    0.0    0.0       0.000    5.2       0  16:14      52.07
  HS2003014                0.148    5.3    0.0    0.0       0.201    7.3       0  16:57     522.52
  
  
  ***********************
  Outfall Loading Summary
  ***********************
  
  -----------------------------------------------------------------------------------------------------------------------------------------------------------------------------------------
                         Flow       Avg       Max       Total         Total         Total         Total         Total         Total         Total         Total         Total         Total
                         Freq      Flow      Flow      Volume          BODf          BODs           NH4           NO3            DO          TSSs          TSSn         TR_in         TR_ww
  Outfall Node           Pcnt       LPS       LPS    10^6 ltr            kg            kg            kg            kg            kg            kg            kg            kg            kg
  -----------------------------------------------------------------------------------------------------------------------------------------------------------------------------------------
  MH0100819            100.00    340.67    522.52      56.310       160.719       479.952         0.000        16.931        38.701       945.233         0.000         0.000         0.000
  1                    100.00    223.78    294.91      37.269      3714.016       934.456       536.863        11.070        29.376      3073.771         0.000         0.000         0.000
  -----------------------------------------------------------------------------------------------------------------------------------------------------------------------------------------
  System               100.00    564.45    817.41      93.578      3874.736      1414.408       536.863        28.001        68.077      4019.004         0.000         0.000         0.000
  
  
  ********************
  Link Flow Summary
  ********************
  
  -----------------------------------------------------------------------------
                                 Maximum  Time of Max   Maximum    Max/    Max/
                                  |Flow|   Occurrence   |Veloc|    Full    Full
  Link                 Type          LPS  days hr:min     m/sec    Flow   Depth
  -----------------------------------------------------------------------------
  HS1306447.1          CONDUIT      3.21     0  18:00      0.35    0.01    0.09
  HS1306449.1          CONDUIT      3.20     0  18:02      0.37    0.02    0.09
  HS1306461.1          CONDUIT      3.20     0  18:03      0.43    0.00    0.08
  HS1306471.1          CONDUIT      3.21     0  18:00      0.60    0.01    0.06
  HS1306554.1          CONDUIT     38.81     0  17:03      0.29    0.08    0.23
  HS1306554.2          CONDUIT     56.52     0  16:32      0.56    0.10    0.19
  HS1306571.1          CONDUIT    176.83     0  17:01      0.58    0.01    0.05
  HS1306601.1          CONDUIT     33.31     0  16:32      0.48    0.02    0.09
  HS1306601.2          CONDUIT    190.13     0  16:33      0.52    0.02    0.05
  HS1306611.1          CONDUIT    190.12     0  16:34      0.76    0.01    0.04
  HS1306618.1          CONDUIT    190.12     0  16:35      0.65    0.00    0.04
  HS1306904.1          CONDUIT      0.00     0  00:00      0.00    0.00    0.05
  HS1306904.2          CONDUIT    341.76     0  16:32      0.57    0.02    0.09
  HS1308259.1          CONDUIT     19.38     0  09:04      0.93    0.01    0.06
  HS1308282.1          CONDUIT    331.54     0  16:32      0.36    0.04    0.20
  HS1308301.1          CONDUIT     17.73     0  16:32      0.32    0.01    0.06
  HS1308302.1          CONDUIT     24.39     0  16:40      0.30    0.01    0.09
  HS1308324.1          CONDUIT    331.92     0  16:30      0.49    0.02    0.15
  HS1311200.1          CONDUIT      2.00     0  14:05      0.36    0.00    0.02
  HS1311204.1          CONDUIT      4.31     0  16:04      0.24    0.00    0.04
  HS1311269.1          CONDUIT      1.99     0  14:04      0.55    0.00    0.04
  HS1311284.1          CONDUIT      1.94     0  14:01      0.21    0.00    0.05
  HS1311288.1          CONDUIT      0.58     0  17:01      0.10    0.00    0.07
  HS1311339.1          CONDUIT      8.75     0  07:20      0.57    0.03    0.10
  HS1311349.2          CONDUIT      4.14     0  12:06      0.25    0.01    0.08
  HS1311380.1          CONDUIT      0.00     0  00:00      0.00    0.00    0.01
  HS1311392.1          CONDUIT      8.81     0  07:24      0.65    0.00    0.03
  HS1311473.1          CONDUIT      2.65     0  20:00      0.57    0.00    0.05
  HS1311475.1          CONDUIT      2.49     0  17:03      0.55    0.01    0.04
  HS1311491.1          CONDUIT      2.60     0  17:06      0.27    0.00    0.04
  HS1311887.1          CONDUIT     22.14     0  16:04      0.30    0.01    0.05
  HS1313001.1          CONDUIT     10.76     0  16:03      0.33    0.01    0.07
  HS1313016.1          CONDUIT     10.70     0  16:06      0.25    0.01    0.08
  HS1313025.1          CONDUIT     36.22     0  17:00      0.54    0.02    0.11
  HS1313026.1          CONDUIT     28.18     0  17:00      0.99    0.06    0.20
  HS1313037.1          CONDUIT     37.00     0  17:01      0.41    0.02    0.11
  HS1313044.1          CONDUIT     13.54     0  17:00      0.20    0.04    0.23
  HS1313044.2          CONDUIT     89.42     0  17:00      1.00    0.05    0.11
  HS1313045.1          CONDUIT     89.68     0  17:00      0.26    0.02    0.15
  HS1313083.1          CONDUIT     37.50     0  17:02      0.26    0.22    0.33
  HS1313083.2          CONDUIT      2.93     0  11:01      0.04    0.01    0.29
  HS1313123.1          CONDUIT     39.40     0  17:31      0.36    0.13    0.28
  HS1313140.1          CONDUIT      0.00     0  00:00      0.00    0.00    0.01
  HS1313162.1          CONDUIT      0.66     0  17:19      0.11    0.00    0.05
  HS1313167.1          CONDUIT     29.52     0  17:04      0.48    0.02    0.07
  HS1313205.1          CONDUIT     12.02     0  17:06      0.28    0.00    0.08
  HS1313205.2          CONDUIT     79.77     0  17:06      0.38    0.01    0.05
  HS1313217.1          CONDUIT     12.20     0  17:00      0.24    0.01    0.14
  HS1313220.1          CONDUIT     45.86     0  16:02      0.54    0.03    0.11
  HS1313240.1          CONDUIT     29.09     0  17:01      0.49    0.03    0.07
  HS1313252.1          CONDUIT     15.39     0  17:05      0.43    0.02    0.09
  HS1313253.1          CONDUIT     14.75     0  17:05      0.11    0.02    0.15
  HS1313263.1          CONDUIT     14.71     0  17:03      0.33    0.01    0.11
  HS1313283.1          CONDUIT     13.76     0  17:02      0.60    0.02    0.09
  HS1313290.1          CONDUIT     56.77     0  10:09      0.41    0.02    0.06
  HS1313298.1          CONDUIT     46.50     0  10:08      0.36    0.01    0.06
  HS1313300.1          CONDUIT     33.88     0  10:02      1.12    0.15    0.16
  HS1313343.1          CONDUIT     16.29     0  21:01      0.19    0.01    0.04
  HS1313346.1          CONDUIT      1.26     0  16:01      0.18    0.00    0.03
  HS1313391.1          CONDUIT    103.99     0  16:48      0.49    0.02    0.05
  HS1313402.1          CONDUIT     52.79     0  16:19      0.36    0.01    0.04
  HS1313402.2          CONDUIT    127.55     0  16:19      0.38    0.01    0.05
  HS1313407.1          CONDUIT     25.25     0  16:14      1.24    0.01    0.08
  HS1313411.1          CONDUIT     24.49     0  16:13      0.97    0.06    0.14
  HS1313415.1          CONDUIT     10.93     0  16:12      0.34    0.06    0.17
  HS1313415.2          CONDUIT     10.93     0  16:12      0.34    0.06    0.17
  HS1313447.1          CONDUIT     17.32     0  16:12      0.30    0.33    0.26
  HS1313471.1          CONDUIT      8.24     0  16:00      0.32    0.02    0.15
  HS1313487.1          CONDUIT     14.43     0  16:06      0.55    0.06    0.15
  HS1313508.1          CONDUIT      3.03     0  15:00      0.16    0.01    0.12
  HS1313534.1          CONDUIT      1.89     0  12:01      0.24    0.01    0.05
  HS1313569.1          CONDUIT      1.19     0  07:00      0.13    0.01    0.11
  HS1313572.1          CONDUIT      4.31     0  18:01      0.37    0.02    0.09
  HS1313587.1          CONDUIT      4.31     0  18:02      0.68    0.01    0.06
  HS1313591.1          CONDUIT      3.00     0  18:02      0.31    0.00    0.08
  HS1313591.2          CONDUIT      1.33     0  18:02      0.37    0.00    0.03
  HS1313597.1          CONDUIT     10.83     0  16:08      0.64    0.03    0.11
  HS1313613.1          CONDUIT      4.94     0  16:02      0.39    0.02    0.12
  HS1313618.1          CONDUIT      6.25     0  17:00      0.49    0.04    0.16
  HS1313640.1          CONDUIT      8.13     0  17:03      0.72    0.06    0.15
  HS1313676.1          CONDUIT     33.88     0  10:01      0.75    0.10    0.22
  HS1313677.1          CONDUIT      7.48     0  17:00      0.07    0.02    0.21
  HS1313700.1          CONDUIT      6.79     0  16:00      0.69    0.03    0.13
  HS1313700.2          CONDUIT      3.54     0  16:00      0.45    0.03    0.11
  HS1313709.1          CONDUIT      7.30     0  16:00      0.44    0.03    0.14
  HS1313728.1          CONDUIT      3.57     0  16:01      0.57    0.02    0.07
  HS1313730.1          CONDUIT      3.58     0  16:02      0.10    0.01    0.33
  HS1313740.1          CONDUIT      3.19     0  16:01      0.10    0.00    0.18
  HS1313756.1          CONDUIT      3.17     0  16:06      0.08    0.01    0.21
  HS1313763.1          CONDUIT     14.23     0  16:10      0.79    0.03    0.12
  HS1313794.1          CONDUIT     70.69     0  16:21      0.42    0.01    0.04
  HS1313803.1          CONDUIT     56.50     0  16:19      0.38    0.01    0.04
  HS1313835.1          CONDUIT     17.78     0  16:23      0.35    0.01    0.05
  HS1313835.2          CONDUIT     80.26     0  16:16      0.42    0.01    0.05
  HS1313839.1          CONDUIT      6.79     0  17:01      0.09    0.04    0.31
  HS1313865.1          CONDUIT     14.63     0  16:06      0.52    0.01    0.08
  HS1313873.1          CONDUIT     14.88     0  16:07      0.58    0.03    0.08
  HS1313881.1          CONDUIT     11.00     0  16:02      1.17    0.04    0.09
  HS1313913.1          CONDUIT      8.99     0  16:01      0.50    0.05    0.20
  HS1313924.1          CONDUIT      8.00     0  16:01      0.45    0.03    0.11
  HS1313925.1          CONDUIT      3.42     0  08:01      0.28    0.01    0.09
  HS1313957.1          CONDUIT      4.39     0  16:03      0.28    0.02    0.11
  HS1313959.1          CONDUIT     13.52     0  08:10      0.70    0.04    0.16
  HS1313965.1          CONDUIT     10.07     0  09:01      0.75    0.03    0.12
  HS1313998.1          CONDUIT      1.92     0  17:01      0.22    0.02    0.09
  HS1314210.1          CONDUIT      6.05     0  14:04      0.23    0.01    0.11
  HS1314237.1          CONDUIT     39.47     0  17:01      0.89    0.03    0.11
  HS1314268.1          CONDUIT     40.30     0  17:02      0.86    0.01    0.09
  HS1314475.1          CONDUIT      2.40     0  15:00      0.02    0.00    0.54
  HS1314505.1          CONDUIT     50.50     0  16:36      0.04    0.00    0.19
  HS1314769.1          CONDUIT     78.35     0  17:02      0.08    0.01    0.15
  HS1314992.1          CONDUIT    330.88     0  16:36      0.26    0.04    0.27
  HS1316010.1          CONDUIT      1.93     0  17:00      0.14    0.01    0.12
  HS1316014.1          CONDUIT      0.97     0  16:01      0.37    0.00    0.04
  HS1316037.1          CONDUIT      1.14     0  16:04      0.15    0.00    0.09
  HS1316045.1          CONDUIT     19.91     0  11:00      0.44    0.01    0.08
  HS1316177.1          CONDUIT    145.84     0  16:15      0.49    0.03    0.07
  HS1316202.1          CONDUIT    155.63     0  16:19      0.43    0.03    0.09
  HS1316207.1          CONDUIT    259.48     0  16:20      0.66    0.05    0.11
  HS1316267.1          CONDUIT     60.91     0  16:09      0.79    0.01    0.07
  HS1316302.1          CONDUIT     30.04     0  16:01      0.81    0.05    0.19
  HS1316321.1          CONDUIT     25.74     0  16:00      1.04    0.04    0.14
  HS1316332.1          CONDUIT      0.68     0  16:00      0.08    0.00    0.08
  HS1316332.2          CONDUIT      0.68     0  16:00      0.08    0.00    0.08
  HS1316334.1          CONDUIT      0.21     0  16:01      0.17    0.00    0.02
  HS1316344.1          CONDUIT     20.47     0  09:03      0.37    0.01    0.08
  HS1316357.1          CONDUIT     22.13     0  09:02      0.59    0.02    0.07
  HS1316368.1          CONDUIT     22.84     0  09:02      0.54    0.01    0.08
  HS1316381.1          CONDUIT      3.96     0  16:00      0.17    0.00    0.14
  HS1316393.1          CONDUIT      0.00     0  00:00      0.00    0.00    0.02
  HS1316396.1          CONDUIT      0.00     0  00:00      0.00    0.00    0.00
  HS1316410.1          CONDUIT      0.00     0  00:00      0.00    0.00    0.00
  HS1316410.2          CONDUIT      5.45     0  17:00      0.08    0.00    0.15
  HS1316415.1          CONDUIT     10.09     0  15:02      0.63    0.06    0.14
  HS1316417.1          CONDUIT     14.00     0  14:02      0.50    0.01    0.06
  HS1316445.1          CONDUIT     11.50     0  15:04      0.97    0.01    0.13
  HS1316467.1          CONDUIT     25.36     0  16:02      0.34    0.02    0.21
  HS1316467.2          CONDUIT      0.77     0  16:03      0.12    0.00    0.04
  HS1316505.1          CONDUIT    284.40     0  16:24      0.58    0.06    0.13
  HS1316530.1          CONDUIT    284.96     0  16:22      0.62    0.05    0.12
  HS1316532.1          CONDUIT    103.91     0  16:21      1.17    0.00    0.04
  HS1316554.1          CONDUIT     74.62     0  16:25      1.26    0.01    0.06
  HS1316563.1          CONDUIT     74.62     0  16:22      0.55    0.02    0.10
  HS1316566.1          CONDUIT     45.88     0  17:00      0.35    0.01    0.10
  HS1316585.1          CONDUIT     39.52     0  17:00      0.80    0.00    0.05
  HS1316637.1          CONDUIT     21.49     0  16:05      0.73    0.01    0.08
  HS1316643.1          CONDUIT     19.83     0  16:03      1.06    0.01    0.08
  HS1316671.1          CONDUIT     15.97     0  16:01      0.78    0.02    0.08
  HS1316676.1          CONDUIT      4.68     0  17:02      0.40    0.00    0.06
  HS1316677.1          CONDUIT      5.29     0  17:02      0.45    0.01    0.09
  HS1316677.2          CONDUIT      7.74     0  17:04      0.69    0.02    0.08
  HS1316688.1          CONDUIT      7.74     0  17:04      0.61    0.01    0.09
  HS1316694.1          CONDUIT     97.39     0  17:03      1.13    0.06    0.11
  HS1316707.1          CONDUIT     10.55     0  16:03      0.82    0.01    0.06
  HS1316717.1          CONDUIT     12.73     0  16:04      0.69    0.01    0.08
  HS1316718.1          CONDUIT     13.03     0  16:04      0.56    0.02    0.15
  HS1316721.1          CONDUIT     23.19     0  10:04      0.72    0.07    0.17
  HS1316726.1          CONDUIT     18.11     0  09:02      0.56    0.02    0.08
  HS1316786.1          CONDUIT     29.18     0  16:14      1.55    0.02    0.08
  HS1316811.1          CONDUIT     10.29     0  07:06      0.43    0.02    0.14
  HS1316814.1          CONDUIT      5.51     0  16:00      0.52    0.04    0.14
  HS1316835.1          CONDUIT      8.16     0  10:01      0.55    0.02    0.10
  HS1316849.1          CONDUIT     10.42     0  16:01      0.65    0.01    0.07
  HS1316865.1          CONDUIT      5.12     0  16:03      0.35    0.00    0.07
  HS1316868.1          CONDUIT      5.12     0  16:03      0.76    0.00    0.04
  HS1316892.1          CONDUIT      4.07     0  16:04      0.30    0.01    0.06
  HS1317102.1          CONDUIT      0.00     0  00:00      0.00    0.00    0.07
  HS1318293.1          CONDUIT     51.31     0  16:43      0.41    0.02    0.05
  HS1318293.2          CONDUIT    104.16     0  16:29      0.42    0.01    0.05
  HS1318328.1          CONDUIT     15.26     0  16:21      0.32    0.01    0.15
  HS1318412.1          CONDUIT      1.91     0  17:02      0.15    0.02    0.12
  HS1324399.1          CONDUIT     95.22     0  17:03      0.90    0.01    0.12
  HS1324403.1          CONDUIT     95.22     0  17:02      0.89    0.05    0.12
  HS1330826.1          CONDUIT      6.94     0  16:01      0.33    0.04    0.13
  HS1330834.1          CONDUIT      7.17     0  16:04      0.31    0.01    0.07
  HS1330842.1          CONDUIT     14.86     0  16:04      1.12    0.02    0.06
  HS1330861.1          CONDUIT     14.99     0  16:04      0.15    0.00    0.07
  HS1344037.1          CONDUIT      0.57     0  09:06      0.02    0.00    0.06
  HS1344159.1          CONDUIT     85.37     0  16:21      0.37    0.01    0.06
  HS1344187.1          CONDUIT     12.06     0  16:09      0.64    0.01    0.08
  HS1344261.1          CONDUIT      4.34     0  16:00      0.32    0.02    0.13
  HS1344263.1          CONDUIT     20.23     0  17:05      0.50    0.00    0.05
  HS1344319.1          CONDUIT      0.21     0  16:01      0.03    0.00    0.10
  HS1344902.1          CONDUIT      9.87     0  17:01      0.74    0.05    0.12
  HS1344915.1          CONDUIT     10.55     0  16:01      0.38    0.06    0.15
  HS1344920.1          CONDUIT      7.46     0  17:00      0.38    0.01    0.13
  HS1344978.1          CONDUIT     10.57     0  16:03      0.84    0.01    0.09
  HS2003013.1          CONDUIT     84.88     0  17:46      0.10    0.01    0.12
  HS2003015.1          CONDUIT     98.78     0  16:54      0.27    0.01    0.11
  HS2003020.1          CONDUIT     33.38     0  16:30      0.37    0.02    0.05
  HS2003023.1          CONDUIT     65.77     0  17:13      0.43    0.02    0.05
  HS2003028.1          CONDUIT     33.31     0  16:27      0.25    0.04    0.10
  HS2003029.1          CONDUIT     33.19     0  16:25      0.30    0.01    0.07
  HS2003046.1          CONDUIT     65.73     0  17:11      0.49    0.12    0.19
  HS2003070.1          CONDUIT     33.09     0  17:11      0.32    0.06    0.16
  HS2003072.1          CONDUIT     33.14     0  16:21      0.27    0.07    0.09
  HS2003083.1          CONDUIT     17.22     0  17:09      0.15    0.01    0.09
  HS2003085.1          CONDUIT     30.82     0  17:08      0.11    0.05    0.39
  HS2003086.1          CONDUIT     16.48     0  17:07      0.27    0.01    0.05
  HS2003093.1          CONDUIT     30.59     0  17:06      0.22    0.05    0.20
  HS2003095.1          CONDUIT     29.45     0  17:05      0.27    0.02    0.09
  HS2003109.1          CONDUIT      1.73     0  16:17      0.06    0.00    0.03
  HS2003111.1          CONDUIT     12.84     0  17:04      0.39    0.01    0.07
  HS2003111.2          CONDUIT     28.88     0  17:04      0.31    0.12    0.14
  HS2003113.1          CONDUIT     14.41     0  17:06      0.23    0.02    0.06
  HS2003125.1          CONDUIT      2.68     0  13:06      0.05    0.00    0.09
  HS2003142.1          CONDUIT      1.73     0  16:12      0.10    0.00    0.02
  HS2003144.1          CONDUIT      0.02     0  16:02      0.03    0.00    0.01
  MH0100292.1          CONDUIT     52.07     0  16:14      0.46    0.03    0.07
  MH0100330.1          CONDUIT     33.67     0  16:12      0.27    0.02    0.08
  MH0100334.1          CONDUIT     33.00     0  16:09      0.35    0.02    0.06
  MH0101923.1          CONDUIT     32.98     0  16:11      0.36    0.02    0.07
  MH0101924.1          CONDUIT     59.54     0  16:15      0.61    0.01    0.05
  MH0103033.1          CONDUIT      0.56     0  17:02      0.02    0.00    0.07
  MH0200659.1          CONDUIT      6.02     0  14:42      0.12    0.00    0.04
  MH0200661.1          CONDUIT      5.54     0  14:19      0.21    0.00    0.02
  MH0201597.1          CONDUIT     12.42     0  16:01      0.09    0.00    0.08
  MH0201710.1          CONDUIT     29.20     0  17:10      0.17    0.01    0.10
  MH0241587.1          CONDUIT     11.72     0  17:01      0.06    0.01    0.33
  MH0241590.1          CONDUIT     14.97     0  16:08      0.45    0.01    0.09
  MH0241603.1          CONDUIT      1.95     0  17:05      0.03    0.00    0.09
  MH0241642.1          CONDUIT     11.00     0  16:02      0.34    0.01    0.08
  MH0242298.1          CONDUIT     22.60     0  17:00      0.74    0.07    0.16
  MH0242303.1          CONDUIT     28.77     0  17:02      0.23    0.02    0.33
  MH0242782.1          CONDUIT     14.08     0  08:03      0.68    0.01    0.09
  MH0258475.1          CONDUIT      5.05     0  17:01      0.40    0.03    0.11
  VP0232532.1          CONDUIT      2.53     0  17:43      0.05    0.01    0.03
  YS2003067.1          CONDUIT     31.17     0  17:09      0.24    0.03    0.19
  HS2003014.2          CONDUIT    522.26     0  16:52      2.29    0.10    0.14
  HS2003014.1          CONDUIT    522.52     0  16:57      2.67    0.13    0.20
  1                    CONDUIT     38.11     0  16:25      0.02    0.01    0.23
  2                    CONDUIT    294.91     0  16:53      0.91    0.95    0.43
  
  
  ***************************
  Flow Classification Summary
  ***************************
  
  -------------------------------------------------------------------------------------
                      Adjusted    ---------- Fraction of Time in Flow Class ---------- 
                       /Actual         Up    Down  Sub   Sup   Up    Down  Norm  Inlet 
  Conduit               Length    Dry  Dry   Dry   Crit  Crit  Crit  Crit  Ltd   Ctrl  
  -------------------------------------------------------------------------------------
  HS1306447.1             1.00   0.00  0.00  0.00  1.00  0.00  0.00  0.00  1.00  0.00
  HS1306449.1             1.00   0.00  0.00  0.00  1.00  0.00  0.00  0.00  0.00  0.00
  HS1306461.1             1.37   0.00  0.00  0.00  0.98  0.02  0.00  0.00  1.00  0.00
  HS1306471.1             1.00   0.00  0.00  0.00  0.00  1.00  0.00  0.00  0.00  0.00
  HS1306554.1             1.00   0.00  0.00  0.00  1.00  0.00  0.00  0.00  0.68  0.00
  HS1306554.2             1.00   0.00  0.00  0.00  1.00  0.00  0.00  0.00  0.00  0.00
  HS1306571.1             1.00   0.00  0.00  0.00  1.00  0.00  0.00  0.00  1.00  0.00
  HS1306601.1             1.00   0.00  0.00  0.00  1.00  0.00  0.00  0.00  0.86  0.00
  HS1306601.2             1.00   0.00  0.00  0.00  1.00  0.00  0.00  0.00  0.46  0.00
  HS1306611.1             1.00   0.00  0.00  0.00  1.00  0.00  0.00  0.00  0.00  0.00
  HS1306618.1             2.59   0.00  0.00  0.00  1.00  0.00  0.00  0.00  1.00  0.00
  HS1306904.1             1.00   0.00  1.00  0.00  0.00  0.00  0.00  0.00  0.00  0.00
  HS1306904.2             1.00   0.00  0.00  0.00  1.00  0.00  0.00  0.00  1.00  0.00
  HS1308259.1             1.00   0.00  0.00  0.00  0.00  0.00  0.00  1.00  0.00  0.00
  HS1308282.1             1.00   0.00  0.00  0.00  1.00  0.00  0.00  0.00  0.00  0.00
  HS1308301.1             1.00   0.00  0.00  0.00  1.00  0.00  0.00  0.00  0.91  0.00
  HS1308302.1             1.00   0.00  0.00  0.00  1.00  0.00  0.00  0.00  1.00  0.00
  HS1308324.1             1.03   0.00  0.00  0.00  1.00  0.00  0.00  0.00  0.00  0.00
  HS1311200.1             1.40   0.00  0.00  0.00  1.00  0.00  0.00  0.00  1.00  0.00
  HS1311204.1             1.65   0.00  0.00  0.00  1.00  0.00  0.00  0.00  1.00  0.00
  HS1311269.1             1.00   0.00  0.00  0.00  0.00  1.00  0.00  0.00  0.00  0.00
  HS1311284.1             1.00   0.00  0.00  0.00  1.00  0.00  0.00  0.00  0.00  0.00
  HS1311288.1             1.00   0.00  0.00  0.00  1.00  0.00  0.00  0.00  1.00  0.00
  HS1311339.1             1.00   0.00  0.00  0.00  1.00  0.00  0.00  0.00  0.00  0.00
  HS1311349.2             1.00   0.00  0.00  0.00  1.00  0.00  0.00  0.00  1.00  0.00
  HS1311380.1             1.00   0.00  1.00  0.00  0.00  0.00  0.00  0.00  0.00  0.00
  HS1311392.1             1.00   0.00  0.00  0.00  0.00  1.00  0.00  0.00  0.00  0.00
  HS1311473.1             1.00   0.00  0.00  0.00  0.02  0.98  0.00  0.00  0.42  0.00
  HS1311475.1             1.00   0.00  0.00  0.00  0.00  1.00  0.00  0.00  0.00  0.00
  HS1311491.1             1.00   0.00  0.00  0.00  1.00  0.00  0.00  0.00  1.00  0.00
  HS1311887.1             1.00   0.00  0.00  0.00  1.00  0.00  0.00  0.00  1.00  0.00
  HS1313001.1             1.00   0.00  0.00  0.00  1.00  0.00  0.00  0.00  0.00  0.00
  HS1313016.1             1.00   0.00  0.00  0.00  1.00  0.00  0.00  0.00  1.00  0.00
  HS1313025.1             1.00   0.00  0.00  0.00  1.00  0.00  0.00  0.00  1.00  0.00
  HS1313026.1             1.00   0.00  0.00  0.00  0.21  0.79  0.00  0.00  1.00  0.00
  HS1313037.1             1.00   0.00  0.00  0.00  1.00  0.00  0.00  0.00  0.42  0.00
  HS1313044.1             1.00   0.00  0.00  0.00  1.00  0.00  0.00  0.00  0.00  0.00
  HS1313044.2             1.00   0.00  0.00  0.00  0.07  0.93  0.00  0.00  0.00  0.00
  HS1313045.1             1.00   0.00  0.00  0.00  1.00  0.00  0.00  0.00  0.00  0.00
  HS1313083.1             1.00   0.00  0.00  0.00  1.00  0.00  0.00  0.00  0.00  0.00
  HS1313083.2             1.00   0.00  0.00  0.00  1.00  0.00  0.00  0.00  0.00  0.00
  HS1313123.1             1.00   0.00  0.00  0.00  1.00  0.00  0.00  0.00  0.00  0.00
  HS1313140.1             1.00   0.00  1.00  0.00  0.00  0.00  0.00  0.00  0.00  0.00
  HS1313162.1             1.00   0.00  0.00  0.00  1.00  0.00  0.00  0.00  0.97  0.00
  HS1313167.1             1.00   0.00  0.00  0.00  1.00  0.00  0.00  0.00  1.00  0.00
  HS1313205.1             1.00   0.00  0.00  0.00  1.00  0.00  0.00  0.00  1.00  0.00
  HS1313205.2             1.00   0.00  0.00  0.00  1.00  0.00  0.00  0.00  1.00  0.00
  HS1313217.1             1.00   0.00  0.00  0.00  1.00  0.00  0.00  0.00  0.00  0.00
  HS1313220.1             1.00   0.00  0.00  0.00  1.00  0.00  0.00  0.00  0.01  0.00
  HS1313240.1             1.00   0.00  0.00  0.00  0.00  0.00  0.00  1.00  0.00  0.00
  HS1313252.1             1.00   0.00  0.00  0.00  1.00  0.00  0.00  0.00  0.00  0.00
  HS1313253.1             1.00   0.00  0.00  0.00  1.00  0.00  0.00  0.00  0.00  0.00
  HS1313263.1             1.00   0.00  0.00  0.00  1.00  0.00  0.00  0.00  1.00  0.00
  HS1313283.1             1.00   0.00  0.00  0.00  1.00  0.00  0.00  0.00  0.70  0.00
  HS1313290.1             1.00   0.00  0.00  0.00  1.00  0.00  0.00  0.00  0.05  0.00
  HS1313298.1             1.00   0.00  0.00  0.00  1.00  0.00  0.00  0.00  1.00  0.00
  HS1313300.1             1.00   0.00  0.00  0.00  0.00  1.00  0.00  0.00  0.00  0.00
  HS1313343.1             1.00   0.00  0.00  0.00  1.00  0.00  0.00  0.00  1.00  0.00
  HS1313346.1             1.00   0.00  0.00  0.00  1.00  0.00  0.00  0.00  0.99  0.00
  HS1313391.1             1.00   0.00  0.00  0.00  1.00  0.00  0.00  0.00  0.00  0.00
  HS1313402.1             1.00   0.00  0.00  0.00  1.00  0.00  0.00  0.00  0.47  0.00
  HS1313402.2             1.00   0.00  0.00  0.00  1.00  0.00  0.00  0.00  1.00  0.00
  HS1313407.1             1.00   0.00  0.00  0.00  0.00  0.00  0.00  1.00  0.00  0.00
  HS1313411.1             1.00   0.00  0.00  0.00  0.00  1.00  0.00  0.00  0.00  0.00
  HS1313415.1             1.00   0.00  0.00  0.00  1.00  0.00  0.00  0.00  0.26  0.00
  HS1313415.2             1.00   0.00  0.00  0.00  1.00  0.00  0.00  0.00  0.26  0.00
  HS1313447.1             1.00   0.00  0.00  0.00  1.00  0.00  0.00  0.00  0.00  0.00
  HS1313471.1             1.00   0.00  0.00  0.00  1.00  0.00  0.00  0.00  1.00  0.00
  HS1313487.1             1.00   0.00  0.00  0.00  1.00  0.00  0.00  0.00  0.00  0.00
  HS1313508.1             1.00   0.00  0.00  0.00  1.00  0.00  0.00  0.00  1.00  0.00
  HS1313534.1             1.00   0.00  0.00  0.00  1.00  0.00  0.00  0.00  0.00  0.00
  HS1313569.1             1.00   0.00  0.00  0.00  1.00  0.00  0.00  0.00  0.00  0.00
  HS1313572.1             1.00   0.00  0.00  0.00  1.00  0.00  0.00  0.00  0.00  0.00
  HS1313587.1             1.00   0.00  0.00  0.00  0.00  1.00  0.00  0.00  0.00  0.00
  HS1313591.1             1.00   0.00  0.00  0.00  1.00  0.00  0.00  0.00  1.00  0.00
  HS1313591.2             1.00   0.00  0.00  0.00  0.00  0.00  0.00  1.00  0.00  0.00
  HS1313597.1             1.00   0.00  0.00  0.00  1.00  0.00  0.00  0.00  0.00  0.00
  HS1313613.1             1.00   0.00  0.00  0.00  1.00  0.00  0.00  0.00  1.00  0.00
  HS1313618.1             1.00   0.00  0.00  0.00  1.00  0.00  0.00  0.00  1.00  0.00
  HS1313640.1             1.00   0.00  0.00  0.00  0.03  0.97  0.00  0.00  0.00  0.00
  HS1313676.1             1.00   0.00  0.00  0.00  1.00  0.00  0.00  0.00  0.64  0.00
  HS1313677.1             1.00   0.00  0.00  0.00  1.00  0.00  0.00  0.00  0.00  0.00
  HS1313700.1             1.00   0.00  0.00  0.00  0.00  1.00  0.00  0.00  1.00  0.00
  HS1313700.2             1.00   0.00  0.00  0.00  1.00  0.00  0.00  0.00  0.73  0.00
  HS1313709.1             1.00   0.00  0.00  0.00  1.00  0.00  0.00  0.00  1.00  0.00
  HS1313728.1             1.00   0.00  0.00  0.00  0.00  1.00  0.00  0.00  0.00  0.00
  HS1313730.1             1.05   0.00  0.00  0.00  1.00  0.00  0.00  0.00  1.00  0.00
  HS1313740.1             1.00   0.00  0.00  0.00  1.00  0.00  0.00  0.00  1.00  0.00
  HS1313756.1             1.00   0.00  0.00  0.00  1.00  0.00  0.00  0.00  0.00  0.00
  HS1313763.1             1.00   0.00  0.00  0.00  0.04  0.96  0.00  0.00  0.73  0.00
  HS1313794.1             1.00   0.00  0.00  0.00  1.00  0.00  0.00  0.00  1.00  0.00
  HS1313803.1             1.00   0.00  0.00  0.00  1.00  0.00  0.00  0.00  0.00  0.00
  HS1313835.1             1.00   0.00  0.00  0.00  1.00  0.00  0.00  0.00  0.13  0.00
  HS1313835.2             1.00   0.00  0.00  0.00  1.00  0.00  0.00  0.00  0.02  0.00
  HS1313839.1             1.00   0.00  0.00  0.00  1.00  0.00  0.00  0.00  0.00  0.00
  HS1313865.1             1.00   0.00  0.00  0.00  1.00  0.00  0.00  0.00  1.00  0.00
  HS1313873.1             1.00   0.00  0.00  0.00  1.00  0.00  0.00  0.00  0.00  0.00
  HS1313881.1             1.00   0.00  0.00  0.00  0.00  1.00  0.00  0.00  0.00  0.00
  HS1313913.1             1.00   0.00  0.00  0.00  1.00  0.00  0.00  0.00  1.00  0.00
  HS1313924.1             1.00   0.00  0.00  0.00  1.00  0.00  0.00  0.00  0.00  0.00
  HS1313925.1             1.00   0.00  0.00  0.00  1.00  0.00  0.00  0.00  1.00  0.00
  HS1313957.1             1.00   0.00  0.00  0.00  1.00  0.00  0.00  0.00  0.00  0.00
  HS1313959.1             1.00   0.00  0.00  0.00  0.98  0.02  0.00  0.00  0.78  0.00
  HS1313965.1             1.00   0.00  0.00  0.00  0.08  0.92  0.00  0.00  1.00  0.00
  HS1313998.1             1.00   0.00  0.00  0.00  1.00  0.00  0.00  0.00  0.00  0.00
  HS1314210.1             1.00   0.00  0.00  0.00  1.00  0.00  0.00  0.00  1.00  0.00
  HS1314237.1             1.00   0.00  0.00  0.00  0.19  0.81  0.00  0.00  0.00  0.00
  HS1314268.1             1.00   0.00  0.00  0.00  0.51  0.49  0.00  0.00  1.00  0.00
  HS1314475.1             1.00   0.00  0.00  0.00  1.00  0.00  0.00  0.00  0.42  0.00
  HS1314505.1             1.00   0.00  0.00  0.00  1.00  0.00  0.00  0.00  0.00  0.00
  HS1314769.1             1.00   0.00  0.00  0.00  1.00  0.00  0.00  0.00  0.00  0.00
  HS1314992.1             1.00   0.00  0.00  0.00  1.00  0.00  0.00  0.00  0.00  0.00
  HS1316010.1             1.00   0.00  0.00  0.00  1.00  0.00  0.00  0.00  1.00  0.00
  HS1316014.1             1.00   0.00  0.00  0.00  0.97  0.03  0.00  0.00  0.03  0.00
  HS1316037.1             1.00   0.00  0.00  0.00  1.00  0.00  0.00  0.00  1.00  0.00
  HS1316045.1             1.00   0.00  0.00  0.00  1.00  0.00  0.00  0.00  1.00  0.00
  HS1316177.1             1.00   0.00  0.00  0.00  1.00  0.00  0.00  0.00  0.66  0.00
  HS1316202.1             1.00   0.00  0.00  0.00  1.00  0.00  0.00  0.00  0.20  0.00
  HS1316207.1             1.00   0.00  0.00  0.00  1.00  0.00  0.00  0.00  0.00  0.00
  HS1316267.1             1.00   0.00  0.00  0.00  0.00  0.00  0.00  1.00  0.00  0.00
  HS1316302.1             1.00   0.00  0.00  0.00  1.00  0.00  0.00  0.00  1.00  0.00
  HS1316321.1             1.00   0.00  0.00  0.00  0.00  1.00  0.00  0.00  1.00  0.00
  HS1316332.1             1.00   0.00  0.00  0.00  1.00  0.00  0.00  0.00  1.00  0.00
  HS1316332.2             1.00   0.00  0.00  0.00  1.00  0.00  0.00  0.00  1.00  0.00
  HS1316334.1             1.00   0.00  0.00  0.00  1.00  0.00  0.00  0.00  1.00  0.00
  HS1316344.1             1.00   0.00  0.00  0.00  1.00  0.00  0.00  0.00  0.00  0.00
  HS1316357.1             1.00   0.00  0.00  0.00  1.00  0.00  0.00  0.00  0.00  0.00
  HS1316368.1             1.00   0.00  0.00  0.00  1.00  0.00  0.00  0.00  1.00  0.00
  HS1316381.1             1.00   0.00  0.00  0.00  1.00  0.00  0.00  0.00  1.00  0.00
  HS1316393.1             1.00   0.00  1.00  0.00  0.00  0.00  0.00  0.00  0.00  0.00
  HS1316396.1             1.00   1.00  0.00  0.00  0.00  0.00  0.00  0.00  0.00  0.00
  HS1316410.1             1.00   1.00  0.00  0.00  0.00  0.00  0.00  0.00  0.00  0.00
  HS1316410.2             1.00   0.00  0.00  0.00  1.00  0.00  0.00  0.00  1.00  0.00
  HS1316415.1             1.00   0.00  0.00  0.00  1.00  0.00  0.00  0.00  0.00  0.00
  HS1316417.1             1.00   0.00  0.00  0.00  1.00  0.00  0.00  0.00  1.00  0.00
  HS1316445.1             1.00   0.00  0.00  0.00  0.68  0.32  0.00  0.00  0.99  0.00
  HS1316467.1             1.00   0.00  0.00  0.00  1.00  0.00  0.00  0.00  1.00  0.00
  HS1316467.2             1.00   0.00  0.00  0.00  0.00  0.00  0.00  1.00  0.00  0.00
  HS1316505.1             1.00   0.00  0.00  0.00  1.00  0.00  0.00  0.00  0.00  0.00
  HS1316530.1             1.00   0.00  0.00  0.00  1.00  0.00  0.00  0.00  1.00  0.00
  HS1316532.1             2.74   0.00  0.00  0.00  0.00  0.73  0.00  0.27  0.70  0.00
  HS1316554.1             1.00   0.00  0.00  0.00  0.00  1.00  0.00  0.00  0.00  0.00
  HS1316563.1             1.00   0.00  0.00  0.00  1.00  0.00  0.00  0.00  0.00  0.00
  HS1316566.1             1.00   0.00  0.00  0.00  1.00  0.00  0.00  0.00  1.00  0.00
  HS1316585.1             1.00   0.00  0.00  0.00  0.46  0.54  0.00  0.00  0.50  0.00
  HS1316637.1             1.00   0.00  0.00  0.00  0.96  0.04  0.00  0.00  1.00  0.00
  HS1316643.1             1.00   0.00  0.00  0.00  0.00  1.00  0.00  0.00  1.00  0.00
  HS1316671.1             1.00   0.00  0.00  0.00  0.12  0.88  0.00  0.00  0.00  0.00
  HS1316676.1             1.00   0.00  0.00  0.00  1.00  0.00  0.00  0.00  1.00  0.00
  HS1316677.1             1.00   0.00  0.00  0.00  1.00  0.00  0.00  0.00  1.00  0.00
  HS1316677.2             1.00   0.00  0.00  0.00  0.00  1.00  0.00  0.00  0.00  0.00
  HS1316688.1             1.31   0.00  0.00  0.00  0.89  0.11  0.00  0.00  1.00  0.00
  HS1316694.1             1.00   0.00  0.00  0.00  0.00  1.00  0.00  0.00  0.00  0.00
  HS1316707.1             1.00   0.00  0.00  0.00  0.00  1.00  0.00  0.00  0.00  0.00
  HS1316717.1             1.00   0.00  0.00  0.00  0.12  0.88  0.00  0.00  0.00  0.00
  HS1316718.1             1.00   0.00  0.00  0.00  1.00  0.00  0.00  0.00  1.00  0.00
  HS1316721.1             1.00   0.00  0.00  0.00  1.00  0.00  0.00  0.00  0.00  0.00
  HS1316726.1             1.00   0.00  0.00  0.00  1.00  0.00  0.00  0.00  0.00  0.00
  HS1316786.1             1.00   0.00  0.00  0.00  0.00  1.00  0.00  0.00  0.00  0.00
  HS1316811.1             1.00   0.00  0.00  0.00  1.00  0.00  0.00  0.00  1.00  0.00
  HS1316814.1             1.00   0.00  0.00  0.00  1.00  0.00  0.00  0.00  1.00  0.00
  HS1316835.1             1.00   0.00  0.00  0.00  1.00  0.00  0.00  0.00  0.63  0.00
  HS1316849.1             1.00   0.00  0.00  0.00  0.31  0.69  0.00  0.00  0.00  0.00
  HS1316865.1             1.00   0.00  0.00  0.00  1.00  0.00  0.00  0.00  1.00  0.00
  HS1316868.1             1.01   0.00  0.00  0.00  0.00  1.00  0.00  0.00  0.00  0.00
  HS1316892.1             1.00   0.00  0.00  0.00  1.00  0.00  0.00  0.00  0.00  0.00
  HS1317102.1             1.00   0.00  1.00  0.00  0.00  0.00  0.00  0.00  0.00  0.00
  HS1318293.1             1.00   0.00  0.00  0.00  1.00  0.00  0.00  0.00  0.04  0.00
  HS1318293.2             1.00   0.00  0.00  0.00  1.00  0.00  0.00  0.00  1.00  0.00
  HS1318328.1             1.00   0.00  0.00  0.00  1.00  0.00  0.00  0.00  0.97  0.00
  HS1318412.1             1.00   0.00  0.00  0.00  1.00  0.00  0.00  0.00  0.98  0.00
  HS1324399.1             1.30   0.00  0.00  0.00  1.00  0.00  0.00  0.00  0.92  0.00
  HS1324403.1             1.00   0.00  0.00  0.00  1.00  0.00  0.00  0.00  0.00  0.00
  HS1330826.1             1.00   0.00  0.00  0.00  1.00  0.00  0.00  0.00  0.00  0.00
  HS1330834.1             1.00   0.00  0.00  0.00  1.00  0.00  0.00  0.00  1.00  0.00
  HS1330842.1             1.00   0.00  0.00  0.00  0.00  1.00  0.00  0.00  0.00  0.00
  HS1330861.1             1.00   0.00  0.00  0.00  1.00  0.00  0.00  0.00  1.00  0.00
  HS1344037.1             1.00   0.00  0.00  0.00  1.00  0.00  0.00  0.00  0.26  0.00
  HS1344159.1             1.00   0.00  0.00  0.00  1.00  0.00  0.00  0.00  1.00  0.00
  HS1344187.1             1.00   0.00  0.00  0.00  1.00  0.00  0.00  0.00  0.08  0.00
  HS1344261.1             1.00   0.00  0.00  0.00  1.00  0.00  0.00  0.00  1.00  0.00
  HS1344263.1             1.00   0.00  0.00  0.00  1.00  0.00  0.00  0.00  1.00  0.00
  HS1344319.1             1.00   0.00  0.00  0.00  1.00  0.00  0.00  0.00  0.00  0.00
  HS1344902.1             1.00   0.00  0.00  0.00  0.01  0.99  0.00  0.00  0.00  0.00
  HS1344915.1             1.00   0.00  0.00  0.00  1.00  0.00  0.00  0.00  0.00  0.00
  HS1344920.1             1.00   0.00  0.00  0.00  1.00  0.00  0.00  0.00  1.00  0.00
  HS1344978.1             1.11   0.00  0.00  0.00  0.00  1.00  0.00  0.00  1.00  0.00
  HS2003013.1             1.00   0.00  0.00  0.00  1.00  0.00  0.00  0.00  0.00  0.00
  HS2003015.1             1.00   0.00  0.00  0.00  1.00  0.00  0.00  0.00  1.00  0.00
  HS2003020.1             1.00   0.00  0.00  0.00  1.00  0.00  0.00  0.00  0.00  0.00
  HS2003023.1             1.00   0.00  0.00  0.00  1.00  0.00  0.00  0.00  0.00  0.00
  HS2003028.1             1.00   0.00  0.00  0.00  1.00  0.00  0.00  0.00  0.00  0.00
  HS2003029.1             1.00   0.00  0.00  0.00  1.00  0.00  0.00  0.00  1.00  0.00
  HS2003046.1             1.00   0.00  0.00  0.00  1.00  0.00  0.00  0.00  0.89  0.00
  HS2003070.1             1.00   0.00  0.00  0.00  1.00  0.00  0.00  0.00  1.00  0.00
  HS2003072.1             1.00   0.00  0.00  0.00  1.00  0.00  0.00  0.00  0.00  0.00
  HS2003083.1             1.00   0.00  0.00  0.00  1.00  0.00  0.00  0.00  1.00  0.00
  HS2003085.1             1.00   0.00  0.00  0.00  1.00  0.00  0.00  0.00  0.00  0.00
  HS2003086.1             1.00   0.00  0.00  0.00  1.00  0.00  0.00  0.00  0.00  0.00
  HS2003093.1             1.00   0.00  0.00  0.00  1.00  0.00  0.00  0.00  0.00  0.00
  HS2003095.1             1.00   0.00  0.00  0.00  1.00  0.00  0.00  0.00  0.05  0.00
  HS2003109.1             1.00   0.00  0.00  0.00  1.00  0.00  0.00  0.00  1.00  0.00
  HS2003111.1             1.02   0.00  0.00  0.00  1.00  0.00  0.00  0.00  0.00  0.00
  HS2003111.2             1.00   0.00  0.00  0.00  1.00  0.00  0.00  0.00  0.00  0.00
  HS2003113.1             1.00   0.00  0.00  0.00  1.00  0.00  0.00  0.00  0.62  0.00
  HS2003125.1             1.00   0.00  0.00  0.00  1.00  0.00  0.00  0.00  1.00  0.00
  HS2003142.1             1.00   0.00  0.00  0.00  1.00  0.00  0.00  0.00  0.00  0.00
  HS2003144.1             1.00   0.00  0.00  0.00  1.00  0.00  0.00  0.00  1.00  0.00
  MH0100292.1             1.00   0.00  0.00  0.00  1.00  0.00  0.00  0.00  0.00  0.00
  MH0100330.1             1.00   0.00  0.00  0.00  1.00  0.00  0.00  0.00  0.65  0.00
  MH0100334.1             1.00   0.00  0.00  0.00  1.00  0.00  0.00  0.00  0.03  0.00
  MH0101923.1             1.00   0.00  0.00  0.00  1.00  0.00  0.00  0.00  0.00  0.00
  MH0101924.1             1.00   0.00  0.00  0.00  1.00  0.00  0.00  0.00  1.00  0.00
  MH0103033.1             1.00   0.00  0.00  0.00  1.00  0.00  0.00  0.00  0.06  0.00
  MH0200659.1             1.00   0.00  0.00  0.00  1.00  0.00  0.00  0.00  1.00  0.00
  MH0200661.1             1.00   0.00  0.00  0.00  1.00  0.00  0.00  0.00  0.97  0.00
  MH0201597.1             1.00   0.00  0.00  0.00  1.00  0.00  0.00  0.00  1.00  0.00
  MH0201710.1             1.00   0.00  0.00  0.00  1.00  0.00  0.00  0.00  0.65  0.00
  MH0241587.1             1.00   0.00  0.00  0.00  1.00  0.00  0.00  0.00  0.00  0.00
  MH0241590.1             1.08   0.00  0.00  0.00  1.00  0.00  0.00  0.00  1.00  0.00
  MH0241603.1             1.00   0.00  0.00  0.00  1.00  0.00  0.00  0.00  1.00  0.00
  MH0241642.1             1.48   0.00  0.00  0.00  1.00  0.00  0.00  0.00  1.00  0.00
  MH0242298.1             1.00   0.00  0.00  0.00  1.00  0.00  0.00  0.00  0.02  0.00
  MH0242303.1             1.00   0.00  0.00  0.00  1.00  0.00  0.00  0.00  1.00  0.00
  MH0242782.1             1.00   0.00  0.00  0.00  0.94  0.06  0.00  0.00  1.00  0.00
  MH0258475.1             1.00   0.00  0.00  0.00  1.00  0.00  0.00  0.00  0.80  0.00
  VP0232532.1             1.00   0.00  0.00  0.00  1.00  0.00  0.00  0.00  0.00  0.00
  YS2003067.1             1.00   0.00  0.00  0.00  1.00  0.00  0.00  0.00  0.00  0.00
  HS2003014.2             1.00   0.00  0.00  0.00  0.00  1.00  0.00  0.00  0.00  0.00
  HS2003014.1             1.00   0.00  0.00  0.00  0.00  1.00  0.00  0.00  0.00  0.00
  1                       1.00   0.00  0.00  0.00  1.00  0.00  0.00  0.00  0.00  0.00
  2                       1.00   0.00  0.00  0.00  1.00  0.00  0.00  0.00  0.00  0.00
  
  
  *************************
  Conduit Surcharge Summary
  *************************
  
  No conduits were surcharged.
  
  
  ***************************
  Link Pollutant Load Summary
  ***************************
  
  --------------------------------------------------------------------------------------------------------------------------------------------------
                                BODf          BODs           NH4           NO3            DO          TSSs          TSSn         TR_in         TR_ww
  Link                            kg            kg            kg            kg            kg            kg            kg            kg            kg
  --------------------------------------------------------------------------------------------------------------------------------------------------
  HS1306447.1                 73.052        17.979        11.010         0.212         0.712        58.591         0.000         0.000         0.000
  HS1306449.1                 72.890        17.959        10.999         0.212         0.711        58.512         0.000         0.000         0.000
  HS1306461.1                 72.861        17.954        10.996         0.212         0.711        58.495         0.000         0.000         0.000
  HS1306471.1                 73.077        17.982        11.011         0.212         0.712        58.603         0.000         0.000         0.000
  HS1306554.1                755.029       187.924       115.256         2.254         7.502       612.142         0.000         0.000         0.000
  HS1306554.2               1116.868       277.640       170.176         3.326        11.077       905.267         0.000         0.000         0.000
  HS1306571.1               3964.099       984.796       604.307        11.794        39.394      3213.232         0.000         0.000         0.000
  HS1306601.1                659.893       164.015       100.698         1.970         6.451       536.215         0.000         0.000         0.000
  HS1306601.2               4322.926      1074.291       659.261        12.856        43.198      3504.477         0.000         0.000         0.000
  HS1306611.1               4316.830      1073.339       658.723        12.847        43.143      3501.227         0.000         0.000         0.000
  HS1306618.1               4314.353      1073.130       656.314        12.845        42.446      3500.520         0.000         0.000         0.000
  HS1306904.1                  0.000         0.000         0.000         0.000         0.000         0.000         0.000         0.000         0.000
  HS1306904.2               7733.333      1928.595      1158.962        23.091        70.477      6287.696         0.000         0.000         0.000
  HS1308259.1                409.217       101.693        62.014         1.208         4.110       331.671         0.000         0.000         0.000
  HS1308282.1               7767.496      1931.072      1176.171        23.018        75.657      6291.904         0.000         0.000         0.000
  HS1308301.1                389.008        96.786        58.318         1.161         3.500       315.924         0.000         0.000         0.000
  HS1308302.1                534.339       133.184        80.623         1.590         4.982       433.843         0.000         0.000         0.000
  HS1308324.1               7779.473      1932.271      1176.830        23.033        75.708      6297.558         0.000         0.000         0.000
  HS1311200.1                 46.001        11.422         6.987         0.136         0.455        37.164         0.000         0.000         0.000
  HS1311204.1                107.826        26.679        16.363         0.320         1.075        87.203         0.000         0.000         0.000
  HS1311269.1                 45.676        11.340         6.937         0.135         0.452        36.900         0.000         0.000         0.000
  HS1311284.1                 43.914        10.904         6.669         0.130         0.434        35.470         0.000         0.000         0.000
  HS1311288.1                 11.965         2.978         1.817         0.035         0.121         9.646         0.000         0.000         0.000
  HS1311339.1                201.092        49.915        30.508         0.592         1.985       162.851         0.000         0.000         0.000
  HS1311349.2                 95.342        23.761        14.574         0.283         0.952        77.541         0.000         0.000         0.000
  HS1311380.1                  0.000         0.000         0.000         0.000         0.000         0.000         0.000         0.000         0.000
  HS1311392.1                203.899        50.615        30.943         0.601         2.011       165.217         0.000         0.000         0.000
  HS1311473.1                 61.876        15.266         9.381         0.184         0.620        50.064         0.000         0.000         0.000
  HS1311475.1                 48.642        12.010         7.311         0.141         0.484        38.983         0.000         0.000         0.000
  HS1311491.1                 52.017        12.847         7.822         0.151         0.516        41.707         0.000         0.000         0.000
  HS1311887.1                510.210       126.591        77.483         1.516         5.048       412.807         0.000         0.000         0.000
  HS1313001.1                238.891        59.083        36.300         0.711         2.359       193.068         0.000         0.000         0.000
  HS1313016.1                238.330        59.018        36.260         0.710         2.356       192.789         0.000         0.000         0.000
  HS1313025.1                749.216       185.047       113.423         2.207         7.435       605.535         0.000         0.000         0.000
  HS1313026.1                511.405       126.083        77.187         1.497         5.082       412.966         0.000         0.000         0.000
  HS1313037.1                769.993       190.271       116.638         2.269         7.639       622.576         0.000         0.000         0.000
  HS1313044.1                301.538        74.455        45.625         0.888         3.047       242.737         0.000         0.000         0.000
  HS1313044.2               2000.303       494.631       303.834         5.940        19.851      1617.557         0.000         0.000         0.000
  HS1313045.1               2005.908       496.190       304.790         5.958        19.913      1622.458         0.000         0.000         0.000
  HS1313083.1                880.000       217.754       134.018         2.633         8.684       711.993         0.000         0.000         0.000
  HS1313083.2                 62.866        15.911         9.738         0.187         0.653        51.238         0.000         0.000         0.000
  HS1313123.1                929.175       230.006       141.615         2.783         9.175       752.362         0.000         0.000         0.000
  HS1313140.1                  0.000         0.000         0.000         0.000         0.000         0.000         0.000         0.000         0.000
  HS1313162.1                 15.457         3.823         2.348         0.045         0.157        12.476         0.000         0.000         0.000
  HS1313167.1                550.713       136.271        83.620         1.638         5.537       444.010         0.000         0.000         0.000
  HS1313205.1                258.090        64.036        39.273         0.771         2.544       209.044         0.000         0.000         0.000
  HS1313205.2               1881.752       466.930       286.379         5.598        18.869      1522.440         0.000         0.000         0.000
  HS1313217.1                258.674        64.213        39.382         0.773         2.555       209.581         0.000         0.000         0.000
  HS1313220.1                884.157       219.048       134.484         2.620         8.893       715.626         0.000         0.000         0.000
  HS1313240.1                537.487       132.668        81.393         1.595         5.392       432.561         0.000         0.000         0.000
  HS1313252.1                281.936        69.545        42.654         0.836         2.816       227.181         0.000         0.000         0.000
  HS1313253.1                270.074        66.582        40.839         0.801         2.701       217.529         0.000         0.000         0.000
  HS1313263.1                268.046        66.041        40.502         0.794         2.682       215.749         0.000         0.000         0.000
  HS1313283.1                235.259        57.893        35.526         0.697         2.352       189.306         0.000         0.000         0.000
  HS1313290.1               1321.020       327.086       200.668         3.902        13.137      1067.175         0.000         0.000         0.000
  HS1313298.1               1098.851       272.229       167.029         3.247        10.936       887.564         0.000         0.000         0.000
  HS1313300.1                730.645       180.650       110.883         2.138         7.212       588.913         0.000         0.000         0.000
  HS1313343.1                370.542        91.984        56.388         1.112         3.751       299.952         0.000         0.000         0.000
  HS1313346.1                 24.089         5.922         3.656         0.071         0.242        19.471         0.000         0.000         0.000
  HS1313391.1               2452.172       608.178       373.075         7.291        24.468      1984.407         0.000         0.000         0.000
  HS1313402.1               1219.466       303.537       180.198         3.637        10.506       990.321         0.000         0.000         0.000
  HS1313402.2               2895.275       721.792       428.500         8.649        24.960      2353.314         0.000         0.000         0.000
  HS1313407.1                575.341       141.976        87.101         1.700         5.643       464.529         0.000         0.000         0.000
  HS1313411.1                557.549       137.587        84.403         1.647         5.470       450.143         0.000         0.000         0.000
  HS1313415.1                248.930        61.447        37.686         0.736         2.445       201.037         0.000         0.000         0.000
  HS1313415.2                248.930        61.447        37.686         0.736         2.445       201.037         0.000         0.000         0.000
  HS1313447.1                383.722        94.699        58.114         1.134         3.777       309.756         0.000         0.000         0.000
  HS1313471.1                172.068        42.369        26.033         0.508         1.691       138.635         0.000         0.000         0.000
  HS1313487.1                315.040        77.614        47.598         0.930         3.098       253.869         0.000         0.000         0.000
  HS1313508.1                 63.977        15.801         9.652         0.191         0.644        51.586         0.000         0.000         0.000
  HS1313534.1                 46.815        11.578         7.103         0.137         0.465        37.646         0.000         0.000         0.000
  HS1313569.1                 20.945         5.174         3.161         0.061         0.207        16.889         0.000         0.000         0.000
  HS1313572.1                 94.069        23.206        14.215         0.275         0.961        75.768         0.000         0.000         0.000
  HS1313587.1                 94.037        23.200        14.211         0.275         0.961        75.755         0.000         0.000         0.000
  HS1313591.1                 65.723        16.221         9.936         0.192         0.672        52.950         0.000         0.000         0.000
  HS1313591.2                 28.805         7.104         4.351         0.084         0.293        23.209         0.000         0.000         0.000
  HS1313597.1                230.793        57.037        34.950         0.680         2.299       186.040         0.000         0.000         0.000
  HS1313613.1                 98.270        24.175        14.819         0.289         0.957        79.042         0.000         0.000         0.000
  HS1313618.1                136.720        33.895        20.775         0.402         1.405       109.616         0.000         0.000         0.000
  HS1313640.1                170.142        42.194        25.828         0.501         1.733       136.650         0.000         0.000         0.000
  HS1313676.1                728.991       180.242       110.636         2.133         7.198       587.543         0.000         0.000         0.000
  HS1313677.1                143.766        35.423        21.779         0.423         1.414       115.922         0.000         0.000         0.000
  HS1313700.1                160.861        39.824        24.371         0.474         1.640       129.275         0.000         0.000         0.000
  HS1313700.2                 83.862        20.782        12.722         0.247         0.857        67.437         0.000         0.000         0.000
  HS1313709.1                170.740        42.263        25.867         0.503         1.736       137.230         0.000         0.000         0.000
  HS1313728.1                 84.516        20.947        12.821         0.249         0.862        67.977         0.000         0.000         0.000
  HS1313730.1                 84.836        21.037        12.877         0.250         0.866        68.257         0.000         0.000         0.000
  HS1313740.1                 66.819        16.608        10.168         0.198         0.671        53.902         0.000         0.000         0.000
  HS1313756.1                 66.631        16.600        10.164         0.198         0.670        53.843         0.000         0.000         0.000
  HS1313763.1                305.656        75.598        46.307         0.898         3.054       246.241         0.000         0.000         0.000
  HS1313794.1               1598.577       397.896       238.071         4.760        14.300      1297.559         0.000         0.000         0.000
  HS1313803.1               1296.570       322.755       192.008         3.867        11.267      1053.147         0.000         0.000         0.000
  HS1313835.1                389.802        96.935        58.398         1.161         3.512       316.315         0.000         0.000         0.000
  HS1313835.2               1935.100       480.861       289.738         5.747        17.875      1567.120         0.000         0.000         0.000
  HS1313839.1                122.029        30.365        18.553         0.366         1.241        99.286         0.000         0.000         0.000
  HS1313865.1                318.777        79.271        48.494         0.950         3.220       258.602         0.000         0.000         0.000
  HS1313873.1                324.705        80.743        49.395         0.968         3.280       263.393         0.000         0.000         0.000
  HS1313881.1                249.689        61.748        37.777         0.734         2.504       200.860         0.000         0.000         0.000
  HS1313913.1                213.613        52.840        32.321         0.628         2.150       171.759         0.000         0.000         0.000
  HS1313924.1                187.153        46.304        28.349         0.551         1.893       150.475         0.000         0.000         0.000
  HS1313925.1                 66.706        16.568        10.155         0.196         0.678        53.801         0.000         0.000         0.000
  HS1313957.1                 93.589        23.224        14.224         0.275         0.942        75.551         0.000         0.000         0.000
  HS1313959.1                320.833        79.517        48.563         0.946         3.139       259.820         0.000         0.000         0.000
  HS1313965.1                227.324        56.308        34.348         0.670         2.199       184.308         0.000         0.000         0.000
  HS1313998.1                 33.701         8.341         5.079         0.099         0.331        27.183         0.000         0.000         0.000
  HS1314210.1                130.795        32.351        19.867         0.391         1.255       105.985         0.000         0.000         0.000
  HS1314237.1                918.145       226.370       138.873         2.711         9.130       741.202         0.000         0.000         0.000
  HS1314268.1                942.991       232.578       142.681         2.786         9.374       761.412         0.000         0.000         0.000
  HS1314475.1                 48.232        11.891         7.272         0.142         0.479        38.803         0.000         0.000         0.000
  HS1314505.1                734.510       216.546        53.175         2.551         2.024       677.798         0.000         0.000         0.000
  HS1314769.1               1148.591       329.048        90.878         3.874         1.862      1041.635         0.000         0.000         0.000
  HS1314992.1               7741.385      1927.809      1174.317        22.982        75.489      6278.689         0.000         0.000         0.000
  HS1316010.1                 33.747         8.352         5.085         0.099         0.331        27.212         0.000         0.000         0.000
  HS1316014.1                 20.437         5.054         3.087         0.060         0.201        16.514         0.000         0.000         0.000
  HS1316037.1                 26.988         6.683         4.082         0.079         0.265        21.811         0.000         0.000         0.000
  HS1316045.1                478.224       118.395        72.433         1.407         4.711       386.951         0.000         0.000         0.000
  HS1316177.1               3313.375       823.110       499.223         9.835        31.645      2682.080         0.000         0.000         0.000
  HS1316202.1               3535.497       878.467       533.162        10.494        33.873      2862.838         0.000         0.000         0.000
  HS1316207.1               6001.307      1489.132       906.747        17.757        58.392      4854.583         0.000         0.000         0.000
  HS1316267.1               1261.437       312.281       190.926         3.719        12.558      1018.110         0.000         0.000         0.000
  HS1316302.1                615.972       152.205        92.994         1.819         6.173       495.007         0.000         0.000         0.000
  HS1316321.1                532.524       131.329        80.308         1.572         5.318       427.367         0.000         0.000         0.000
  HS1316332.1                 12.601         3.124         1.917         0.037         0.129        10.194         0.000         0.000         0.000
  HS1316332.2                 12.601         3.124         1.917         0.037         0.129        10.194         0.000         0.000         0.000
  HS1316334.1                  4.804         1.185         0.725         0.014         0.047         3.874         0.000         0.000         0.000
  HS1316344.1                495.003       122.593        74.999         1.458         4.882       400.642         0.000         0.000         0.000
  HS1316357.1                535.053       132.519        81.064         1.575         5.287       432.943         0.000         0.000         0.000
  HS1316368.1                534.722       132.489        81.048         1.575         5.286       432.788         0.000         0.000         0.000
  HS1316381.1                  0.000         0.000         0.000         0.000         0.000         0.000         0.000         0.000         0.000
  HS1316393.1                  0.000         0.000         0.000         0.000         0.000         0.000         0.000         0.000         0.000
  HS1316396.1                  0.000         0.000         0.000         0.000         0.000         0.000         0.000         0.000         0.000
  HS1316410.1                  0.000         0.000         0.000         0.000         0.000         0.000         0.000         0.000         0.000
  HS1316410.2                100.992        25.017        15.320         0.296         1.003        81.416         0.000         0.000         0.000
  HS1316415.1                190.722        47.082        28.808         0.559         1.905       154.044         0.000         0.000         0.000
  HS1316417.1                325.657        80.506        49.141         0.962         3.132       262.640         0.000         0.000         0.000
  HS1316445.1                226.851        55.970        34.274         0.665         2.263       183.103         0.000         0.000         0.000
  HS1316467.1                594.212       147.101        89.686         1.736         5.919       478.379         0.000         0.000         0.000
  HS1316467.2                 16.509         4.095         2.511         0.049         0.163        13.384         0.000         0.000         0.000
  HS1316505.1               6547.877      1625.956       990.346        19.387        63.766      5299.264         0.000         0.000         0.000
  HS1316530.1               6553.844      1626.980       990.922        19.395        63.837      5302.351         0.000         0.000         0.000
  HS1316532.1               2467.720       611.004       373.774         7.265        24.544      1992.701         0.000         0.000         0.000
  HS1316554.1               1724.990       427.318       261.327         5.072        17.254      1392.847         0.000         0.000         0.000
  HS1316563.1               1727.043       427.599       261.477         5.075        17.271      1393.840         0.000         0.000         0.000
  HS1316566.1               1034.864       256.024       156.770         3.048        10.385       835.637         0.000         0.000         0.000
  HS1316585.1                892.233       220.737       135.237         2.628         8.941       720.560         0.000         0.000         0.000
  HS1316637.1                420.610       103.873        63.817         1.232         4.218       338.931         0.000         0.000         0.000
  HS1316643.1                377.728        93.217        57.271         1.104         3.790       304.028         0.000         0.000         0.000
  HS1316671.1                297.903        73.418        45.135         0.868         2.992       239.429         0.000         0.000         0.000
  HS1316676.1                 77.779        19.291        11.822         0.230         0.779        62.920         0.000         0.000         0.000
  HS1316677.1                 89.643        22.230        13.621         0.265         0.898        72.508         0.000         0.000         0.000
  HS1316677.2                162.250        40.180        24.581         0.478         1.619       131.046         0.000         0.000         0.000
  HS1316688.1                162.221        40.176        24.579         0.478         1.619       131.030         0.000         0.000         0.000
  HS1316694.1               2170.081       537.276       329.887         6.450        21.542      1755.999         0.000         0.000         0.000
  HS1316707.1                249.319        61.681        37.820         0.738         2.494       201.462         0.000         0.000         0.000
  HS1316717.1                311.706        77.170        47.260         0.924         3.110       251.763         0.000         0.000         0.000
  HS1316718.1                320.581        79.373        48.610         0.950         3.201       258.952         0.000         0.000         0.000
  HS1316721.1                588.141       145.604        89.160         1.740         5.815       475.268         0.000         0.000         0.000
  HS1316726.1                372.494        92.589        56.426         1.099         3.739       301.811         0.000         0.000         0.000
  HS1316786.1                737.704       182.422       111.674         2.178         7.243       595.720         0.000         0.000         0.000
  HS1316811.1                239.808        59.350        36.349         0.707         2.341       193.877         0.000         0.000         0.000
  HS1316814.1                116.896        28.906        17.724         0.347         1.180        94.390         0.000         0.000         0.000
  HS1316835.1                188.398        46.621        28.585         0.559         1.889       152.138         0.000         0.000         0.000
  HS1316849.1                241.303        59.671        36.581         0.714         2.412       194.885         0.000         0.000         0.000
  HS1316865.1                119.272        29.429        18.039         0.349         1.178        95.940         0.000         0.000         0.000
  HS1316868.1                119.356        29.438        18.043         0.349         1.178        95.985         0.000         0.000         0.000
  HS1316892.1                 87.523        21.590        13.224         0.255         0.856        70.386         0.000         0.000         0.000
  HS1317102.1                  0.000         0.000         0.000         0.000         0.000         0.000         0.000         0.000         0.000
  HS1318293.1               1219.230       302.587       185.696         3.624        12.172       987.015         0.000         0.000         0.000
  HS1318293.2               2472.092       612.908       376.281         7.337        24.570      2000.670         0.000         0.000         0.000
  HS1318328.1                317.941        78.342        48.047         0.938         3.126       256.229         0.000         0.000         0.000
  HS1318412.1                 33.638         8.333         5.075         0.099         0.330        27.150         0.000         0.000         0.000
  HS1324399.1               2131.389       527.582       323.940         6.333        21.158      1724.351         0.000         0.000         0.000
  HS1324403.1               2131.808       527.664       323.983         6.334        21.163      1724.565         0.000         0.000         0.000
  HS1330826.1                117.790        29.062        17.781         0.352         1.189        95.055         0.000         0.000         0.000
  HS1330834.1                123.805        30.559        18.700         0.370         1.248        99.955         0.000         0.000         0.000
  HS1330842.1                293.545        72.533        44.315         0.876         2.976       236.506         0.000         0.000         0.000
  HS1330861.1                296.489        73.311        44.791         0.885         3.008       238.989         0.000         0.000         0.000
  HS1344037.1                 10.996         2.729         1.673         0.032         0.110         8.907         0.000         0.000         0.000
  HS1344159.1               2057.261       511.547       308.695         6.123        19.126      1666.725         0.000         0.000         0.000
  HS1344187.1                259.566        64.137        39.299         0.764         2.592       209.232         0.000         0.000         0.000
  HS1344261.1                 84.618        20.985        12.750         0.249         0.861        68.186         0.000         0.000         0.000
  HS1344263.1                472.812       117.049        71.518         1.397         4.735       382.237         0.000         0.000         0.000
  HS1344319.1                  4.360         1.078         0.657         0.013         0.043         3.505         0.000         0.000         0.000
  HS1344902.1                164.040        40.677        24.927         0.485         1.643       132.673         0.000         0.000         0.000
  HS1344915.1                240.587        59.488        36.393         0.707         2.414       193.466         0.000         0.000         0.000
  HS1344920.1                143.666        35.370        21.747         0.422         1.412       115.782         0.000         0.000         0.000
  HS1344978.1                249.630        61.762        37.870         0.739         2.497       201.727         0.000         0.000         0.000
  HS2003013.1               1242.351       357.439        92.993         4.224         1.846      1133.608         0.000         0.000         0.000
  HS2003015.1               2119.570       537.296       276.448         6.466         8.225      1752.007         0.000         0.000         0.000
  HS2003020.1                686.660       175.579        81.296         2.121         1.440       571.954         0.000         0.000         0.000
  HS2003023.1               1434.264       361.370       197.380         4.340         7.444      1179.225         0.000         0.000         0.000
  HS2003028.1                691.518       175.583        86.870         2.120         1.957       572.351         0.000         0.000         0.000
  HS2003029.1                702.722       175.420       102.746         2.115         5.701       572.631         0.000         0.000         0.000
  HS2003046.1               1445.627       361.737       210.500         4.342        10.990      1181.158         0.000         0.000         0.000
  HS2003070.1                797.138       198.405       121.745         2.377         7.982       647.651         0.000         0.000         0.000
  HS2003072.1                705.874       175.398       107.414         2.113         7.065       572.683         0.000         0.000         0.000
  HS2003083.1                357.077        88.598        54.366         1.064         3.530       289.974         0.000         0.000         0.000
  HS2003085.1                754.049       187.500       115.036         2.245         7.569       611.857         0.000         0.000         0.000
  HS2003086.1                358.572        88.743        54.453         1.066         3.537       290.688         0.000         0.000         0.000
  HS2003093.1                759.910       188.141       115.414         2.253         7.600       614.729         0.000         0.000         0.000
  HS2003095.1                728.037       180.050       110.445         2.156         7.285       588.588         0.000         0.000         0.000
  HS2003109.1                 39.514         9.829         6.049         0.118         0.398        32.085         0.000         0.000         0.000
  HS2003111.1                283.381        69.887        42.852         0.840         2.772       229.262         0.000         0.000         0.000
  HS2003111.2                712.471       176.180       108.062         2.109         7.132       575.945         0.000         0.000         0.000
  HS2003113.1                321.454        79.559        48.811         0.957         3.163       260.674         0.000         0.000         0.000
  HS2003125.1                 55.045        13.821         8.413         0.167         0.551        44.944         0.000         0.000         0.000
  HS2003142.1                 39.645         9.853         6.063         0.118         0.400        32.160         0.000         0.000         0.000
  HS2003144.1                  0.545         0.135         0.083         0.002         0.006         0.440         0.000         0.000         0.000
  MH0100292.1               1202.359       300.668       171.483         3.596         8.451       979.411         0.000         0.000         0.000
  MH0100330.1                781.562       193.980       118.740         2.318         7.770       632.024         0.000         0.000         0.000
  MH0100334.1                758.184       188.065       115.110         2.248         7.534       612.784         0.000         0.000         0.000
  MH0101923.1                757.909       188.014       115.082         2.248         7.530       612.650         0.000         0.000         0.000
  MH0101924.1               1348.917       337.744       190.660         4.044         8.936      1100.816         0.000         0.000         0.000
  MH0103033.1                 11.544         2.873         1.759         0.034         0.113         9.372         0.000         0.000         0.000
  MH0200659.1                115.757        29.172        17.800         0.344         1.180        94.030         0.000         0.000         0.000
  MH0200661.1                117.747        29.458        17.965         0.348         1.191        95.255         0.000         0.000         0.000
  MH0201597.1                230.184        57.341        35.054         0.680         2.375       185.235         0.000         0.000         0.000
  MH0201710.1                532.152       131.796        80.906         1.587         5.199       430.875         0.000         0.000         0.000
  MH0241587.1                242.248        60.373        36.921         0.724         2.459       196.719         0.000         0.000         0.000
  MH0241590.1                327.404        81.416        49.808         0.976         3.307       265.584         0.000         0.000         0.000
  MH0241603.1                 48.327        11.981         7.353         0.142         0.481        38.938         0.000         0.000         0.000
  MH0241642.1                249.736        61.767        37.789         0.735         2.504       200.915         0.000         0.000         0.000
  MH0242298.1                403.534        99.853        61.015         1.180         3.956       325.602         0.000         0.000         0.000
  MH0242303.1                596.295       147.789        90.262         1.744         5.930       480.676         0.000         0.000         0.000
  MH0242782.1                298.671        73.904        45.055         0.878         2.990       241.068         0.000         0.000         0.000
  MH0258475.1                 93.742        23.098        14.182         0.277         0.916        75.874         0.000         0.000         0.000
  VP0232532.1                 49.005        12.413         7.567         0.145         0.500        39.906         0.000         0.000         0.000
  YS2003067.1                762.764       189.657       116.377         2.272         7.640       619.250         0.000         0.000         0.000
  HS2003014.2              1.100e+04      2800.633      1504.637        33.557        75.680      9109.825         0.000         0.000         0.000
  HS2003014.1                312.966       939.393         0.000        33.544        75.607      1828.372         0.000         0.000         0.000
  1                          654.891       177.320        88.382         2.091         5.529       559.459         0.000         0.000         0.000
  2                         7246.913      1822.197      1052.272        21.790        57.982      5928.883         0.000         0.000         0.000
  

  Analysis begun on:  Wed Nov 26 22:59:27 2025
  Analysis ended on:  Wed Nov 26 22:59:36 2025
  Total elapsed time: 00:00:09