
  EPA STORM WATER MANAGEMENT MODEL - VERSION 5.2 (Build 5.2.4)
  PYSWMM TOOLKIT API - VERSION v1.0 (2025-11-18)
  ------------------------------------------------------------

  
  ****************
  Analysis Options
  ****************
  Flow Units ............... LPS
  Process Models:
    Rainfall/Runoff ........ NO
    RDII ................... NO
    Snowmelt ............... NO
    Groundwater ............ NO
    Flow Routing ........... YES
    Ponding Allowed ........ YES
    Water Quality .......... YES
  Flow Routing Method ...... DYNWAVE
  Surcharge Method ......... EXTRAN
  Starting Date ............ 01/01/2025 00:00:00
  Ending Date .............. 01/03/2025 00:00:00
  Antecedent Dry Days ...... 0.0
  Report Time Step ......... 00:05:00
  Routing Time Step ........ 60.00 sec
  Variable Time Step ....... YES
  Maximum Trials ........... 10
  Number of Threads ........ 1
  Head Tolerance ........... 0.001500 m
  
  
  **************************        Volume        Volume
  Flow Routing Continuity        hectare-m      10^6 ltr
  **************************     ---------     ---------
  Dry Weather Inflow .......         0.000         0.000
  Wet Weather Inflow .......         0.000         0.000
  Groundwater Inflow .......         0.000         0.000
  RDII Inflow ..............         0.000         0.000
  External Inflow ..........         9.533        95.327
  External Outflow .........         9.392        93.925
  Flooding Loss ............         0.000         0.000
  Evaporation Loss .........         0.000         0.000
  Exfiltration Loss ........         0.000         0.000
  Initial Stored Volume ....         0.016         0.159
  Final Stored Volume ......         0.159         1.593
  Continuity Error (%) .....        -0.033
  
  
  **************************          BODf          BODs           NH4           NO3            DO
  Quality Routing Continuity            kg            kg            kg            kg            kg
  **************************    ----------    ----------    ----------    ----------    ----------
  Dry Weather Inflow .......         0.000         0.000         0.000         0.000         0.000
  Wet Weather Inflow .......         0.000         0.000         0.000         0.000         0.000
  Groundwater Inflow .......         0.000         0.000         0.000         0.000         0.000
  RDII Inflow ..............         0.000         0.000         0.000         0.000         0.000
  External Inflow ..........     19098.159      4711.318      2885.026        56.243       189.642
  External Outflow .........      7650.930      2509.903      1080.921        54.608       124.907
  Flooding Loss ............         0.000         0.000         0.000         0.000         0.000
  Exfiltration Loss ........         0.000         0.000         0.000         0.000         0.000
  Mass Reacted .............     11236.893      2148.915      1776.016         0.942        61.660
  Initial Stored Mass ......         0.000         0.000         0.000         0.000         0.000
  Final Stored Mass ........       218.007        54.212        29.182         0.690         3.125
  Continuity Error (%) .....        -0.040        -0.036        -0.038         0.004        -0.026
  
  
  **************************          TSSs          TSSn         TR_in         TR_ww
  Quality Routing Continuity            kg            kg            kg            kg
  **************************    ----------    ----------    ----------    ----------
  Dry Weather Inflow .......         0.000         0.000         0.000         0.000
  Wet Weather Inflow .......         0.000         0.000         0.000         0.000
  Groundwater Inflow .......         0.000         0.000         0.000         0.000
  RDII Inflow ..............         0.000         0.000         0.000         0.000
  External Inflow ..........     15386.020         0.000         0.000         0.000
  External Outflow .........      7264.594         0.000         0.000         0.000
  Flooding Loss ............         0.000         0.000         0.000         0.000
  Exfiltration Loss ........         0.000         0.000         0.000         0.000
  Mass Reacted .............      7949.561         0.000         0.000         0.000
  Initial Stored Mass ......         0.000         0.000         0.000         0.000
  Final Stored Mass ........       177.636         0.000         0.000         0.000
  Continuity Error (%) .....        -0.038         0.000         0.000         0.000
  
  
  *************************
  Highest Continuity Errors
  *************************
  Node HS1314512 (2.93%)
  Node VP0232532 (2.78%)
  Node HS1314505 (1.24%)
  
  
  ***************************
  Time-Step Critical Elements
  ***************************
  Link HS1313044.2 (99.38%)
  
  
  ********************************
  Highest Flow Instability Indexes
  ********************************
  All links are stable.
  
  
  *********************************
  Most Frequent Nonconverging Nodes
  *********************************
  Convergence obtained at all time steps.
  
  
  *************************
  Routing Time Step Summary
  *************************
  Minimum Time Step           :     1.03 sec
  Average Time Step           :     3.51 sec
  Maximum Time Step           :    12.08 sec
  % of Time in Steady State   :     0.00
  Average Iterations per Step :     2.00
  % of Steps Not Converging   :     0.00
  Time Step Frequencies       :
     60.000 - 23.031 sec      :     0.00 %
     23.031 -  8.841 sec      :     0.00 %
      8.841 -  3.393 sec      :    47.39 %
      3.393 -  1.303 sec      :    52.61 %
      1.303 -  0.500 sec      :     0.00 %
  
  
  ******************
  Node Depth Summary
  ******************
  
  ---------------------------------------------------------------------------------
                                 Average  Maximum  Maximum  Time of Max    Reported
                                   Depth    Depth      HGL   Occurrence   Max Depth
  Node                 Type       Meters   Meters   Meters  days hr:min      Meters
  ---------------------------------------------------------------------------------
  HS1306447            JUNCTION     0.02     0.03    23.20     0  18:00        0.03
  HS1306449            JUNCTION     0.06     0.07    22.83     0  18:02        0.07
  HS1306461            JUNCTION     0.02     0.02    22.66     0  18:03        0.02
  HS1306471            JUNCTION     0.03     0.04    23.46     0  18:00        0.04
  HS1306554            JUNCTION     0.29     0.37    19.72     0  16:49        0.37
  HS1306571            JUNCTION     0.12     0.15    19.37     0  17:01        0.15
  HS1306601            JUNCTION     0.15     0.20    18.99     0  16:33        0.20
  HS1306611            JUNCTION     0.15     0.18    18.86     0  16:34        0.18
  HS1308259            JUNCTION     0.06     0.08    19.92     0  09:04        0.08
  HS1308282            JUNCTION     0.28     0.37    18.19     0  16:40        0.37
  HS1308301            JUNCTION     0.11     0.15    18.40     0  16:30        0.15
  HS1308302            JUNCTION     0.13     0.16    18.36     0  16:35        0.16
  HS1308324            JUNCTION     0.22     0.31    18.21     0  16:38        0.31
  HS1311200            JUNCTION     0.02     0.03    20.81     0  14:04        0.03
  HS1311204            JUNCTION     0.03     0.04    20.72     0  16:04        0.04
  HS1311269            JUNCTION     0.02     0.03    21.00     0  14:03        0.03
  HS1311284            JUNCTION     0.06     0.07    21.24     0  14:01        0.07
  HS1311288            JUNCTION     0.10     0.10    21.36     0  17:01        0.10
  HS1311339            JUNCTION     0.06     0.08    22.21     0  07:15        0.08
  HS1311349            JUNCTION     0.35     0.36    22.60     0  12:06        0.36
  HS1311380            JUNCTION     0.00     0.00    20.93     0  00:00        0.00
  HS1311392            JUNCTION     0.06     0.07    20.80     0  07:23        0.07
  HS1311473            JUNCTION     0.03     0.03    23.00     0  20:00        0.03
  HS1311475            JUNCTION     0.03     0.04    22.21     0  17:02        0.04
  HS1311491            JUNCTION     0.02     0.03    20.70     0  17:06        0.03
  HS1311887            JUNCTION     0.04     0.05    20.61     0  16:04        0.05
  HS1313001            JUNCTION     0.09     0.12    20.66     0  16:01        0.12
  HS1313016            JUNCTION     0.08     0.10    20.54     0  16:05        0.10
  HS1313025            JUNCTION     0.14     0.20    20.50     0  17:00        0.20
  HS1313026            JUNCTION     0.06     0.08    20.78     0  17:00        0.08
  HS1313037            JUNCTION     0.21     0.29    20.46     0  17:01        0.29
  HS1313044            JUNCTION     0.26     0.34    20.44     0  17:05        0.34
  HS1313045            JUNCTION     0.23     0.31    20.40     0  17:05        0.31
  HS1313083            JUNCTION     0.29     0.36    20.45     0  17:09        0.36
  HS1313123            JUNCTION     0.32     0.39    20.44     0  17:07        0.39
  HS1313140            JUNCTION     0.27     0.35    20.44     0  17:05        0.35
  HS1313162            JUNCTION     0.04     0.09    20.12     0  17:11        0.09
  HS1313167            JUNCTION     0.04     0.07    20.07     0  17:04        0.07
  HS1313205            JUNCTION     0.08     0.10    19.32     0  17:06        0.10
  HS1313217            JUNCTION     0.18     0.25    19.15     0  16:01        0.25
  HS1313220            JUNCTION     0.19     0.27    19.15     0  16:01        0.27
  HS1313240            JUNCTION     0.06     0.09    20.35     0  17:01        0.09
  HS1313252            JUNCTION     0.14     0.18    20.44     0  17:05        0.18
  HS1313253            JUNCTION     0.14     0.17    20.44     0  17:05        0.17
  HS1313263            JUNCTION     0.07     0.09    20.51     0  17:03        0.09
  HS1313283            JUNCTION     0.06     0.09    21.14     0  17:01        0.09
  HS1313290            JUNCTION     0.10     0.12    19.72     0  10:08        0.12
  HS1313298            JUNCTION     0.08     0.10    19.78     0  10:08        0.10
  HS1313300            JUNCTION     0.12     0.15    19.85     0  10:03        0.15
  HS1313343            JUNCTION     0.05     0.06    19.93     0  21:01        0.06
  HS1313346            JUNCTION     0.03     0.03    19.99     0  16:01        0.03
  HS1313391            JUNCTION     0.16     0.20    19.11     0  17:07        0.20
  HS1313407            JUNCTION     0.07     0.08    19.96     0  16:13        0.08
  HS1313411            JUNCTION     0.10     0.12    20.20     0  16:12        0.12
  HS1313415            JUNCTION     0.12     0.14    20.24     0  16:11        0.14
  HS1313447            JUNCTION     0.15     0.18    20.29     0  16:09        0.18
  HS1313471            JUNCTION     0.06     0.07    20.87     0  16:00        0.07
  HS1313487            JUNCTION     0.10     0.13    20.60     0  16:06        0.13
  HS1313508            JUNCTION     0.03     0.04    20.90     0  15:00        0.04
  HS1313534            JUNCTION     0.06     0.08    20.05     0  12:01        0.08
  HS1313569            JUNCTION     0.13     0.14    20.43     0  18:01        0.14
  HS1313572            JUNCTION     0.06     0.07    20.43     0  18:00        0.07
  HS1313587            JUNCTION     0.03     0.04    20.25     0  18:02        0.04
  HS1313591            JUNCTION     0.03     0.03    20.09     0  18:02        0.03
  HS1313597            JUNCTION     0.06     0.08    20.00     0  16:08        0.08
  HS1313613            JUNCTION     0.04     0.05    20.41     0  16:02        0.05
  HS1313618            JUNCTION     0.04     0.06    22.44     0  17:00        0.06
  HS1313640            JUNCTION     0.06     0.07    21.71     0  17:03        0.07
  HS1313676            JUNCTION     0.10     0.13    20.49     0  10:01        0.13
  HS1313677            JUNCTION     0.09     0.12    20.49     0  10:00        0.12
  HS1313700            JUNCTION     0.04     0.05    21.37     0  16:00        0.05
  HS1313709            JUNCTION     0.05     0.06    21.21     0  16:00        0.06
  HS1313728            JUNCTION     0.04     0.05    20.77     0  16:01        0.05
  HS1313730            JUNCTION     0.02     0.03    20.71     0  16:01        0.03
  HS1313740            JUNCTION     0.02     0.03    20.78     0  16:01        0.03
  HS1313756            JUNCTION     0.17     0.19    20.00     0  16:08        0.19
  HS1313763            JUNCTION     0.06     0.07    19.86     0  16:10        0.07
  HS1313794            JUNCTION     0.08     0.11    18.80     0  16:23        0.11
  HS1313803            JUNCTION     0.09     0.12    18.90     0  16:20        0.12
  HS1313835            JUNCTION     0.11     0.15    18.62     0  16:20        0.15
  HS1313839            JUNCTION     0.14     0.15    20.49     0  16:20        0.15
  HS1313865            JUNCTION     0.36     0.38    20.49     0  16:09        0.38
  HS1313873            JUNCTION     0.10     0.12    20.03     0  16:11        0.12
  HS1313881            JUNCTION     0.07     0.09    20.94     0  16:02        0.09
  HS1313913            JUNCTION     0.05     0.06    21.06     0  16:01        0.06
  HS1313924            JUNCTION     0.07     0.09    21.16     0  16:01        0.09
  HS1313925            JUNCTION     0.03     0.04    21.46     0  08:01        0.04
  HS1313957            JUNCTION     0.06     0.08    20.33     0  16:03        0.08
  HS1313959            JUNCTION     0.06     0.07    20.32     0  08:09        0.07
  HS1313965            JUNCTION     0.05     0.06    22.18     0  09:01        0.06
  HS1313998            JUNCTION     0.08     0.09    21.74     0  17:01        0.09
  HS1314210            JUNCTION     0.05     0.07    20.09     0  14:04        0.07
  HS1314237            JUNCTION     0.13     0.16    19.89     0  17:00        0.16
  HS1314268            JUNCTION     0.11     0.13    19.20     0  17:02        0.13
  HS1314475            JUNCTION     0.04     0.09    18.11     0  16:50        0.09
  HS1314992            JUNCTION     0.35     0.42    18.12     0  16:49        0.42
  HS1316010            JUNCTION     0.03     0.04    21.77     0  17:00        0.04
  HS1316014            JUNCTION     0.02     0.02    21.88     0  16:01        0.02
  HS1316037            JUNCTION     0.02     0.02    21.47     0  16:04        0.02
  HS1316045            JUNCTION     0.11     0.13    20.25     0  11:00        0.13
  HS1316177            JUNCTION     0.17     0.23    18.53     0  16:20        0.23
  HS1316202            JUNCTION     0.20     0.28    18.48     0  16:23        0.28
  HS1316207            JUNCTION     0.25     0.33    18.45     0  16:24        0.33
  HS1316267            JUNCTION     0.17     0.21    19.35     0  16:08        0.21
  HS1316302            JUNCTION     0.08     0.10    21.63     0  16:01        0.10
  HS1316321            JUNCTION     0.07     0.09    22.41     0  16:00        0.09
  HS1316332            JUNCTION     0.01     0.02    22.80     0  16:00        0.02
  HS1316334            JUNCTION     0.01     0.01    22.89     0  16:01        0.01
  HS1316344            JUNCTION     0.14     0.16    19.93     0  09:03        0.16
  HS1316357            JUNCTION     0.13     0.15    19.88     0  09:01        0.15
  HS1316368            JUNCTION     0.08     0.09    19.77     0  09:01        0.09
  HS1316381            JUNCTION     0.02     0.03    20.45     0  16:00        0.03
  HS1316393            JUNCTION     0.00     0.00    20.36     0  00:00        0.00
  HS1316396            JUNCTION     0.00     0.00    20.39     0  00:00        0.00
  HS1316410            JUNCTION     0.03     0.04    20.39     0  17:00        0.04
  HS1316415            JUNCTION     0.08     0.10    20.30     0  15:02        0.10
  HS1316417            JUNCTION     0.56     0.59    19.78     0  14:02        0.59
  HS1316445            JUNCTION     0.04     0.05    19.79     0  15:04        0.05
  HS1316467            JUNCTION     0.06     0.08    21.44     0  16:02        0.08
  HS1316505            JUNCTION     0.26     0.34    18.28     0  16:32        0.34
  HS1316530            JUNCTION     0.24     0.32    18.43     0  16:25        0.32
  HS1316532            JUNCTION     0.04     0.05    18.76     0  16:22        0.05
  HS1316554            JUNCTION     0.22     0.27    19.35     0  16:26        0.27
  HS1316563            JUNCTION     0.31     0.37    19.46     0  16:24        0.37
  HS1316566            JUNCTION     0.11     0.13    19.50     0  17:00        0.13
  HS1316585            JUNCTION     0.10     0.13    20.16     0  17:00        0.13
  HS1316637            JUNCTION     0.07     0.09    21.84     0  16:04        0.09
  HS1316643            JUNCTION     0.05     0.07    22.20     0  16:02        0.07
  HS1316671            JUNCTION     0.07     0.10    23.08     0  16:01        0.10
  HS1316676            JUNCTION     0.03     0.04    22.41     0  17:02        0.04
  HS1316677            JUNCTION     0.06     0.07    22.31     0  17:04        0.07
  HS1316688            JUNCTION     0.03     0.04    21.82     0  17:04        0.04
  HS1316694            JUNCTION     0.33     0.46    20.10     0  17:06        0.46
  HS1316707            JUNCTION     0.05     0.06    21.74     0  16:02        0.06
  HS1316717            JUNCTION     0.06     0.08    20.68     0  16:03        0.08
  HS1316718            JUNCTION     0.06     0.07    20.56     0  16:03        0.07
  HS1316721            JUNCTION     0.11     0.13    20.52     0  10:03        0.13
  HS1316726            JUNCTION     0.11     0.14    20.42     0  09:01        0.14
  HS1316786            JUNCTION     0.10     0.12    20.34     0  16:14        0.12
  HS1316811            JUNCTION     0.06     0.07    22.04     0  07:06        0.07
  HS1316814            JUNCTION     0.04     0.05    23.00     0  16:00        0.05
  HS1316835            JUNCTION     0.06     0.07    22.48     0  10:01        0.07
  HS1316849            JUNCTION     0.06     0.08    22.20     0  16:01        0.08
  HS1316865            JUNCTION     0.03     0.04    22.10     0  16:03        0.04
  HS1316868            JUNCTION     0.03     0.04    22.35     0  16:03        0.04
  HS1316892            JUNCTION     0.06     0.08    22.66     0  16:04        0.08
  HS1317102            JUNCTION     0.00     0.00    20.62     0  00:00        0.00
  HS1318293            JUNCTION     0.10     0.13    19.67     0  16:25        0.13
  HS1318328            JUNCTION     0.06     0.08    20.30     0  16:07        0.08
  HS1318412            JUNCTION     0.03     0.05    21.73     0  17:02        0.05
  HS1324399            JUNCTION     0.18     0.31    20.12     0  17:06        0.31
  HS1324403            JUNCTION     0.32     0.40    20.40     0  17:05        0.40
  HS1330826            JUNCTION     0.27     0.30    19.65     0  16:01        0.30
  HS1330834            JUNCTION     0.05     0.08    19.48     0  16:03        0.08
  HS1330842            JUNCTION     0.08     0.10    19.41     0  16:03        0.10
  HS1330861            JUNCTION     0.02     0.02    18.67     0  16:04        0.02
  HS1344037            JUNCTION     0.02     0.05    21.14     0  17:01        0.05
  HS1344159            JUNCTION     0.12     0.16    18.57     0  16:22        0.16
  HS1344166            JUNCTION     0.22     0.29    20.45     0  17:08        0.29
  HS1344187            JUNCTION     0.06     0.07    19.94     0  16:09        0.07
  HS1344261            JUNCTION     0.04     0.05    21.66     0  16:00        0.05
  HS1344263            JUNCTION     0.09     0.11    20.66     0  17:05        0.11
  HS1344319            JUNCTION     0.10     0.12    22.66     0  16:04        0.12
  HS1344902            JUNCTION     0.06     0.09    23.28     0  17:01        0.09
  HS1344915            JUNCTION     0.10     0.12    21.02     0  16:01        0.12
  HS1344920            JUNCTION     0.04     0.05    21.22     0  17:00        0.05
  HS1344978            JUNCTION     0.04     0.05    20.89     0  16:03        0.05
  HS2003070            JUNCTION     0.14     0.16    18.56     0  17:11        0.16
  HS2003072            JUNCTION     0.14     0.18    18.48     0  16:21        0.18
  HS2003083            JUNCTION     0.05     0.08    18.48     0  16:30        0.08
  HS2003085            JUNCTION     0.18     0.20    18.57     0  17:10        0.20
  HS2003086            JUNCTION     0.05     0.06    18.50     0  17:04        0.06
  HS2003093            JUNCTION     0.09     0.12    18.58     0  17:08        0.12
  HS2003095            JUNCTION     0.08     0.10    18.59     0  17:06        0.10
  HS2003109            JUNCTION     0.01     0.01    18.61     0  16:14        0.01
  HS2003111            JUNCTION     0.11     0.13    18.65     0  17:04        0.13
  HS2003113            JUNCTION     0.05     0.06    18.60     0  17:06        0.06
  HS2003125            JUNCTION     0.01     0.02    18.69     0  13:06        0.02
  HS2003142            JUNCTION     0.02     0.03    18.75     0  16:08        0.03
  HS2003144            JUNCTION     0.05     0.05    18.79     0  16:03        0.05
  MH0100330            JUNCTION     0.06     0.09    19.92     0  16:12        0.09
  MH0100334            JUNCTION     0.06     0.08    20.00     0  16:08        0.08
  MH0101923            JUNCTION     0.07     0.10    19.93     0  16:11        0.10
  MH0103033            JUNCTION     0.03     0.04    22.04     0  07:06        0.04
  MH0200659            JUNCTION     0.02     0.03    20.00     0  14:38        0.03
  MH0200661            JUNCTION     0.02     0.02    20.19     0  14:18        0.02
  MH0201597            JUNCTION     0.19     0.27    19.74     0  16:55        0.27
  MH0201629            JUNCTION     0.03     0.04    19.91     0  16:01        0.04
  MH0201710            JUNCTION     0.08     0.15    19.74     0  16:58        0.15
  MH0241587            JUNCTION     0.24     0.26    20.49     0  16:09        0.26
  MH0241590            JUNCTION     0.06     0.07    19.97     0  16:11        0.07
  MH0241603            JUNCTION     0.01     0.02    19.90     0  16:13        0.02
  MH0241642            JUNCTION     0.01     0.01    20.56     0  16:02        0.01
  MH0242298            JUNCTION     0.10     0.13    19.02     0  17:00        0.13
  MH0242303            JUNCTION     0.07     0.09    18.72     0  17:01        0.09
  MH0242782            JUNCTION     0.06     0.07    22.60     0  08:03        0.07
  MH0258475            JUNCTION     0.04     0.06    23.18     0  17:01        0.06
  VP0232532            JUNCTION     0.05     0.06    20.21     0  17:37        0.06
  YS2003067            JUNCTION     0.36     0.38    18.57     0  17:11        0.38
  MH0100819            OUTFALL      0.17     0.22    17.46     0  16:54        0.22
  1                    OUTFALL      0.27     0.31    17.81     0  16:50        0.31
  HS1314512            STORAGE      0.45     0.52    18.11     0  16:50        0.52
  HS1314477            STORAGE      0.50     0.57    18.11     0  16:50        0.57
  HS2003013            STORAGE      0.19     0.26    18.10     0  16:48        0.26
  HS1314769            STORAGE      0.26     0.33    18.11     0  16:50        0.33
  HS1314505            STORAGE      0.38     0.45    18.11     0  16:50        0.45
  HS2003015            STORAGE      0.07     0.09    18.18     0  17:09        0.09
  HS2003020            STORAGE      0.06     0.08    18.26     0  16:28        0.08
  HS2003023            STORAGE      0.15     0.18    18.35     0  17:17        0.18
  HS2003028            STORAGE      0.12     0.15    18.30     0  16:27        0.15
  HS2003029            STORAGE      0.05     0.06    18.32     0  16:25        0.06
  HS2003046            STORAGE      0.12     0.15    18.47     0  17:13        0.15
  HS1306904            STORAGE      0.19     0.24    18.54     0  16:21        0.24
  HS1306618            STORAGE      0.06     0.07    18.60     0  16:35        0.07
  HS1313402            STORAGE      0.09     0.11    18.95     0  16:23        0.11
  MH0101924            STORAGE      0.06     0.08    19.78     0  16:14        0.08
  MH0100292            STORAGE      0.12     0.14    19.90     0  16:14        0.14
  HS2003014            STORAGE      0.18     0.24    17.88     0  16:54        0.24
  
  
  *******************
  Node Inflow Summary
  *******************
  
  -------------------------------------------------------------------------------------------------
                                  Maximum  Maximum                  Lateral       Total        Flow
                                  Lateral    Total  Time of Max      Inflow      Inflow     Balance
                                   Inflow   Inflow   Occurrence      Volume      Volume       Error
  Node                 Type           LPS      LPS  days hr:min    10^6 ltr    10^6 ltr     Percent
  -------------------------------------------------------------------------------------------------
  HS1306447            JUNCTION      0.00     3.21     0  18:00           0       0.357       0.020
  HS1306449            JUNCTION      0.00     3.21     0  18:00           0       0.357       0.147
  HS1306461            JUNCTION      0.00     3.20     0  18:02           0       0.357       0.037
  HS1306471            JUNCTION      3.21     3.21     0  18:00       0.166       0.358       0.025
  HS1306554            JUNCTION     20.15    56.39     0  16:40       0.986        5.72       0.383
  HS1306571            JUNCTION     17.38   164.63     0  17:00       0.944          19       0.161
  HS1306601            JUNCTION      6.32   212.02     0  16:30       0.365        24.2       0.146
  HS1306611            JUNCTION      0.00   181.89     0  16:33           0          21       0.087
  HS1308259            JUNCTION      1.65    19.52     0  09:01      0.0953        2.05       0.138
  HS1308282            JUNCTION      0.00   340.21     0  16:31           0        40.1       0.034
  HS1308301            JUNCTION      0.00    20.45     0  16:20           0        2.14       0.254
  HS1308302            JUNCTION      7.58    27.04     0  16:30        0.39        2.88       0.115
  HS1308324            JUNCTION     12.74   340.38     0  16:29       0.674        40.1       0.032
  HS1311200            JUNCTION      0.02     2.01     0  14:04    0.000921       0.228       0.027
  HS1311204            JUNCTION      0.00     4.31     0  16:02           0       0.538       0.058
  HS1311269            JUNCTION      0.08     1.99     0  14:02     0.00457       0.227       0.118
  HS1311284            JUNCTION      1.50     1.95     0  14:00      0.0803       0.219       0.425
  HS1311288            JUNCTION      0.58     0.58     0  17:00      0.0317      0.0608       0.374
  HS1311339            JUNCTION      5.33     8.88     0  07:05       0.257           1       0.348
  HS1311349            JUNCTION      4.22     4.22     0  12:00       0.242        0.48       0.338
  HS1311380            JUNCTION      0.00     0.00     0  00:00           0           0       0.000 ltr
  HS1311392            JUNCTION      0.17     8.88     0  07:18     0.00771        1.01       0.228
  HS1311473            JUNCTION      2.66     2.66     0  20:00       0.157        0.31       0.026
  HS1311475            JUNCTION      2.50     2.50     0  17:00       0.134       0.242       0.100
  HS1311491            JUNCTION      0.19     2.60     0  17:04     0.00844       0.258       0.084
  HS1311887            JUNCTION     14.15    22.26     0  16:00       0.722        2.53       0.116
  HS1313001            JUNCTION      6.54    10.80     0  16:00       0.301        1.18       0.065
  HS1313016            JUNCTION      0.00    10.76     0  16:02           0        1.18       0.117
  HS1313025            JUNCTION      0.00    36.18     0  17:00           0        3.72       0.036
  HS1313026            JUNCTION     28.18    28.18     0  17:00        1.34        2.54       0.003
  HS1313037            JUNCTION      1.09    36.92     0  17:00      0.0574        3.82       0.048
  HS1313044            JUNCTION      0.04    82.80     0  16:58     0.00201        9.79       0.057
  HS1313045            JUNCTION      0.32    82.96     0  17:04      0.0165        9.81       0.017
  HS1313083            JUNCTION     35.72    37.49     0  17:00        1.99        4.36       0.408
  HS1313123            JUNCTION      2.59    40.06     0  18:00       0.117         4.6       0.407
  HS1313140            JUNCTION     13.55    13.55     0  17:00       0.781        1.52       0.032
  HS1313162            JUNCTION      0.66     6.48     0  17:04      0.0368       0.219       0.141
  HS1313167            JUNCTION      0.00    35.50     0  17:02           0         2.9       0.147
  HS1313205            JUNCTION     17.34   103.51     0  17:04        0.94        11.7       0.162
  HS1313217            JUNCTION      0.00    13.76     0  17:06     0.00024        1.43       0.124
  HS1313220            JUNCTION     34.39    47.18     0  16:00        1.55        4.58       0.033
  HS1313240            JUNCTION     14.11    29.32     0  17:00       0.647        2.69       0.160
  HS1313252            JUNCTION      0.68    15.43     0  17:04      0.0337         1.4       0.096
  HS1313253            JUNCTION      0.12    14.81     0  17:03     0.00667        1.35       0.175
  HS1313263            JUNCTION      1.81    14.74     0  17:01      0.0824        1.34       0.112
  HS1313283            JUNCTION     13.46    13.83     0  17:00       0.522        1.17       0.146
  HS1313290            JUNCTION     10.74    56.88     0  10:07       0.514        6.59       0.060
  HS1313298            JUNCTION      0.00    46.83     0  10:03           0         5.5       0.186
  HS1313300            JUNCTION      0.09    33.93     0  10:01     0.00448        3.63       0.075
  HS1313343            JUNCTION     15.45    16.46     0  21:00       0.845        1.88       0.391
  HS1313346            JUNCTION      1.26     1.26     0  16:00       0.066        0.12       0.047
  HS1313391            JUNCTION      0.00   113.89     0  17:05           0        13.1       0.124
  HS1313407            JUNCTION      0.90    25.26     0  16:13      0.0457        2.83       0.020
  HS1313411            JUNCTION      2.69    24.50     0  16:11       0.142        2.74       0.037
  HS1313415            JUNCTION      5.87    21.88     0  16:08       0.288        2.45       0.091
  HS1313447            JUNCTION      3.13    17.31     0  16:06       0.172        1.89       0.105
  HS1313471            JUNCTION      8.26     8.26     0  16:00       0.425       0.846       0.032
  HS1313487            JUNCTION      4.93    14.46     0  16:01        0.18        1.55       0.121
  HS1313508            JUNCTION      3.03     3.03     0  15:00       0.154        0.32       0.000
  HS1313534            JUNCTION      1.91     1.91     0  12:00       0.101       0.233       0.136
  HS1313569            JUNCTION      1.19     1.19     0  07:00      0.0495       0.104       0.236
  HS1313572            JUNCTION      3.52     4.31     0  18:00       0.184       0.478       0.085
  HS1313587            JUNCTION      0.00     4.31     0  18:01           0       0.477       0.044
  HS1313591            JUNCTION      0.03     4.33     0  18:02     0.00123       0.479       0.013
  HS1313597            JUNCTION      0.03    11.06     0  16:06     0.00151        1.18       0.060
  HS1313613            JUNCTION      4.95     4.95     0  16:00       0.239        0.48       0.020
  HS1313618            JUNCTION      6.27     6.27     0  17:00       0.342       0.698       0.057
  HS1313640            JUNCTION      0.00     8.17     0  17:01           0       0.863       0.130
  HS1313676            JUNCTION     30.91    34.02     0  10:00        1.45        3.62       0.041
  HS1313677            JUNCTION      0.01     7.47     0  17:00    0.000447       0.709       0.079
  HS1313700            JUNCTION      3.88    10.34     0  16:00       0.186        1.24       0.042
  HS1313709            JUNCTION      0.51     7.29     0  16:00      0.0239       0.863       0.015
  HS1313728            JUNCTION      0.04     3.59     0  16:00      0.0018        0.43       0.101
  HS1313730            JUNCTION      0.02     3.60     0  16:01     0.00093       0.431       0.010
  HS1313740            JUNCTION      3.19     3.19     0  16:00       0.158       0.335       0.026
  HS1313756            JUNCTION      0.00     3.19     0  16:01           0       0.336       0.713
  HS1313763            JUNCTION      2.29    14.23     0  16:09       0.126        1.52       0.025
  HS1313794            JUNCTION      0.00    78.66     0  16:20           0        8.92       0.104
  HS1313803            JUNCTION      3.89    64.45     0  16:19       0.199        7.41       0.083
  HS1313835            JUNCTION     19.97   105.90     0  16:14        1.01        12.5       0.113
  HS1313839            JUNCTION      6.78     6.78     0  17:00       0.312       0.618       0.391
  HS1313865            JUNCTION      4.39    14.62     0  16:06       0.216        1.61       0.379
  HS1313873            JUNCTION      0.29    14.87     0  16:10       0.015        1.63       0.043
  HS1313881            JUNCTION      0.46    10.99     0  16:01      0.0211        1.25       0.048
  HS1313913            JUNCTION      1.29     8.98     0  16:01       0.066        1.07       0.018
  HS1313924            JUNCTION      0.81     7.99     0  16:00      0.0378       0.943       0.037
  HS1313925            JUNCTION      3.45     3.45     0  08:00       0.169       0.338       0.051
  HS1313957            JUNCTION      0.00     4.43     0  16:00           0       0.471       0.205
  HS1313959            JUNCTION      0.00    13.52     0  08:07           0        1.58       0.041
  HS1313965            JUNCTION     10.09    10.09     0  09:00       0.593        1.11       0.030
  HS1313998            JUNCTION      0.00     1.93     0  17:00           0       0.166       0.178
  HS1314210            JUNCTION      6.08     6.08     0  14:00       0.311       0.633       0.089
  HS1314237            JUNCTION     34.56    39.57     0  17:00        1.97        4.56       0.084
  HS1314268            JUNCTION      1.26    40.33     0  17:01      0.0711        4.68       0.049
  HS1314475            JUNCTION      2.43     2.43     0  15:00       0.113       0.239       0.012
  HS1314992            JUNCTION      0.00   340.11     0  16:32           0        40.1       0.146
  HS1316010            JUNCTION      1.93     1.93     0  17:00      0.0859       0.166       0.037
  HS1316014            JUNCTION      0.97     0.97     0  16:00      0.0487       0.101       0.032
  HS1316037            JUNCTION      0.34     1.14     0  16:02      0.0158       0.133       0.058
  HS1316045            JUNCTION      7.39    19.93     0  11:00       0.418        2.37       0.065
  HS1316177            JUNCTION      0.00   150.80     0  16:14           0        17.6       0.090
  HS1316202            JUNCTION      0.00   160.49     0  16:18           0        18.8       0.085
  HS1316207            JUNCTION      0.00   264.17     0  16:21           0          31       0.036
  HS1316267            JUNCTION      6.47    61.29     0  16:02       0.306        6.71       0.270
  HS1316302            JUNCTION      0.00    30.07     0  16:00           0        3.08       0.083
  HS1316321            JUNCTION     24.40    25.75     0  16:00        1.23        2.65       0.045
  HS1316332            JUNCTION      1.15     1.36     0  16:00      0.0556       0.128       0.051
  HS1316334            JUNCTION      0.21     0.21     0  16:00      0.0117      0.0238       0.053
  HS1316344            JUNCTION      0.64    20.49     0  09:01      0.0375        2.45       0.112
  HS1316357            JUNCTION      1.78    22.13     0  09:01       0.103        2.65       0.036
  HS1316368            JUNCTION      0.80    22.85     0  09:01      0.0413        2.74       0.019
  HS1316381            JUNCTION      3.97     3.97     0  16:00       0.169       0.332       0.014
  HS1316393            JUNCTION      0.00     0.00     0  00:00           0           0       0.000 ltr
  HS1316396            JUNCTION      0.00     0.00     0  00:00           0           0       0.000 ltr
  HS1316410            JUNCTION      5.46     5.46     0  17:00       0.262       0.504       0.007
  HS1316415            JUNCTION     10.16    10.16     0  15:00       0.498       0.951       0.113
  HS1316417            JUNCTION     14.09    14.09     0  14:00       0.702        1.58       0.144
  HS1316445            JUNCTION      1.57    11.51     0  15:02       0.086        1.13       0.065
  HS1316467            JUNCTION     14.93    26.01     0  16:00        0.71        3.03       0.034
  HS1316505            JUNCTION      0.00   289.59     0  16:24           0        33.7       0.077
  HS1316530            JUNCTION     25.94   289.64     0  16:22        1.36        33.8       0.060
  HS1316532            JUNCTION      0.26   103.86     0  16:22      0.0137        12.3       0.013
  HS1316554            JUNCTION      0.00    74.87     0  16:24           0        8.66       0.077
  HS1316563            JUNCTION      0.00    74.91     0  16:15           0        8.68       0.217
  HS1316566            JUNCTION      6.58    45.47     0  17:00       0.358        5.15       0.032
  HS1316585            JUNCTION      0.00    39.11     0  17:00           0        4.44       0.112
  HS1316637            JUNCTION      2.28    21.20     0  16:03       0.107        2.08       0.059
  HS1316643            JUNCTION      0.12    19.53     0  16:01     0.00523        1.86       0.053
  HS1316671            JUNCTION     16.04    16.04     0  16:00       0.714        1.49       0.074
  HS1316676            JUNCTION      0.16     9.99     0  17:01     0.00821       0.835       0.033
  HS1316677            JUNCTION      3.44     8.15     0  17:02       0.171       0.838       0.031
  HS1316688            JUNCTION      0.00     8.14     0  17:04           0       0.838       0.017
  HS1316694            JUNCTION      2.22    90.57     0  17:05       0.106        10.6       0.033
  HS1316707            JUNCTION      1.21    11.34     0  16:01      0.0656        1.33       0.088
  HS1316717            JUNCTION      2.90    12.44     0  16:03       0.148        1.52       0.008
  HS1316718            JUNCTION      0.38    12.74     0  16:03      0.0242        1.56       0.007
  HS1316721            JUNCTION      1.37    22.92     0  10:00      0.0654        2.88       0.117
  HS1316726            JUNCTION     18.28    18.28     0  09:00       0.909        1.87       0.128
  HS1316786            JUNCTION      7.77    28.88     0  16:13       0.343         3.6       0.050
  HS1316811            JUNCTION      7.71    10.33     0  07:01       0.385        1.18       0.183
  HS1316814            JUNCTION      5.52     5.52     0  16:00       0.303       0.587       0.028
  HS1316835            JUNCTION      3.18     8.16     0  10:00        0.17       0.942       0.048
  HS1316849            JUNCTION      2.90    10.44     0  16:00       0.121         1.2       0.047
  HS1316865            JUNCTION      0.00     5.12     0  16:03           0        0.59       0.015
  HS1316868            JUNCTION      1.23     5.13     0  16:01      0.0731       0.591       0.056
  HS1316892            JUNCTION      3.88     4.10     0  16:00       0.185       0.431       0.168
  HS1317102            JUNCTION      0.00     0.00     0  00:00           0           0       0.000 ltr
  HS1318293            JUNCTION      8.88   148.80     0  16:26       0.453        18.3       0.119
  HS1318328            JUNCTION      0.13    14.53     0  16:06     0.00728        1.56       0.032
  HS1318412            JUNCTION      0.00     1.92     0  17:01           0       0.165       0.067
  HS1324399            JUNCTION      0.00    88.43     0  17:04           0        10.4       0.020
  HS1324403            JUNCTION      5.58    88.46     0  17:00       0.314        10.4       0.067
  HS1330826            JUNCTION      6.99     6.99     0  16:00       0.306       0.591       0.153
  HS1330834            JUNCTION      0.31     7.19     0  16:01      0.0155       0.621       0.104
  HS1330842            JUNCTION      8.31    14.87     0  16:02       0.425        1.48       0.058
  HS1330861            JUNCTION      0.15    14.99     0  16:03     0.00857        1.49       0.015
  HS1344037            JUNCTION      0.54     0.54     0  09:00      0.0275      0.0552       0.475
  HS1344159            JUNCTION      5.88    90.50     0  16:22       0.264          11       0.079
  HS1344166            JUNCTION      2.62     2.62     0  11:00       0.153       0.329       0.000
  HS1344187            JUNCTION      0.00    12.05     0  16:09           0        1.29       0.008
  HS1344261            JUNCTION      4.34     4.34     0  16:00       0.216       0.428       0.017
  HS1344263            JUNCTION      7.60    20.29     0  17:00       0.422        2.36       0.077
  HS1344319            JUNCTION      0.22     0.22     0  16:00      0.0107      0.0216       0.793
  HS1344902            JUNCTION      9.92     9.92     0  17:00       0.424       0.819       0.040
  HS1344915            JUNCTION      1.58    10.54     0  16:00      0.0646         1.2       0.046
  HS1344920            JUNCTION      7.47     7.47     0  17:00        0.38       0.708       0.019
  HS1344978            JUNCTION      0.02    10.28     0  16:03    0.000935        1.21       0.019
  HS2003070            JUNCTION      1.95    34.85     0  17:09      0.0915        4.24       0.102
  HS2003072            JUNCTION      3.01    31.58     0  16:12       0.135         3.4       0.470
  HS2003083            JUNCTION      0.76    15.48     0  17:07      0.0296        1.62       0.103
  HS2003085            JUNCTION      0.33    32.65     0  17:06      0.0174        4.04       0.378
  HS2003086            JUNCTION      2.14    14.71     0  17:04       0.104        1.56       0.162
  HS2003093            JUNCTION      1.39    32.39     0  17:05      0.0718        4.01       0.075
  HS2003095            JUNCTION      0.78    31.26     0  17:04      0.0363        3.85       0.065
  HS2003109            JUNCTION      0.00     1.74     0  16:10           0         0.2       0.291
  HS2003111            JUNCTION      0.00    41.77     0  17:02           0        4.95       0.165
  HS2003113            JUNCTION      0.00    12.64     0  17:03           0        1.38       0.156
  HS2003125            JUNCTION      2.69     2.69     0  13:00       0.143       0.277       0.145
  HS2003142            JUNCTION      1.75     1.77     0  16:00      0.0964       0.201       0.743
  HS2003144            JUNCTION      0.02     0.02     0  16:00     0.00144     0.00287       3.809
  MH0100330            JUNCTION      1.25    33.66     0  16:10      0.0647        3.89       0.032
  MH0100334            JUNCTION      0.00    33.14     0  16:03           0        3.78       0.208
  MH0101923            JUNCTION      0.00    32.98     0  16:08     0.00021        3.77       0.062
  MH0103033            JUNCTION      0.57     0.57     0  17:00      0.0303      0.0573       0.568
  MH0200659            JUNCTION      0.67     6.05     0  14:28      0.0356       0.667       0.365
  MH0200661            JUNCTION      3.51     5.65     0  14:00       0.162       0.599       0.479
  MH0201597            JUNCTION      0.00    39.30     0  17:00           0        3.95       0.735
  MH0201629            JUNCTION     12.51    12.51     0  16:00       0.576        1.18       0.000
  MH0201710            JUNCTION     24.24    29.66     0  17:00        1.15        2.77       0.176
  MH0241587            JUNCTION      1.76    11.73     0  17:01      0.0962        1.23       0.773
  MH0241590            JUNCTION      0.13    14.96     0  16:11     0.00694        1.65       0.008
  MH0241603            JUNCTION      0.09     1.94     0  12:01     0.00432       0.241       0.032
  MH0241642            JUNCTION      0.01    10.99     0  16:02    0.000242        1.25       0.007
  MH0242298            JUNCTION     22.63    22.63     0  17:00        1.07        1.98       0.014
  MH0242303            JUNCTION     10.19    28.81     0  17:00       0.532        2.97       0.025
  MH0242782            JUNCTION     10.84    14.20     0  08:00       0.487        1.49       0.065
  MH0258475            JUNCTION      5.09     5.09     0  17:00       0.239        0.46       0.144
  VP0232532            JUNCTION      0.00     2.60     0  17:06           0       0.258       2.863
  YS2003067            JUNCTION      0.58    32.96     0  17:07      0.0289        4.08       0.543
  MH0100819            OUTFALL       0.00   507.67     0  16:54           0        55.5       0.000
  1                    OUTFALL       0.00   308.51     0  16:50           0        38.4       0.000
  HS1314512            STORAGE      14.54    46.85     0  16:25       0.767        4.44       3.021
  HS1314477            STORAGE       0.00   341.45     0  16:34           0          41       0.563
  HS2003013            STORAGE       0.00   507.55     0  16:45           0        55.6       0.065
  HS1314769            STORAGE       6.44    79.24     0  17:01       0.338        6.88       0.346
  HS1314505            STORAGE       0.00    72.95     0  16:52           0        6.69       1.257
  HS2003015            STORAGE       0.16    95.97     0  17:08     0.00824        10.8       0.060
  HS2003020            STORAGE       0.05    31.74     0  16:26     0.00284         3.4       0.087
  HS2003023            STORAGE       0.07    64.93     0  17:13     0.00313        7.43       0.162
  HS2003028            STORAGE       0.15    31.70     0  16:25     0.00636        3.39       0.131
  HS2003029            STORAGE       0.06    31.58     0  16:22     0.00326        3.39       0.135
  HS2003046            STORAGE       0.00    64.92     0  17:09           0        7.44       0.182
  HS1306904            STORAGE      28.02   334.24     0  16:28        1.41        38.2       0.145
  HS1306618            STORAGE       0.00   181.89     0  16:34           0          21       0.018
  HS1313402            STORAGE      17.72   188.67     0  16:20       0.804        21.5       0.108
  MH0101924            STORAGE       7.73    59.56     0  16:12       0.412        6.82       0.089
  MH0100292            STORAGE       2.82    52.09     0  16:11       0.143        6.06       0.095
  HS2003014            STORAGE       0.65   507.95     0  16:47      0.0321        55.6      -0.001
  
  
  **********************
  Node Surcharge Summary
  **********************
  
  Surcharging occurs when water rises above the top of the highest conduit.
  ---------------------------------------------------------------------
                                               Max. Height   Min. Depth
                                   Hours       Above Crown    Below Rim
  Node                 Type      Surcharged         Meters       Meters
  ---------------------------------------------------------------------
  HS1316694            JUNCTION        3.48          0.055        1.945
  
  
  *********************
  Node Flooding Summary
  *********************
  
  No nodes were flooded.
  
  
  **********************
  Storage Volume Summary
  **********************
  
  ------------------------------------------------------------------------------------------------
                         Average    Avg   Evap  Exfil     Maximum    Max    Time of Max    Maximum
                          Volume   Pcnt   Pcnt   Pcnt      Volume   Pcnt     Occurrence    Outflow
  Storage Unit           1000 m³   Full   Loss   Loss     1000 m³   Full    days hr:min        LPS
  ------------------------------------------------------------------------------------------------
  HS1314512                0.001   15.1    0.0    0.0       0.001   17.5       0  16:50      45.92
  HS1314477                0.001   17.6    0.0    0.0       0.001   20.2       0  16:50     340.58
  HS2003013                0.000    6.2    0.0    0.0       0.001    8.3       0  16:48     507.49
  HS1314769                0.001    8.3    0.0    0.0       0.001   10.5       0  16:50      79.40
  HS1314505                0.001   12.2    0.0    0.0       0.001   14.5       0  16:50      73.08
  HS2003015                0.000    2.7    0.0    0.0       0.000    3.5       0  17:09      95.97
  HS2003020                0.000    2.3    0.0    0.0       0.000    3.0       0  16:28      31.73
  HS2003023                0.000    5.8    0.0    0.0       0.000    6.9       0  17:17      64.89
  HS2003028                0.000    4.5    0.0    0.0       0.000    5.6       0  16:27      31.69
  HS2003029                0.000    1.9    0.0    0.0       0.000    2.5       0  16:25      31.57
  HS2003046                0.000    5.0    0.0    0.0       0.000    6.4       0  17:13      64.86
  HS1306904                0.000    6.2    0.0    0.0       0.000    7.9       0  16:21     334.21
  HS1306618                0.000    1.9    0.0    0.0       0.000    2.4       0  16:35     181.89
  HS1313402                0.000    2.9    0.0    0.0       0.000    3.7       0  16:23     188.65
  MH0101924                0.000    2.6    0.0    0.0       0.000    3.3       0  16:14      59.54
  MH0100292                0.000    5.1    0.0    0.0       0.000    6.2       0  16:14      52.06
  HS2003014                0.176    6.3    0.0    0.0       0.239    8.6       0  16:54     507.67
  
  
  ***********************
  Outfall Loading Summary
  ***********************
  
  -----------------------------------------------------------------------------------------------------------------------------------------------------------------------------------------
                         Flow       Avg       Max       Total         Total         Total         Total         Total         Total         Total         Total         Total         Total
                         Freq      Flow      Flow      Volume          BODf          BODs           NH4           NO3            DO          TSSs          TSSn         TR_in         TR_ww
  Outfall Node           Pcnt       LPS       LPS    10^6 ltr            kg            kg            kg            kg            kg            kg            kg            kg            kg
  -----------------------------------------------------------------------------------------------------------------------------------------------------------------------------------------
  MH0100819            100.00    337.45    507.67      55.519        87.208       320.823         0.000        16.361        34.092       591.676         0.000         0.000         0.000
  1                    100.00    231.09    308.51      38.405      3820.792       959.719       549.997        11.362        29.288      3158.266         0.000         0.000         0.000
  -----------------------------------------------------------------------------------------------------------------------------------------------------------------------------------------
  System               100.00    568.54    816.15      93.924      3908.000      1280.542       549.997        27.723        63.380      3749.941         0.000         0.000         0.000
  
  
  ********************
  Link Flow Summary
  ********************
  
  -----------------------------------------------------------------------------
                                 Maximum  Time of Max   Maximum    Max/    Max/
                                  |Flow|   Occurrence   |Veloc|    Full    Full
  Link                 Type          LPS  days hr:min     m/sec    Flow   Depth
  -----------------------------------------------------------------------------
  HS1306447.1          CONDUIT      3.21     0  18:00      0.36    0.01    0.12
  HS1306449.1          CONDUIT      3.20     0  18:02      0.38    0.04    0.12
  HS1306461.1          CONDUIT      3.20     0  18:03      0.42    0.01    0.11
  HS1306471.1          CONDUIT      3.21     0  18:00      0.61    0.02    0.09
  HS1306554.1          CONDUIT     39.47     0  17:02      0.19    0.08    0.32
  HS1306554.2          CONDUIT     56.33     0  16:51      0.64    1.17    0.66
  HS1306571.1          CONDUIT    164.51     0  17:01      0.63    0.03    0.09
  HS1306601.1          CONDUIT     30.18     0  16:47      0.57    0.41    0.44
  HS1306601.2          CONDUIT    181.89     0  16:33      0.65    0.05    0.09
  HS1306611.1          CONDUIT    181.89     0  16:34      0.99    0.04    0.06
  HS1306618.1          CONDUIT    181.89     0  16:35      0.78    0.01    0.08
  HS1306904.1          CONDUIT      0.00     0  00:00      0.00    0.00    0.19
  HS1306904.2          CONDUIT    334.21     0  16:31      0.90    0.07    0.12
  HS1308259.1          CONDUIT     19.40     0  09:04      1.05    0.09    0.20
  HS1308282.1          CONDUIT    340.11     0  16:32      0.72    0.15    0.26
  HS1308301.1          CONDUIT     20.37     0  16:29      0.39    0.18    0.31
  HS1308302.1          CONDUIT     27.02     0  16:35      0.32    0.23    0.47
  HS1308324.1          CONDUIT    340.21     0  16:31      0.84    0.08    0.23
  HS1311200.1          CONDUIT      2.01     0  14:04      0.42    0.01    0.08
  HS1311204.1          CONDUIT      4.30     0  16:04      0.31    0.02    0.20
  HS1311269.1          CONDUIT      1.99     0  14:04      0.50    0.01    0.07
  HS1311284.1          CONDUIT      1.94     0  14:01      0.23    0.03    0.12
  HS1311288.1          CONDUIT      0.58     0  17:01      0.09    0.01    0.11
  HS1311339.1          CONDUIT      8.81     0  07:18      0.54    0.08    0.19
  HS1311349.2          CONDUIT      4.15     0  12:06      0.31    0.05    0.18
  HS1311380.1          CONDUIT      0.00     0  00:00      0.00    0.00    0.04
  HS1311392.1          CONDUIT      8.85     0  07:23      0.83    0.06    0.14
  HS1311473.1          CONDUIT      2.66     0  20:00      0.52    0.01    0.09
  HS1311475.1          CONDUIT      2.49     0  17:03      0.55    0.02    0.08
  HS1311491.1          CONDUIT      2.60     0  17:06      0.36    0.01    0.11
  HS1311887.1          CONDUIT     22.16     0  16:04      0.34    0.01    0.05
  HS1313001.1          CONDUIT     10.76     0  16:02      0.38    0.18    0.28
  HS1313016.1          CONDUIT     10.71     0  16:05      0.28    0.14    0.37
  HS1313025.1          CONDUIT     36.11     0  17:00      0.50    0.40    0.61
  HS1313026.1          CONDUIT     28.18     0  17:00      0.66    0.06    0.28
  HS1313037.1          CONDUIT     36.87     0  17:01      0.38    0.55    0.78
  HS1313044.1          CONDUIT     11.23     0  15:00      0.10    0.03    0.43
  HS1313044.2          CONDUIT     82.69     0  17:04      0.79    1.35    0.80
  HS1313045.1          CONDUIT     82.96     0  17:09      0.24    0.04    0.29
  HS1313083.1          CONDUIT     37.77     0  17:29      0.17    0.22    0.47
  HS1313083.2          CONDUIT      3.19     0  11:01      0.03    0.01    0.41
  HS1313123.1          CONDUIT     40.73     0  18:00      0.19    0.13    0.46
  HS1313140.1          CONDUIT      5.88     0  17:05      0.31    0.08    0.21
  HS1313162.1          CONDUIT      6.42     0  17:08      0.36    0.10    0.20
  HS1313167.1          CONDUIT     35.38     0  17:04      0.51    0.04    0.11
  HS1313205.1          CONDUIT     13.76     0  17:06      0.34    0.14    0.44
  HS1313205.2          CONDUIT     89.61     0  17:06      0.49    0.03    0.10
  HS1313217.1          CONDUIT     13.89     0  17:00      0.28    0.19    0.65
  HS1313220.1          CONDUIT     47.15     0  16:02      0.63    0.77    0.58
  HS1313240.1          CONDUIT     29.14     0  17:01      0.52    0.04    0.09
  HS1313252.1          CONDUIT     15.42     0  17:05      0.52    0.25    0.29
  HS1313253.1          CONDUIT     14.77     0  17:04      0.11    0.03    0.21
  HS1313263.1          CONDUIT     14.71     0  17:03      0.40    0.12    0.33
  HS1313283.1          CONDUIT     13.76     0  17:01      0.63    0.11    0.23
  HS1313290.1          CONDUIT     56.85     0  10:09      0.46    0.05    0.10
  HS1313298.1          CONDUIT     46.57     0  10:08      0.42    0.04    0.09
  HS1313300.1          CONDUIT     33.81     0  10:02      1.04    0.45    0.31
  HS1313343.1          CONDUIT     16.31     0  21:01      0.22    0.02    0.06
  HS1313346.1          CONDUIT      1.26     0  16:01      0.19    0.01    0.12
  HS1313391.1          CONDUIT    113.81     0  17:06      0.60    0.07    0.10
  HS1313402.1          CONDUIT     60.78     0  16:23      0.44    0.03    0.08
  HS1313402.2          CONDUIT    127.87     0  16:23      0.48    0.02    0.09
  HS1313407.1          CONDUIT     25.26     0  16:13      1.35    0.09    0.21
  HS1313411.1          CONDUIT     24.49     0  16:12      0.98    0.18    0.25
  HS1313415.1          CONDUIT     10.93     0  16:11      0.35    0.18    0.30
  HS1313415.2          CONDUIT     10.93     0  16:11      0.35    0.18    0.30
  HS1313447.1          CONDUIT     17.29     0  16:09      0.28    0.33    0.27
  HS1313471.1          CONDUIT      8.24     0  16:00      0.34    0.07    0.25
  HS1313487.1          CONDUIT     14.40     0  16:06      0.56    0.17    0.26
  HS1313508.1          CONDUIT      3.03     0  15:00      0.17    0.03    0.21
  HS1313534.1          CONDUIT      1.90     0  12:01      0.27    0.03    0.11
  HS1313569.1          CONDUIT      1.19     0  07:00      0.12    0.02    0.16
  HS1313572.1          CONDUIT      4.31     0  18:01      0.39    0.05    0.14
  HS1313587.1          CONDUIT      4.31     0  18:02      0.70    0.02    0.10
  HS1313591.1          CONDUIT      3.23     0  18:02      0.35    0.01    0.14
  HS1313591.2          CONDUIT      1.10     0  18:02      0.29    0.01    0.07
  HS1313597.1          CONDUIT     11.06     0  16:08      0.64    0.08    0.20
  HS1313613.1          CONDUIT      4.94     0  16:02      0.38    0.04    0.17
  HS1313618.1          CONDUIT      6.25     0  17:00      0.49    0.04    0.16
  HS1313640.1          CONDUIT      8.14     0  17:03      0.72    0.06    0.15
  HS1313676.1          CONDUIT     33.87     0  10:01      0.68    0.10    0.23
  HS1313677.1          CONDUIT      7.48     0  17:00      0.07    0.02    0.21
  HS1313700.1          CONDUIT      6.78     0  16:00      0.65    0.03    0.14
  HS1313700.2          CONDUIT      3.55     0  16:00      0.43    0.03    0.12
  HS1313709.1          CONDUIT      7.29     0  16:00      0.43    0.06    0.19
  HS1313728.1          CONDUIT      3.58     0  16:01      0.61    0.03    0.09
  HS1313730.1          CONDUIT      3.60     0  16:01      0.09    0.01    0.36
  HS1313740.1          CONDUIT      3.19     0  16:01      0.12    0.01    0.28
  HS1313756.1          CONDUIT      3.17     0  16:06      0.07    0.01    0.23
  HS1313763.1          CONDUIT     14.23     0  16:10      0.66    0.08    0.23
  HS1313794.1          CONDUIT     78.65     0  16:23      0.52    0.03    0.08
  HS1313803.1          CONDUIT     64.45     0  16:21      0.47    0.03    0.08
  HS1313835.1          CONDUIT     20.45     0  16:20      0.42    0.18    0.30
  HS1313835.2          CONDUIT     85.33     0  16:18      0.47    0.04    0.10
  HS1313839.1          CONDUIT      6.79     0  17:01      0.08    0.04    0.34
  HS1313865.1          CONDUIT     14.62     0  16:09      0.60    0.09    0.25
  HS1313873.1          CONDUIT     14.87     0  16:10      0.65    0.24    0.24
  HS1313881.1          CONDUIT     10.99     0  16:02      1.20    0.07    0.13
  HS1313913.1          CONDUIT      8.98     0  16:01      0.44    0.05    0.22
  HS1313924.1          CONDUIT      7.99     0  16:01      0.50    0.09    0.18
  HS1313925.1          CONDUIT      3.42     0  08:01      0.31    0.02    0.14
  HS1313957.1          CONDUIT      4.40     0  16:03      0.31    0.07    0.18
  HS1313959.1          CONDUIT     13.51     0  08:09      0.59    0.06    0.24
  HS1313965.1          CONDUIT     10.07     0  09:01      0.77    0.05    0.16
  HS1313998.1          CONDUIT      1.92     0  17:01      0.23    0.03    0.12
  HS1314210.1          CONDUIT      6.06     0  14:04      0.23    0.07    0.29
  HS1314237.1          CONDUIT     39.47     0  17:01      0.95    0.32    0.37
  HS1314268.1          CONDUIT     40.31     0  17:02      1.12    0.22    0.33
  HS1314475.1          CONDUIT      2.40     0  15:00      0.02    0.00    0.56
  HS1314505.1          CONDUIT     45.92     0  16:33      0.07    0.01    0.23
  HS1314769.1          CONDUIT     73.08     0  17:01      0.14    0.02    0.17
  HS1314992.1          CONDUIT    339.65     0  16:34      0.26    0.04    0.28
  HS1316010.1          CONDUIT      1.93     0  17:00      0.15    0.02    0.16
  HS1316014.1          CONDUIT      0.97     0  16:01      0.38    0.01    0.05
  HS1316037.1          CONDUIT      1.14     0  16:04      0.15    0.00    0.12
  HS1316045.1          CONDUIT     19.91     0  11:00      0.49    0.22    0.36
  HS1316177.1          CONDUIT    150.55     0  16:17      0.50    0.08    0.17
  HS1316202.1          CONDUIT    160.32     0  16:20      0.44    0.08    0.20
  HS1316207.1          CONDUIT    264.11     0  16:22      0.68    0.13    0.22
  HS1316267.1          CONDUIT     60.94     0  16:09      0.91    0.32    0.37
  HS1316302.1          CONDUIT     30.04     0  16:01      0.68    0.14    0.39
  HS1316321.1          CONDUIT     25.74     0  16:00      1.09    0.12    0.24
  HS1316332.1          CONDUIT      0.68     0  16:00      0.08    0.00    0.14
  HS1316332.2          CONDUIT      0.68     0  16:00      0.08    0.00    0.14
  HS1316334.1          CONDUIT      0.21     0  16:01      0.18    0.00    0.03
  HS1316344.1          CONDUIT     20.48     0  09:03      0.45    0.34    0.39
  HS1316357.1          CONDUIT     22.13     0  09:02      0.69    0.30    0.30
  HS1316368.1          CONDUIT     22.85     0  09:01      0.60    0.11    0.37
  HS1316381.1          CONDUIT      3.96     0  16:00      0.13    0.01    0.30
  HS1316393.1          CONDUIT      0.00     0  00:00      0.00    0.00    0.04
  HS1316396.1          CONDUIT      0.00     0  00:00      0.00    0.00    0.00
  HS1316410.1          CONDUIT      0.00     0  00:00      0.00    0.00    0.00
  HS1316410.2          CONDUIT      5.45     0  17:00      0.09    0.02    0.51
  HS1316415.1          CONDUIT     10.08     0  15:02      0.62    0.11    0.19
  HS1316417.1          CONDUIT     14.01     0  14:02      0.54    0.10    0.28
  HS1316445.1          CONDUIT     11.49     0  15:04      0.53    0.03    0.35
  HS1316467.1          CONDUIT     25.97     0  16:02      0.23    0.02    0.28
  HS1316467.2          CONDUIT      1.06     0  16:02      0.15    0.04    0.11
  HS1316505.1          CONDUIT    289.37     0  16:26      0.75    0.17    0.22
  HS1316530.1          CONDUIT    289.59     0  16:24      0.74    0.15    0.22
  HS1316532.1          CONDUIT    103.86     0  16:22      0.78    0.01    0.09
  HS1316554.1          CONDUIT     74.86     0  16:26      1.43    0.45    0.31
  HS1316563.1          CONDUIT     74.87     0  16:24      0.65    0.68    0.57
  HS1316566.1          CONDUIT     45.47     0  17:00      0.46    0.16    0.51
  HS1316585.1          CONDUIT     39.10     0  17:00      0.95    0.15    0.26
  HS1316637.1          CONDUIT     21.17     0  16:04      0.76    0.11    0.27
  HS1316643.1          CONDUIT     19.51     0  16:02      1.09    0.07    0.20
  HS1316671.1          CONDUIT     15.98     0  16:01      0.85    0.11    0.21
  HS1316676.1          CONDUIT      4.28     0  17:02      0.42    0.03    0.14
  HS1316677.1          CONDUIT      5.70     0  17:02      0.49    0.03    0.15
  HS1316677.2          CONDUIT      8.14     0  17:04      0.74    0.06    0.14
  HS1316688.1          CONDUIT      8.14     0  17:04      0.74    0.02    0.14
  HS1316694.1          CONDUIT     90.57     0  17:05      1.04    1.48    0.66
  HS1316707.1          CONDUIT     10.26     0  16:03      0.93    0.05    0.14
  HS1316717.1          CONDUIT     12.44     0  16:03      0.79    0.07    0.18
  HS1316718.1          CONDUIT     12.74     0  16:03      0.59    0.07    0.25
  HS1316721.1          CONDUIT     22.91     0  10:04      0.72    0.20    0.30
  HS1316726.1          CONDUIT     18.11     0  09:02      0.62    0.21    0.28
  HS1316786.1          CONDUIT     28.88     0  16:14      1.61    0.14    0.20
  HS1316811.1          CONDUIT     10.28     0  07:06      0.45    0.07    0.24
  HS1316814.1          CONDUIT      5.51     0  16:00      0.48    0.04    0.15
  HS1316835.1          CONDUIT      8.16     0  10:01      0.54    0.06    0.18
  HS1316849.1          CONDUIT     10.42     0  16:01      0.71    0.07    0.17
  HS1316865.1          CONDUIT      5.12     0  16:03      0.46    0.02    0.14
  HS1316868.1          CONDUIT      5.12     0  16:03      0.83    0.02    0.10
  HS1316892.1          CONDUIT      4.07     0  16:04      0.33    0.05    0.15
  HS1317102.1          CONDUIT      0.00     0  00:00      0.00    0.00    0.22
  HS1318293.1          CONDUIT     57.10     0  16:43      0.51    0.05    0.09
  HS1318293.2          CONDUIT     91.83     0  16:25      0.55    0.04    0.09
  HS1318328.1          CONDUIT     14.53     0  16:07      0.41    0.08    0.32
  HS1318412.1          CONDUIT      1.92     0  17:02      0.17    0.03    0.15
  HS1324399.1          CONDUIT     88.42     0  17:07      0.81    0.39    0.89
  HS1324403.1          CONDUIT     88.43     0  17:04      0.80    1.21    0.89
  HS1330826.1          CONDUIT      6.95     0  16:01      0.34    0.11    0.22
  HS1330834.1          CONDUIT      7.17     0  16:04      0.37    0.08    0.22
  HS1330842.1          CONDUIT     14.87     0  16:03      1.19    0.10    0.16
  HS1330861.1          CONDUIT     14.99     0  16:04      0.19    0.01    0.12
  HS1344037.1          CONDUIT      0.56     0  09:05      0.02    0.00    0.09
  HS1344159.1          CONDUIT     90.55     0  16:27      0.41    0.05    0.13
  HS1344187.1          CONDUIT     12.05     0  16:09      0.74    0.07    0.19
  HS1344261.1          CONDUIT      4.34     0  16:00      0.32    0.03    0.19
  HS1344263.1          CONDUIT     20.23     0  17:05      0.60    0.11    0.24
  HS1344319.1          CONDUIT      0.21     0  16:02      0.03    0.00    0.19
  HS1344902.1          CONDUIT      9.87     0  17:01      0.74    0.08    0.16
  HS1344915.1          CONDUIT     10.54     0  16:01      0.42    0.17    0.26
  HS1344920.1          CONDUIT      7.46     0  17:00      0.45    0.03    0.20
  HS1344978.1          CONDUIT     10.28     0  16:03      0.81    0.03    0.16
  HS2003013.1          CONDUIT     79.40     0  17:03      0.18    0.02    0.15
  HS2003015.1          CONDUIT     95.97     0  17:09      0.55    0.03    0.15
  HS2003020.1          CONDUIT     31.73     0  16:28      0.36    0.03    0.07
  HS2003023.1          CONDUIT     64.89     0  17:16      0.54    0.06    0.10
  HS2003028.1          CONDUIT     31.69     0  16:26      0.34    0.09    0.15
  HS2003029.1          CONDUIT     31.57     0  16:25      0.30    0.02    0.09
  HS2003046.1          CONDUIT     64.86     0  17:13      0.48    0.13    0.21
  HS2003070.1          CONDUIT     34.84     0  17:11      0.34    0.07    0.16
  HS2003072.1          CONDUIT     31.52     0  16:22      0.33    0.17    0.15
  HS2003083.1          CONDUIT     15.57     0  17:08      0.17    0.03    0.16
  HS2003085.1          CONDUIT     32.57     0  17:07      0.11    0.05    0.41
  HS2003086.1          CONDUIT     14.73     0  17:07      0.29    0.03    0.09
  HS2003093.1          CONDUIT     32.37     0  17:06      0.21    0.05    0.22
  HS2003095.1          CONDUIT     31.23     0  17:05      0.37    0.05    0.13
  HS2003109.1          CONDUIT      1.74     0  16:14      0.08    0.00    0.04
  HS2003111.1          CONDUIT     11.06     0  17:04      0.47    0.11    0.24
  HS2003111.2          CONDUIT     30.66     0  17:04      0.33    0.14    0.15
  HS2003113.1          CONDUIT     12.62     0  17:06      0.25    0.03    0.08
  HS2003125.1          CONDUIT      2.68     0  13:06      0.05    0.00    0.09
  HS2003142.1          CONDUIT      1.74     0  16:10      0.13    0.00    0.02
  HS2003144.1          CONDUIT      0.02     0  16:03      0.03    0.00    0.04
  MH0100292.1          CONDUIT     52.06     0  16:14      0.52    0.05    0.08
  MH0100330.1          CONDUIT     33.65     0  16:11      0.29    0.02    0.10
  MH0100334.1          CONDUIT     32.97     0  16:08      0.36    0.03    0.08
  MH0101923.1          CONDUIT     32.95     0  16:10      0.44    0.07    0.12
  MH0101924.1          CONDUIT     59.54     0  16:14      0.63    0.02    0.08
  MH0103033.1          CONDUIT      0.56     0  14:05      0.02    0.00    0.07
  MH0200659.1          CONDUIT      6.04     0  14:38      0.13    0.00    0.07
  MH0200661.1          CONDUIT      5.56     0  14:18      0.23    0.00    0.02
  MH0201597.1          CONDUIT     12.43     0  16:01      0.10    0.01    0.13
  MH0201710.1          CONDUIT     29.77     0  17:02      0.17    0.02    0.18
  MH0241587.1          CONDUIT     11.74     0  17:01      0.06    0.01    0.35
  MH0241590.1          CONDUIT     14.96     0  16:11      0.56    0.07    0.27
  MH0241603.1          CONDUIT      1.97     0  17:05      0.04    0.00    0.10
  MH0241642.1          CONDUIT     10.99     0  16:02      0.29    0.00    0.06
  MH0242298.1          CONDUIT     22.61     0  17:00      0.84    0.20    0.27
  MH0242303.1          CONDUIT     28.77     0  17:01      0.23    0.02    0.33
  MH0242782.1          CONDUIT     14.08     0  08:03      0.66    0.07    0.23
  MH0258475.1          CONDUIT      5.06     0  17:01      0.38    0.05    0.16
  VP0232532.1          CONDUIT      2.54     0  17:39      0.06    0.01    0.03
  YS2003067.1          CONDUIT     32.92     0  17:09      0.22    0.03    0.21
  HS2003014.2          CONDUIT    507.49     0  16:47      2.05    0.10    0.15
  HS2003014.1          CONDUIT    507.67     0  16:54      2.75    0.22    0.29
  1                    CONDUIT     32.94     0  16:31      0.02    0.00    0.24
  2                    CONDUIT    308.51     0  16:50      0.92    0.99    0.44
  
  
  ***************************
  Flow Classification Summary
  ***************************
  
  -------------------------------------------------------------------------------------
                      Adjusted    ---------- Fraction of Time in Flow Class ---------- 
                       /Actual         Up    Down  Sub   Sup   Up    Down  Norm  Inlet 
  Conduit               Length    Dry  Dry   Dry   Crit  Crit  Crit  Crit  Ltd   Ctrl  
  -------------------------------------------------------------------------------------
  HS1306447.1             1.00   0.00  0.00  0.00  1.00  0.00  0.00  0.00  1.00  0.00
  HS1306449.1             1.00   0.00  0.00  0.00  1.00  0.00  0.00  0.00  0.00  0.00
  HS1306461.1             1.19   0.00  0.00  0.00  1.00  0.00  0.00  0.00  1.00  0.00
  HS1306471.1             1.00   0.00  0.00  0.00  0.00  1.00  0.00  0.00  0.00  0.00
  HS1306554.1             1.00   0.00  0.00  0.00  1.00  0.00  0.00  0.00  0.00  0.00
  HS1306554.2             1.00   0.00  0.00  0.00  1.00  0.00  0.00  0.00  0.00  0.00
  HS1306571.1             1.00   0.00  0.00  0.00  1.00  0.00  0.00  0.00  1.00  0.00
  HS1306601.1             1.00   0.00  0.00  0.00  1.00  0.00  0.00  0.00  0.00  0.00
  HS1306601.2             1.00   0.00  0.00  0.00  1.00  0.00  0.00  0.00  0.12  0.00
  HS1306611.1             1.00   0.00  0.00  0.00  1.00  0.00  0.00  0.00  0.00  0.00
  HS1306618.1             2.13   0.00  0.00  0.00  1.00  0.00  0.00  0.00  1.00  0.00
  HS1306904.1             1.00   0.00  1.00  0.00  0.00  0.00  0.00  0.00  0.00  0.00
  HS1306904.2             1.00   0.00  0.00  0.00  1.00  0.00  0.00  0.00  0.26  0.00
  HS1308259.1             1.00   0.00  0.00  0.00  0.00  0.00  0.00  1.00  0.00  0.00
  HS1308282.1             1.00   0.00  0.00  0.00  1.00  0.00  0.00  0.00  0.00  0.00
  HS1308301.1             1.00   0.00  0.00  0.00  1.00  0.00  0.00  0.00  0.21  0.00
  HS1308302.1             1.00   0.00  0.00  0.00  1.00  0.00  0.00  0.00  1.00  0.00
  HS1308324.1             1.00   0.00  0.00  0.00  1.00  0.00  0.00  0.00  0.00  0.00
  HS1311200.1             1.00   0.00  0.00  0.00  1.00  0.00  0.00  0.00  1.00  0.00
  HS1311204.1             1.00   0.00  0.00  0.00  1.00  0.00  0.00  0.00  1.00  0.00
  HS1311269.1             1.00   0.00  0.00  0.00  0.00  1.00  0.00  0.00  0.43  0.00
  HS1311284.1             1.00   0.00  0.00  0.00  1.00  0.00  0.00  0.00  0.00  0.00
  HS1311288.1             1.00   0.00  0.00  0.00  1.00  0.00  0.00  0.00  1.00  0.00
  HS1311339.1             1.00   0.00  0.00  0.00  1.00  0.00  0.00  0.00  0.00  0.00
  HS1311349.2             1.00   0.00  0.00  0.00  1.00  0.00  0.00  0.00  1.00  0.00
  HS1311380.1             1.00   0.00  1.00  0.00  0.00  0.00  0.00  0.00  0.00  0.00
  HS1311392.1             1.00   0.00  0.00  0.00  0.00  1.00  0.00  0.00  0.00  0.00
  HS1311473.1             1.00   0.00  0.00  0.00  0.65  0.35  0.00  0.00  1.00  0.00
  HS1311475.1             1.00   0.00  0.00  0.00  0.00  1.00  0.00  0.00  0.00  0.00
  HS1311491.1             1.00   0.00  0.00  0.00  1.00  0.00  0.00  0.00  1.00  0.00
  HS1311887.1             1.00   0.00  0.00  0.00  1.00  0.00  0.00  0.00  1.00  0.00
  HS1313001.1             1.00   0.00  0.00  0.00  1.00  0.00  0.00  0.00  0.00  0.00
  HS1313016.1             1.00   0.00  0.00  0.00  1.00  0.00  0.00  0.00  1.00  0.00
  HS1313025.1             1.00   0.00  0.00  0.00  1.00  0.00  0.00  0.00  0.60  0.00
  HS1313026.1             1.00   0.00  0.00  0.00  1.00  0.00  0.00  0.00  1.00  0.00
  HS1313037.1             1.00   0.00  0.00  0.00  1.00  0.00  0.00  0.00  0.00  0.00
  HS1313044.1             1.00   0.00  0.00  0.00  1.00  0.00  0.00  0.00  0.00  0.00
  HS1313044.2             1.00   0.00  0.00  0.00  1.00  0.00  0.00  0.00  0.00  0.00
  HS1313045.1             1.00   0.00  0.00  0.00  1.00  0.00  0.00  0.00  0.00  0.00
  HS1313083.1             1.00   0.00  0.00  0.00  1.00  0.00  0.00  0.00  0.00  0.00
  HS1313083.2             1.00   0.00  0.00  0.00  1.00  0.00  0.00  0.00  0.00  0.00
  HS1313123.1             1.00   0.00  0.00  0.00  1.00  0.00  0.00  0.00  0.00  0.00
  HS1313140.1             1.00   0.00  0.42  0.00  0.58  0.00  0.00  0.00  1.00  0.00
  HS1313162.1             1.00   0.00  0.00  0.00  1.00  0.00  0.00  0.00  0.80  0.00
  HS1313167.1             1.00   0.00  0.00  0.00  1.00  0.00  0.00  0.00  1.00  0.00
  HS1313205.1             1.00   0.00  0.00  0.00  1.00  0.00  0.00  0.00  1.00  0.00
  HS1313205.2             1.00   0.00  0.00  0.00  1.00  0.00  0.00  0.00  1.00  0.00
  HS1313217.1             1.00   0.00  0.00  0.00  1.00  0.00  0.00  0.00  0.00  0.00
  HS1313220.1             1.00   0.00  0.00  0.00  1.00  0.00  0.00  0.00  0.02  0.00
  HS1313240.1             1.00   0.00  0.00  0.00  0.00  0.00  0.00  1.00  0.00  0.00
  HS1313252.1             1.00   0.00  0.00  0.00  1.00  0.00  0.00  0.00  0.00  0.00
  HS1313253.1             1.00   0.00  0.00  0.00  1.00  0.00  0.00  0.00  0.00  0.00
  HS1313263.1             1.00   0.00  0.00  0.00  1.00  0.00  0.00  0.00  1.00  0.00
  HS1313283.1             1.00   0.00  0.00  0.00  1.00  0.00  0.00  0.00  1.00  0.00
  HS1313290.1             1.00   0.00  0.00  0.00  1.00  0.00  0.00  0.00  0.07  0.00
  HS1313298.1             1.00   0.00  0.00  0.00  1.00  0.00  0.00  0.00  1.00  0.00
  HS1313300.1             1.00   0.00  0.00  0.00  0.25  0.75  0.00  0.00  0.00  0.00
  HS1313343.1             1.00   0.00  0.00  0.00  1.00  0.00  0.00  0.00  1.00  0.00
  HS1313346.1             1.00   0.00  0.00  0.00  1.00  0.00  0.00  0.00  1.00  0.00
  HS1313391.1             1.00   0.00  0.00  0.00  1.00  0.00  0.00  0.00  0.00  0.00
  HS1313402.1             1.00   0.00  0.00  0.00  1.00  0.00  0.00  0.00  0.00  0.00
  HS1313402.2             1.00   0.00  0.00  0.00  1.00  0.00  0.00  0.00  1.00  0.00
  HS1313407.1             1.00   0.00  0.00  0.00  0.00  0.00  0.00  1.00  0.00  0.00
  HS1313411.1             1.00   0.00  0.00  0.00  0.00  1.00  0.00  0.00  0.00  0.00
  HS1313415.1             1.00   0.00  0.00  0.00  1.00  0.00  0.00  0.00  0.09  0.00
  HS1313415.2             1.00   0.00  0.00  0.00  1.00  0.00  0.00  0.00  0.09  0.00
  HS1313447.1             1.00   0.00  0.00  0.00  1.00  0.00  0.00  0.00  0.00  0.00
  HS1313471.1             1.00   0.00  0.00  0.00  1.00  0.00  0.00  0.00  1.00  0.00
  HS1313487.1             1.00   0.00  0.00  0.00  1.00  0.00  0.00  0.00  0.00  0.00
  HS1313508.1             1.00   0.00  0.00  0.00  1.00  0.00  0.00  0.00  1.00  0.00
  HS1313534.1             1.00   0.00  0.00  0.00  1.00  0.00  0.00  0.00  0.00  0.00
  HS1313569.1             1.00   0.00  0.00  0.00  1.00  0.00  0.00  0.00  0.00  0.00
  HS1313572.1             1.00   0.00  0.00  0.00  1.00  0.00  0.00  0.00  0.00  0.00
  HS1313587.1             1.00   0.00  0.00  0.00  0.00  1.00  0.00  0.00  0.00  0.00
  HS1313591.1             1.00   0.00  0.00  0.00  1.00  0.00  0.00  0.00  1.00  0.00
  HS1313591.2             1.00   0.00  0.00  0.00  0.00  0.00  0.00  1.00  0.00  0.00
  HS1313597.1             1.00   0.00  0.00  0.00  1.00  0.00  0.00  0.00  0.00  0.00
  HS1313613.1             1.00   0.00  0.00  0.00  1.00  0.00  0.00  0.00  1.00  0.00
  HS1313618.1             1.00   0.00  0.00  0.00  1.00  0.00  0.00  0.00  1.00  0.00
  HS1313640.1             1.00   0.00  0.00  0.00  0.03  0.97  0.00  0.00  0.00  0.00
  HS1313676.1             1.00   0.00  0.00  0.00  1.00  0.00  0.00  0.00  1.00  0.00
  HS1313677.1             1.00   0.00  0.00  0.00  1.00  0.00  0.00  0.00  0.00  0.00
  HS1313700.1             1.00   0.00  0.00  0.00  0.00  1.00  0.00  0.00  1.00  0.00
  HS1313700.2             1.00   0.00  0.00  0.00  1.00  0.00  0.00  0.00  1.00  0.00
  HS1313709.1             1.00   0.00  0.00  0.00  1.00  0.00  0.00  0.00  1.00  0.00
  HS1313728.1             1.00   0.00  0.00  0.00  0.00  1.00  0.00  0.00  0.00  0.00
  HS1313730.1             1.05   0.00  0.00  0.00  1.00  0.00  0.00  0.00  1.00  0.00
  HS1313740.1             1.00   0.00  0.00  0.00  1.00  0.00  0.00  0.00  1.00  0.00
  HS1313756.1             1.00   0.00  0.00  0.00  1.00  0.00  0.00  0.00  0.00  0.00
  HS1313763.1             1.00   0.00  0.00  0.00  0.98  0.02  0.00  0.00  1.00  0.00
  HS1313794.1             1.00   0.00  0.00  0.00  1.00  0.00  0.00  0.00  1.00  0.00
  HS1313803.1             1.00   0.00  0.00  0.00  1.00  0.00  0.00  0.00  0.00  0.00
  HS1313835.1             1.00   0.00  0.00  0.00  1.00  0.00  0.00  0.00  0.64  0.00
  HS1313835.2             1.00   0.00  0.00  0.00  1.00  0.00  0.00  0.00  0.00  0.00
  HS1313839.1             1.00   0.00  0.00  0.00  1.00  0.00  0.00  0.00  0.00  0.00
  HS1313865.1             1.00   0.00  0.00  0.00  1.00  0.00  0.00  0.00  1.00  0.00
  HS1313873.1             1.00   0.00  0.00  0.00  1.00  0.00  0.00  0.00  0.00  0.00
  HS1313881.1             1.00   0.00  0.00  0.00  0.00  1.00  0.00  0.00  0.00  0.00
  HS1313913.1             1.00   0.00  0.00  0.00  1.00  0.00  0.00  0.00  1.00  0.00
  HS1313924.1             1.00   0.00  0.00  0.00  1.00  0.00  0.00  0.00  0.00  0.00
  HS1313925.1             1.00   0.00  0.00  0.00  1.00  0.00  0.00  0.00  1.00  0.00
  HS1313957.1             1.00   0.00  0.00  0.00  1.00  0.00  0.00  0.00  0.00  0.00
  HS1313959.1             1.00   0.00  0.00  0.00  1.00  0.00  0.00  0.00  1.00  0.00
  HS1313965.1             1.00   0.00  0.00  0.00  0.10  0.90  0.00  0.00  1.00  0.00
  HS1313998.1             1.00   0.00  0.00  0.00  1.00  0.00  0.00  0.00  0.00  0.00
  HS1314210.1             1.00   0.00  0.00  0.00  1.00  0.00  0.00  0.00  1.00  0.00
  HS1314237.1             1.00   0.00  0.00  0.00  1.00  0.00  0.00  0.00  0.00  0.00
  HS1314268.1             1.00   0.00  0.00  0.00  0.00  1.00  0.00  0.00  0.30  0.00
  HS1314475.1             1.00   0.00  0.00  0.00  1.00  0.00  0.00  0.00  0.40  0.00
  HS1314505.1             1.00   0.00  0.00  0.00  1.00  0.00  0.00  0.00  0.00  0.00
  HS1314769.1             1.00   0.00  0.00  0.00  1.00  0.00  0.00  0.00  0.00  0.00
  HS1314992.1             1.00   0.00  0.00  0.00  1.00  0.00  0.00  0.00  0.00  0.00
  HS1316010.1             1.00   0.00  0.00  0.00  1.00  0.00  0.00  0.00  1.00  0.00
  HS1316014.1             1.00   0.00  0.00  0.00  0.99  0.01  0.00  0.00  0.03  0.00
  HS1316037.1             1.00   0.00  0.00  0.00  1.00  0.00  0.00  0.00  1.00  0.00
  HS1316045.1             1.00   0.00  0.00  0.00  1.00  0.00  0.00  0.00  1.00  0.00
  HS1316177.1             1.00   0.00  0.00  0.00  1.00  0.00  0.00  0.00  0.16  0.00
  HS1316202.1             1.00   0.00  0.00  0.00  1.00  0.00  0.00  0.00  0.00  0.00
  HS1316207.1             1.00   0.00  0.00  0.00  1.00  0.00  0.00  0.00  0.00  0.00
  HS1316267.1             1.00   0.00  0.00  0.00  0.00  0.00  0.00  1.00  0.00  0.00
  HS1316302.1             1.00   0.00  0.00  0.00  1.00  0.00  0.00  0.00  1.00  0.00
  HS1316321.1             1.00   0.00  0.00  0.00  0.00  1.00  0.00  0.00  1.00  0.00
  HS1316332.1             1.00   0.00  0.00  0.00  1.00  0.00  0.00  0.00  1.00  0.00
  HS1316332.2             1.00   0.00  0.00  0.00  1.00  0.00  0.00  0.00  1.00  0.00
  HS1316334.1             1.00   0.00  0.00  0.00  1.00  0.00  0.00  0.00  1.00  0.00
  HS1316344.1             1.00   0.00  0.00  0.00  1.00  0.00  0.00  0.00  0.00  0.00
  HS1316357.1             1.00   0.00  0.00  0.00  1.00  0.00  0.00  0.00  0.00  0.00
  HS1316368.1             1.00   0.00  0.00  0.00  1.00  0.00  0.00  0.00  1.00  0.00
  HS1316381.1             1.00   0.00  0.00  0.00  1.00  0.00  0.00  0.00  1.00  0.00
  HS1316393.1             1.00   0.00  1.00  0.00  0.00  0.00  0.00  0.00  0.00  0.00
  HS1316396.1             1.00   1.00  0.00  0.00  0.00  0.00  0.00  0.00  0.00  0.00
  HS1316410.1             1.00   1.00  0.00  0.00  0.00  0.00  0.00  0.00  0.00  0.00
  HS1316410.2             1.00   0.00  0.00  0.00  1.00  0.00  0.00  0.00  1.00  0.00
  HS1316415.1             1.00   0.00  0.00  0.00  1.00  0.00  0.00  0.00  0.00  0.00
  HS1316417.1             1.00   0.00  0.00  0.00  1.00  0.00  0.00  0.00  1.00  0.00
  HS1316445.1             1.00   0.00  0.00  0.00  1.00  0.00  0.00  0.00  1.00  0.00
  HS1316467.1             1.00   0.00  0.00  0.00  1.00  0.00  0.00  0.00  1.00  0.00
  HS1316467.2             1.00   0.00  0.00  0.00  0.00  0.00  0.00  1.00  0.00  0.00
  HS1316505.1             1.00   0.00  0.00  0.00  1.00  0.00  0.00  0.00  0.00  0.00
  HS1316530.1             1.00   0.00  0.00  0.00  1.00  0.00  0.00  0.00  0.09  0.00
  HS1316532.1             2.27   0.00  0.00  0.00  0.80  0.20  0.00  0.00  1.00  0.00
  HS1316554.1             1.00   0.00  0.00  0.00  0.00  1.00  0.00  0.00  0.00  0.00
  HS1316563.1             1.00   0.00  0.00  0.00  1.00  0.00  0.00  0.00  0.00  0.00
  HS1316566.1             1.00   0.00  0.00  0.00  1.00  0.00  0.00  0.00  1.00  0.00
  HS1316585.1             1.00   0.00  0.00  0.00  0.93  0.07  0.00  0.00  0.28  0.00
  HS1316637.1             1.00   0.00  0.00  0.00  1.00  0.00  0.00  0.00  1.00  0.00
  HS1316643.1             1.00   0.00  0.00  0.00  0.00  1.00  0.00  0.00  1.00  0.00
  HS1316671.1             1.00   0.00  0.00  0.00  0.07  0.93  0.00  0.00  0.00  0.00
  HS1316676.1             1.00   0.00  0.00  0.00  1.00  0.00  0.00  0.00  1.00  0.00
  HS1316677.1             1.00   0.00  0.00  0.00  1.00  0.00  0.00  0.00  1.00  0.00
  HS1316677.2             1.00   0.00  0.00  0.00  0.00  1.00  0.00  0.00  0.00  0.00
  HS1316688.1             1.03   0.00  0.00  0.00  0.28  0.72  0.00  0.00  1.00  0.00
  HS1316694.1             1.00   0.00  0.00  0.00  1.00  0.00  0.00  0.00  0.00  0.00
  HS1316707.1             1.00   0.00  0.00  0.00  0.00  1.00  0.00  0.00  0.00  0.00
  HS1316717.1             1.00   0.00  0.00  0.00  0.00  1.00  0.00  0.00  0.00  0.00
  HS1316718.1             1.00   0.00  0.00  0.00  1.00  0.00  0.00  0.00  1.00  0.00
  HS1316721.1             1.00   0.00  0.00  0.00  1.00  0.00  0.00  0.00  0.00  0.00
  HS1316726.1             1.00   0.00  0.00  0.00  1.00  0.00  0.00  0.00  0.00  0.00
  HS1316786.1             1.00   0.00  0.00  0.00  0.00  1.00  0.00  0.00  0.00  0.00
  HS1316811.1             1.00   0.00  0.00  0.00  1.00  0.00  0.00  0.00  1.00  0.00
  HS1316814.1             1.00   0.00  0.00  0.00  1.00  0.00  0.00  0.00  1.00  0.00
  HS1316835.1             1.00   0.00  0.00  0.00  1.00  0.00  0.00  0.00  1.00  0.00
  HS1316849.1             1.00   0.00  0.00  0.00  0.44  0.56  0.00  0.00  0.00  0.00
  HS1316865.1             1.00   0.00  0.00  0.00  1.00  0.00  0.00  0.00  1.00  0.00
  HS1316868.1             1.00   0.00  0.00  0.00  0.00  1.00  0.00  0.00  0.00  0.00
  HS1316892.1             1.00   0.00  0.00  0.00  1.00  0.00  0.00  0.00  0.00  0.00
  HS1317102.1             1.00   0.00  1.00  0.00  0.00  0.00  0.00  0.00  0.00  0.00
  HS1318293.1             1.00   0.00  0.00  0.00  1.00  0.00  0.00  0.00  0.00  0.00
  HS1318293.2             1.00   0.00  0.00  0.00  1.00  0.00  0.00  0.00  1.00  0.00
  HS1318328.1             1.00   0.00  0.00  0.00  1.00  0.00  0.00  0.00  1.00  0.00
  HS1318412.1             1.00   0.00  0.00  0.00  1.00  0.00  0.00  0.00  0.99  0.00
  HS1324399.1             1.00   0.00  0.00  0.00  1.00  0.00  0.00  0.00  0.31  0.00
  HS1324403.1             1.00   0.00  0.00  0.00  1.00  0.00  0.00  0.00  0.00  0.00
  HS1330826.1             1.00   0.00  0.00  0.00  1.00  0.00  0.00  0.00  0.00  0.00
  HS1330834.1             1.00   0.00  0.00  0.00  1.00  0.00  0.00  0.00  1.00  0.00
  HS1330842.1             1.00   0.00  0.00  0.00  0.00  1.00  0.00  0.00  0.00  0.00
  HS1330861.1             1.00   0.00  0.00  0.00  1.00  0.00  0.00  0.00  1.00  0.00
  HS1344037.1             1.00   0.00  0.00  0.00  1.00  0.00  0.00  0.00  0.02  0.00
  HS1344159.1             1.00   0.00  0.00  0.00  1.00  0.00  0.00  0.00  0.55  0.00
  HS1344187.1             1.00   0.00  0.00  0.00  0.24  0.76  0.00  0.00  0.00  0.00
  HS1344261.1             1.00   0.00  0.00  0.00  1.00  0.00  0.00  0.00  1.00  0.00
  HS1344263.1             1.00   0.00  0.00  0.00  1.00  0.00  0.00  0.00  1.00  0.00
  HS1344319.1             1.00   0.00  0.00  0.00  1.00  0.00  0.00  0.00  0.00  0.00
  HS1344902.1             1.00   0.00  0.00  0.00  0.03  0.97  0.00  0.00  0.00  0.00
  HS1344915.1             1.00   0.00  0.00  0.00  1.00  0.00  0.00  0.00  0.00  0.00
  HS1344920.1             1.00   0.00  0.00  0.00  1.00  0.00  0.00  0.00  1.00  0.00
  HS1344978.1             1.00   0.00  0.00  0.00  0.00  1.00  0.00  0.00  1.00  0.00
  HS2003013.1             1.00   0.00  0.00  0.00  1.00  0.00  0.00  0.00  0.00  0.00
  HS2003015.1             1.00   0.00  0.00  0.00  1.00  0.00  0.00  0.00  1.00  0.00
  HS2003020.1             1.00   0.00  0.00  0.00  1.00  0.00  0.00  0.00  0.98  0.00
  HS2003023.1             1.00   0.00  0.00  0.00  1.00  0.00  0.00  0.00  0.00  0.00
  HS2003028.1             1.00   0.00  0.00  0.00  1.00  0.00  0.00  0.00  0.00  0.00
  HS2003029.1             1.00   0.00  0.00  0.00  1.00  0.00  0.00  0.00  1.00  0.00
  HS2003046.1             1.00   0.00  0.00  0.00  1.00  0.00  0.00  0.00  1.00  0.00
  HS2003070.1             1.00   0.00  0.00  0.00  1.00  0.00  0.00  0.00  1.00  0.00
  HS2003072.1             1.00   0.00  0.00  0.00  1.00  0.00  0.00  0.00  0.00  0.00
  HS2003083.1             1.00   0.00  0.00  0.00  1.00  0.00  0.00  0.00  0.38  0.00
  HS2003085.1             1.00   0.00  0.00  0.00  1.00  0.00  0.00  0.00  0.00  0.00
  HS2003086.1             1.00   0.00  0.00  0.00  1.00  0.00  0.00  0.00  0.10  0.00
  HS2003093.1             1.00   0.00  0.00  0.00  1.00  0.00  0.00  0.00  0.00  0.00
  HS2003095.1             1.00   0.00  0.00  0.00  1.00  0.00  0.00  0.00  0.00  0.00
  HS2003109.1             1.00   0.00  0.00  0.00  1.00  0.00  0.00  0.00  1.00  0.00
  HS2003111.1             1.00   0.00  0.00  0.00  1.00  0.00  0.00  0.00  0.00  0.00
  HS2003111.2             1.00   0.00  0.00  0.00  1.00  0.00  0.00  0.00  0.00  0.00
  HS2003113.1             1.00   0.00  0.00  0.00  1.00  0.00  0.00  0.00  0.52  0.00
  HS2003125.1             1.00   0.00  0.00  0.00  1.00  0.00  0.00  0.00  1.00  0.00
  HS2003142.1             1.00   0.00  0.00  0.00  1.00  0.00  0.00  0.00  0.00  0.00
  HS2003144.1             1.00   0.00  0.00  0.00  1.00  0.00  0.00  0.00  1.00  0.00
  MH0100292.1             1.00   0.00  0.00  0.00  1.00  0.00  0.00  0.00  0.00  0.00
  MH0100330.1             1.00   0.00  0.00  0.00  1.00  0.00  0.00  0.00  0.26  0.00
  MH0100334.1             1.00   0.00  0.00  0.00  1.00  0.00  0.00  0.00  1.00  0.00
  MH0101923.1             1.00   0.00  0.00  0.00  1.00  0.00  0.00  0.00  0.00  0.00
  MH0101924.1             1.00   0.00  0.00  0.00  1.00  0.00  0.00  0.00  1.00  0.00
  MH0103033.1             1.00   0.00  0.00  0.00  1.00  0.00  0.00  0.00  0.03  0.00
  MH0200659.1             1.00   0.00  0.00  0.00  1.00  0.00  0.00  0.00  1.00  0.00
  MH0200661.1             1.00   0.00  0.00  0.00  1.00  0.00  0.00  0.00  0.97  0.00
  MH0201597.1             1.00   0.00  0.00  0.00  1.00  0.00  0.00  0.00  1.00  0.00
  MH0201710.1             1.00   0.00  0.00  0.00  1.00  0.00  0.00  0.00  0.27  0.00
  MH0241587.1             1.00   0.00  0.00  0.00  1.00  0.00  0.00  0.00  0.00  0.00
  MH0241590.1             1.00   0.00  0.00  0.00  1.00  0.00  0.00  0.00  1.00  0.00
  MH0241603.1             1.00   0.00  0.00  0.00  1.00  0.00  0.00  0.00  0.83  0.00
  MH0241642.1             1.79   0.00  0.00  0.00  1.00  0.00  0.00  0.00  1.00  0.00
  MH0242298.1             1.00   0.00  0.00  0.00  1.00  0.00  0.00  0.00  0.00  0.00
  MH0242303.1             1.00   0.00  0.00  0.00  1.00  0.00  0.00  0.00  1.00  0.00
  MH0242782.1             1.00   0.00  0.00  0.00  1.00  0.00  0.00  0.00  1.00  0.00
  MH0258475.1             1.00   0.00  0.00  0.00  1.00  0.00  0.00  0.00  0.99  0.00
  VP0232532.1             1.00   0.00  0.00  0.00  1.00  0.00  0.00  0.00  0.00  0.00
  YS2003067.1             1.00   0.00  0.00  0.00  1.00  0.00  0.00  0.00  0.00  0.00
  HS2003014.2             1.00   0.00  0.00  0.00  0.00  1.00  0.00  0.00  0.00  0.00
  HS2003014.1             1.00   0.00  0.00  0.00  0.00  1.00  0.00  0.00  0.00  0.00
  1                       1.00   0.00  0.00  0.00  1.00  0.00  0.00  0.00  0.00  0.00
  2                       1.00   0.00  0.00  0.00  1.00  0.00  0.00  0.00  0.00  0.00
  
  
  *************************
  Conduit Surcharge Summary
  *************************
  
  ----------------------------------------------------------------------------
                                                           Hours        Hours 
                         --------- Hours Full --------   Above Full   Capacity
  Conduit                Both Ends  Upstream  Dnstream   Normal Flow   Limited
  ----------------------------------------------------------------------------
  HS1306554.2                 0.01      0.01      0.01      3.06         0.01
  HS1313044.2                 0.01      0.01      0.01     12.20         0.01
  HS1316694.1                 0.01      3.47      0.01     14.89         0.01
  HS1324399.1                 0.01      0.01      3.47      0.01         0.01
  HS1324403.1                 0.01      0.01      0.01      6.21         0.01
  
  
  ***************************
  Link Pollutant Load Summary
  ***************************
  
  --------------------------------------------------------------------------------------------------------------------------------------------------
                                BODf          BODs           NH4           NO3            DO          TSSs          TSSn         TR_in         TR_ww
  Link                            kg            kg            kg            kg            kg            kg            kg            kg            kg
  --------------------------------------------------------------------------------------------------------------------------------------------------
  HS1306447.1                 73.053        17.979        11.010         0.212         0.712        58.592         0.000         0.000         0.000
  HS1306449.1                 72.898        17.960        10.999         0.212         0.711        58.516         0.000         0.000         0.000
  HS1306461.1                 72.869        17.955        10.997         0.212         0.711        58.499         0.000         0.000         0.000
  HS1306471.1                 73.077        17.982        11.011         0.212         0.712        58.603         0.000         0.000         0.000
  HS1306554.1                770.643       192.084       117.810         2.303         7.686       625.315         0.000         0.000         0.000
  HS1306554.2               1132.231       281.654       172.658         3.375        11.251       918.287         0.000         0.000         0.000
  HS1306571.1               3786.164       940.794       577.299        11.262        37.693      3069.065         0.000         0.000         0.000
  HS1306601.1                648.875       161.248        98.964         1.936         6.360       527.166         0.000         0.000         0.000
  HS1306601.2               4188.563      1040.823       638.749        12.453        41.898      3395.087         0.000         0.000         0.000
  HS1306611.1               4184.081      1040.128       638.357        12.446        41.858      3392.701         0.000         0.000         0.000
  HS1306618.1               4180.793      1039.940       634.423        12.445        40.702      3391.973         0.000         0.000         0.000
  HS1306904.1                  0.000         0.000         0.000         0.000         0.000         0.000         0.000         0.000         0.000
  HS1306904.2               7586.204      1892.425      1122.087        22.662        64.785      6171.294         0.000         0.000         0.000
  HS1308259.1                409.362       101.707        62.022         1.208         4.111       331.733         0.000         0.000         0.000
  HS1308282.1               7958.093      1977.275      1200.677        23.572        76.474      6444.024         0.000         0.000         0.000
  HS1308301.1                435.235       108.318        64.697         1.300         3.762       353.580         0.000         0.000         0.000
  HS1308302.1                580.893       144.699        86.990         1.730         5.242       471.607         0.000         0.000         0.000
  HS1308324.1               7964.427      1977.920      1201.028        23.580        76.503      6447.014         0.000         0.000         0.000
  HS1311200.1                 46.005        11.421         6.986         0.136         0.455        37.164         0.000         0.000         0.000
  HS1311204.1                107.814        26.676        16.361         0.320         1.075        87.194         0.000         0.000         0.000
  HS1311269.1                 45.682        11.340         6.937         0.135         0.452        36.901         0.000         0.000         0.000
  HS1311284.1                 43.914        10.902         6.668         0.130         0.434        35.467         0.000         0.000         0.000
  HS1311288.1                 11.956         2.978         1.817         0.035         0.121         9.643         0.000         0.000         0.000
  HS1311339.1                201.241        49.939        30.520         0.593         1.987       162.923         0.000         0.000         0.000
  HS1311349.2                 95.459        23.768        14.580         0.283         0.952        77.595         0.000         0.000         0.000
  HS1311380.1                  0.000         0.000         0.000         0.000         0.000         0.000         0.000         0.000         0.000
  HS1311392.1                204.013        50.628        30.951         0.601         2.012       165.277         0.000         0.000         0.000
  HS1311473.1                 61.863        15.266         9.380         0.184         0.620        50.059         0.000         0.000         0.000
  HS1311475.1                 48.646        12.010         7.312         0.141         0.484        38.986         0.000         0.000         0.000
  HS1311491.1                 52.020        12.846         7.822         0.151         0.516        41.707         0.000         0.000         0.000
  HS1311887.1                510.556       126.626        77.504         1.516         5.050       412.977         0.000         0.000         0.000
  HS1313001.1                238.940        59.085        36.300         0.711         2.359       193.084         0.000         0.000         0.000
  HS1313016.1                238.440        59.028        36.268         0.710         2.356       192.831         0.000         0.000         0.000
  HS1313025.1                749.261       185.059       113.431         2.207         7.436       605.571         0.000         0.000         0.000
  HS1313026.1                511.382       126.082        77.187         1.497         5.082       412.955         0.000         0.000         0.000
  HS1313037.1                769.964       190.271       116.641         2.269         7.639       622.586         0.000         0.000         0.000
  HS1313044.1                268.500        66.411        40.671         0.786         2.770       215.722         0.000         0.000         0.000
  HS1313044.2               1962.331       485.977       298.581         5.832        19.548      1588.220         0.000         0.000         0.000
  HS1313045.1               1967.897       487.517       299.527         5.850        19.609      1593.084         0.000         0.000         0.000
  HS1313083.1                876.721       217.378       133.835         2.628         8.673       710.370         0.000         0.000         0.000
  HS1313083.2                 61.866        15.791         9.686         0.186         0.653        50.683         0.000         0.000         0.000
  HS1313123.1                924.952       229.571       141.408         2.778         9.160       750.451         0.000         0.000         0.000
  HS1313140.1                 32.693         8.026         4.953         0.102         0.277        26.835         0.000         0.000         0.000
  HS1313162.1                 48.150        11.845         7.292         0.147         0.434        39.347         0.000         0.000         0.000
  HS1313167.1                583.577       144.342        88.595         1.740         5.817       471.006         0.000         0.000         0.000
  HS1313205.1                288.574        71.578        43.909         0.862         2.842       233.773         0.000         0.000         0.000
  HS1313205.2               2046.546       507.688       311.433         6.091        20.469      1656.075         0.000         0.000         0.000
  HS1313217.1                289.100        71.736        44.006         0.863         2.852       234.260         0.000         0.000         0.000
  HS1313220.1                914.792       226.606       139.126         2.712         9.192       740.428         0.000         0.000         0.000
  HS1313240.1                537.736       132.705        81.414         1.595         5.394       432.693         0.000         0.000         0.000
  HS1313252.1                282.094        69.568        42.667         0.836         2.818       227.262         0.000         0.000         0.000
  HS1313253.1                270.191        66.599        40.849         0.801         2.702       217.590         0.000         0.000         0.000
  HS1313263.1                268.104        66.045        40.505         0.794         2.682       215.775         0.000         0.000         0.000
  HS1313283.1                235.279        57.895        35.528         0.697         2.352       189.316         0.000         0.000         0.000
  HS1313290.1               1322.209       327.257       200.765         3.904        13.146      1067.811         0.000         0.000         0.000
  HS1313298.1               1099.828       272.365       167.105         3.249        10.944       888.076         0.000         0.000         0.000
  HS1313300.1                730.506       180.630       110.873         2.138         7.211       588.843         0.000         0.000         0.000
  HS1313343.1                371.247        92.066        56.431         1.113         3.755       300.300         0.000         0.000         0.000
  HS1313346.1                 24.090         5.922         3.656         0.071         0.242        19.471         0.000         0.000         0.000
  HS1313391.1               2617.750       649.061       398.198         7.785        26.077      2118.466         0.000         0.000         0.000
  HS1313402.1               1397.999       348.390       203.925         4.176        11.256      1136.498         0.000         0.000         0.000
  HS1313402.2               2878.222       718.045       420.315         8.609        23.090      2341.862         0.000         0.000         0.000
  HS1313407.1                575.384       141.980        87.103         1.700         5.643       464.549         0.000         0.000         0.000
  HS1313411.1                557.584       137.591        84.406         1.647         5.470       450.160         0.000         0.000         0.000
  HS1313415.1                248.944        61.448        37.687         0.736         2.445       201.044         0.000         0.000         0.000
  HS1313415.2                248.943        61.448        37.687         0.736         2.445       201.044         0.000         0.000         0.000
  HS1313447.1                383.746        94.704        58.117         1.134         3.777       309.770         0.000         0.000         0.000
  HS1313471.1                172.082        42.370        26.033         0.508         1.691       138.640         0.000         0.000         0.000
  HS1313487.1                315.095        77.620        47.602         0.930         3.098       253.894         0.000         0.000         0.000
  HS1313508.1                 63.990        15.801         9.652         0.191         0.644        51.590         0.000         0.000         0.000
  HS1313534.1                 46.828        11.579         7.104         0.137         0.465        37.653         0.000         0.000         0.000
  HS1313569.1                 20.946         5.175         3.161         0.061         0.207        16.890         0.000         0.000         0.000
  HS1313572.1                 94.074        23.206        14.215         0.275         0.961        75.769         0.000         0.000         0.000
  HS1313587.1                 94.043        23.201        14.211         0.275         0.961        75.758         0.000         0.000         0.000
  HS1313591.1                 71.348        17.607        10.785         0.209         0.730        57.475         0.000         0.000         0.000
  HS1313591.2                 23.185         5.718         3.502         0.068         0.236        18.686         0.000         0.000         0.000
  HS1313597.1                236.467        58.430        35.803         0.696         2.357       190.592         0.000         0.000         0.000
  HS1313613.1                 98.266        24.175        14.819         0.289         0.957        79.039         0.000         0.000         0.000
  HS1313618.1                136.720        33.895        20.775         0.402         1.405       109.617         0.000         0.000         0.000
  HS1313640.1                170.157        42.196        25.829         0.501         1.733       136.658         0.000         0.000         0.000
  HS1313676.1                728.920       180.242       110.638         2.133         7.198       587.526         0.000         0.000         0.000
  HS1313677.1                143.785        35.423        21.778         0.423         1.414       115.926         0.000         0.000         0.000
  HS1313700.1                160.756        39.798        24.355         0.474         1.639       129.190         0.000         0.000         0.000
  HS1313700.2                 83.975        20.811        12.740         0.248         0.858        67.527         0.000         0.000         0.000
  HS1313709.1                170.633        42.236        25.851         0.503         1.735       137.144         0.000         0.000         0.000
  HS1313728.1                 84.628        20.974        12.838         0.250         0.863        68.066         0.000         0.000         0.000
  HS1313730.1                 84.943        21.064        12.893         0.251         0.867        68.345         0.000         0.000         0.000
  HS1313740.1                 66.865        16.609        10.168         0.198         0.671        53.920         0.000         0.000         0.000
  HS1313756.1                 66.669        16.603        10.166         0.198         0.671        53.859         0.000         0.000         0.000
  HS1313763.1                305.673        75.604        46.311         0.898         3.055       246.256         0.000         0.000         0.000
  HS1313794.1               1777.713       442.833       261.852         5.299        15.055      1444.063         0.000         0.000         0.000
  HS1313803.1               1475.329       367.639       215.755         4.405        12.019      1199.446         0.000         0.000         0.000
  HS1313835.1                435.840       108.428        64.754         1.300         3.772       353.838         0.000         0.000         0.000
  HS1313835.2               2068.549       514.349       307.191         6.148        18.373      1676.266         0.000         0.000         0.000
  HS1313839.1                121.881        30.347        18.544         0.366         1.241        99.208         0.000         0.000         0.000
  HS1313865.1                318.584        79.251        48.484         0.950         3.219       258.522         0.000         0.000         0.000
  HS1313873.1                324.530        80.726        49.386         0.968         3.278       263.323         0.000         0.000         0.000
  HS1313881.1                249.607        61.724        37.762         0.734         2.503       200.786         0.000         0.000         0.000
  HS1313913.1                213.513        52.814        32.305         0.628         2.149       171.676         0.000         0.000         0.000
  HS1313924.1                187.054        46.278        28.333         0.551         1.892       150.393         0.000         0.000         0.000
  HS1313925.1                 66.722        16.569        10.156         0.196         0.679        53.808         0.000         0.000         0.000
  HS1313957.1                 93.611        23.226        14.225         0.275         0.942        75.560         0.000         0.000         0.000
  HS1313959.1                320.860        79.520        48.564         0.946         3.140       259.830         0.000         0.000         0.000
  HS1313965.1                227.334        56.309        34.348         0.670         2.199       184.312         0.000         0.000         0.000
  HS1313998.1                 33.708         8.342         5.079         0.099         0.331        27.186         0.000         0.000         0.000
  HS1314210.1                130.798        32.351        19.868         0.391         1.255       105.988         0.000         0.000         0.000
  HS1314237.1                918.224       226.376       138.876         2.712         9.130       741.235         0.000         0.000         0.000
  HS1314268.1                943.168       232.591       142.689         2.786         9.375       761.486         0.000         0.000         0.000
  HS1314475.1                 48.226        11.891         7.272         0.142         0.479        38.800         0.000         0.000         0.000
  HS1314505.1                641.507       196.530        38.691         2.333         1.854       614.902         0.000         0.000         0.000
  HS1314769.1               1069.297       313.714        74.550         3.733         1.543       997.062         0.000         0.000         0.000
  HS1314992.1               7933.804      1974.583      1199.176        23.541        76.347      6432.181         0.000         0.000         0.000
  HS1316010.1                 33.751         8.352         5.085         0.099         0.331        27.213         0.000         0.000         0.000
  HS1316014.1                 20.437         5.054         3.087         0.060         0.201        16.514         0.000         0.000         0.000
  HS1316037.1                 26.988         6.683         4.082         0.079         0.265        21.810         0.000         0.000         0.000
  HS1316045.1                478.341       118.404        72.437         1.407         4.711       386.996         0.000         0.000         0.000
  HS1316177.1               3447.873       856.744       516.769        10.238        32.154      2791.787         0.000         0.000         0.000
  HS1316202.1               3670.060       912.120       550.723        10.897        34.382      2972.632         0.000         0.000         0.000
  HS1316207.1               6136.402      1522.857       924.348        18.161        58.904      4964.697         0.000         0.000         0.000
  HS1316267.1               1261.790       312.304       190.938         3.720        12.559      1018.250         0.000         0.000         0.000
  HS1316302.1                615.814       152.203        92.992         1.819         6.173       494.944         0.000         0.000         0.000
  HS1316321.1                532.545       131.330        80.309         1.572         5.319       427.377         0.000         0.000         0.000
  HS1316332.1                 12.605         3.124         1.917         0.037         0.129        10.195         0.000         0.000         0.000
  HS1316332.2                 12.605         3.124         1.917         0.037         0.129        10.195         0.000         0.000         0.000
  HS1316334.1                  4.804         1.185         0.725         0.014         0.047         3.874         0.000         0.000         0.000
  HS1316344.1                495.183       122.608        75.007         1.458         4.883       400.714         0.000         0.000         0.000
  HS1316357.1                535.277       132.540        81.076         1.575         5.288       433.039         0.000         0.000         0.000
  HS1316368.1                534.984       132.515        81.062         1.575         5.287       432.903         0.000         0.000         0.000
  HS1316381.1                  0.000         0.000         0.000         0.000         0.000         0.000         0.000         0.000         0.000
  HS1316393.1                  0.000         0.000         0.000         0.000         0.000         0.000         0.000         0.000         0.000
  HS1316396.1                  0.000         0.000         0.000         0.000         0.000         0.000         0.000         0.000         0.000
  HS1316410.1                  0.000         0.000         0.000         0.000         0.000         0.000         0.000         0.000         0.000
  HS1316410.2                101.131        25.024        15.324         0.296         1.003        81.479         0.000         0.000         0.000
  HS1316415.1                190.726        47.083        28.809         0.559         1.905       154.047         0.000         0.000         0.000
  HS1316417.1                325.726        80.514        49.145         0.962         3.132       262.675         0.000         0.000         0.000
  HS1316445.1                226.761        55.966        34.272         0.665         2.263       183.064         0.000         0.000         0.000
  HS1316467.1                606.408       150.286        91.638         1.774         6.050       488.540         0.000         0.000         0.000
  HS1316467.2                 23.569         5.842         3.582         0.070         0.233        19.095         0.000         0.000         0.000
  HS1316505.1               6685.649      1660.019      1008.145        19.794        64.298      5410.724         0.000         0.000         0.000
  HS1316530.1               6690.511      1660.851      1008.610        19.801        64.355      5413.251         0.000         0.000         0.000
  HS1316532.1               2468.025       611.025       373.784         7.266        24.545      1992.866         0.000         0.000         0.000
  HS1316554.1               1732.238       429.066       262.396         5.093        17.323      1398.662         0.000         0.000         0.000
  HS1316563.1               1733.975       429.306       262.526         5.095        17.338      1399.502         0.000         0.000         0.000
  HS1316566.1               1029.372       254.570       155.874         3.031        10.326       830.995         0.000         0.000         0.000
  HS1316585.1                886.517       219.267       134.333         2.610         8.882       715.818         0.000         0.000         0.000
  HS1316637.1                414.658       102.386        62.903         1.214         4.158       334.086         0.000         0.000         0.000
  HS1316643.1                371.743        91.727        56.356         1.087         3.730       299.170         0.000         0.000         0.000
  HS1316671.1                297.947        73.422        45.137         0.868         2.992       239.449         0.000         0.000         0.000
  HS1316676.1                 71.745        17.796        10.904         0.212         0.719        58.039         0.000         0.000         0.000
  HS1316677.1                 95.684        23.726        14.538         0.283         0.958        77.391         0.000         0.000         0.000
  HS1316677.2                168.295        41.676        25.499         0.496         1.680       135.930         0.000         0.000         0.000
  HS1316688.1                168.269        41.672        25.497         0.496         1.680       135.916         0.000         0.000         0.000
  HS1316694.1               2132.390       528.649       324.649         6.342        21.241      1726.810         0.000         0.000         0.000
  HS1316707.1                242.276        59.935        36.749         0.717         2.424       195.758         0.000         0.000         0.000
  HS1316717.1                304.672        75.425        46.190         0.903         3.040       246.064         0.000         0.000         0.000
  HS1316718.1                313.551        77.628        47.540         0.929         3.131       253.255         0.000         0.000         0.000
  HS1316721.1                581.160       143.864        88.093         1.719         5.745       469.591         0.000         0.000         0.000
  HS1316726.1                372.594        92.597        56.431         1.099         3.740       301.855         0.000         0.000         0.000
  HS1316786.1                730.758       180.686       110.609         2.157         7.174       590.059         0.000         0.000         0.000
  HS1316811.1                239.828        59.348        36.347         0.707         2.341       193.879         0.000         0.000         0.000
  HS1316814.1                116.889        28.906        17.724         0.347         1.180        94.388         0.000         0.000         0.000
  HS1316835.1                188.385        46.620        28.584         0.559         1.889       152.133         0.000         0.000         0.000
  HS1316849.1                241.301        59.670        36.580         0.714         2.412       194.883         0.000         0.000         0.000
  HS1316865.1                119.314        29.432        18.040         0.349         1.178        95.959         0.000         0.000         0.000
  HS1316868.1                119.380        29.439        18.044         0.349         1.178        95.995         0.000         0.000         0.000
  HS1316892.1                 87.546        21.590        13.225         0.255         0.856        70.395         0.000         0.000         0.000
  HS1317102.1                  0.000         0.000         0.000         0.000         0.000         0.000         0.000         0.000         0.000
  HS1318293.1               1381.039       342.757       210.377         4.105        13.788      1118.088         0.000         0.000         0.000
  HS1318293.2               2276.504       564.531       346.592         6.754        22.673      1842.318         0.000         0.000         0.000
  HS1318328.1                318.018        78.349        48.051         0.938         3.127       256.262         0.000         0.000         0.000
  HS1318412.1                 33.651         8.335         5.076         0.099         0.330        27.156         0.000         0.000         0.000
  HS1324399.1               2093.641       518.954       318.703         6.226        20.856      1695.133         0.000         0.000         0.000
  HS1324403.1               2093.976       519.022       318.746         6.226        20.861      1695.244         0.000         0.000         0.000
  HS1330826.1                117.816        29.066        17.783         0.352         1.190        95.066         0.000         0.000         0.000
  HS1330834.1                123.842        30.561        18.701         0.370         1.248        99.971         0.000         0.000         0.000
  HS1330842.1                293.605        72.538        44.318         0.876         2.977       236.533         0.000         0.000         0.000
  HS1330861.1                296.594        73.318        44.795         0.886         3.008       239.033         0.000         0.000         0.000
  HS1344037.1                 10.986         2.728         1.672         0.032         0.109         8.902         0.000         0.000         0.000
  HS1344159.1               2191.031       545.077       326.177         6.525        19.628      1776.023         0.000         0.000         0.000
  HS1344187.1                259.623        64.145        39.303         0.764         2.592       209.263         0.000         0.000         0.000
  HS1344261.1                 84.617        20.984        12.749         0.249         0.861        68.185         0.000         0.000         0.000
  HS1344263.1                472.891       117.047        71.517         1.397         4.735       382.261         0.000         0.000         0.000
  HS1344319.1                  4.363         1.079         0.658         0.013         0.043         3.508         0.000         0.000         0.000
  HS1344902.1                164.041        40.677        24.927         0.485         1.643       132.673         0.000         0.000         0.000
  HS1344915.1                240.499        59.463        36.378         0.707         2.413       193.389         0.000         0.000         0.000
  HS1344920.1                143.695        35.372        21.747         0.422         1.412       115.794         0.000         0.000         0.000
  HS1344978.1                242.593        60.017        36.800         0.718         2.427       196.026         0.000         0.000         0.000
  HS2003013.1               1162.586       343.288        75.610         4.101         1.595      1092.697         0.000         0.000         0.000
  HS2003015.1               2091.681       534.748       250.688         6.438         4.804      1742.694         0.000         0.000         0.000
  HS2003020.1                638.906       165.463        66.821         2.001         1.128       538.472         0.000         0.000         0.000
  HS2003023.1               1455.398       368.873       188.622         4.431         4.475      1203.116         0.000         0.000         0.000
  HS2003028.1                644.842       165.450        73.051         1.999         1.287       538.922         0.000         0.000         0.000
  HS2003029.1                662.271       165.372        95.345         1.994         4.953       539.848         0.000         0.000         0.000
  HS2003046.1               1473.165       369.301       210.385         4.432         9.968      1205.606         0.000         0.000         0.000
  HS2003070.1                839.012       208.772       128.104         2.501         8.401       681.596         0.000         0.000         0.000
  HS2003072.1                666.111       165.311       101.220         1.992         6.660       539.887         0.000         0.000         0.000
  HS2003083.1                315.947        78.332        48.068         0.941         3.117       256.467         0.000         0.000         0.000
  HS2003085.1                795.920       197.875       121.398         2.369         7.988       645.784         0.000         0.000         0.000
  HS2003086.1                317.151        78.446        48.134         0.942         3.122       257.024         0.000         0.000         0.000
  HS2003093.1                802.160       198.561       121.801         2.378         8.022       648.836         0.000         0.000         0.000
  HS2003095.1                770.440       190.480       116.837         2.281         7.707       622.753         0.000         0.000         0.000
  HS2003109.1                 39.645         9.849         6.061         0.118         0.399        32.164         0.000         0.000         0.000
  HS2003111.1                241.397        59.508        36.488         0.716         2.353       195.306         0.000         0.000         0.000
  HS2003111.2                754.845       186.614       114.457         2.234         7.555       610.109         0.000         0.000         0.000
  HS2003113.1                279.913        69.237        42.478         0.833         2.746       226.952         0.000         0.000         0.000
  HS2003125.1                 55.103        13.828         8.417         0.167         0.551        44.979         0.000         0.000         0.000
  HS2003142.1                 39.749         9.870         6.073         0.118         0.401        32.223         0.000         0.000         0.000
  HS2003144.1                  0.544         0.135         0.083         0.002         0.006         0.440         0.000         0.000         0.000
  MH0100292.1               1199.177       300.669       166.391         3.597         7.035       979.247         0.000         0.000         0.000
  MH0100330.1                782.045       194.027       118.767         2.319         7.773       632.243         0.000         0.000         0.000
  MH0100334.1                758.558       188.101       115.129         2.248         7.536       612.945         0.000         0.000         0.000
  MH0101923.1                758.306       188.051       115.102         2.248         7.532       612.823         0.000         0.000         0.000
  MH0101924.1               1344.535       337.752       183.780         4.045         7.034      1100.586         0.000         0.000         0.000
  MH0103033.1                 11.530         2.873         1.759         0.034         0.114         9.366         0.000         0.000         0.000
  MH0200659.1                116.330        29.307        17.876         0.345         1.184        94.361         0.000         0.000         0.000
  MH0200661.1                118.312        29.554        18.021         0.349         1.194        95.614         0.000         0.000         0.000
  MH0201597.1                230.601        57.438        35.090         0.681         2.375       185.593         0.000         0.000         0.000
  MH0201710.1                548.438       135.846        83.389         1.635         5.374       444.030         0.000         0.000         0.000
  MH0241587.1                242.059        60.361        36.914         0.724         2.459       196.646         0.000         0.000         0.000
  MH0241590.1                327.241        81.401        49.801         0.976         3.306       265.520         0.000         0.000         0.000
  MH0241603.1                 48.377        11.984         7.354         0.142         0.481        38.959         0.000         0.000         0.000
  MH0241642.1                249.647        61.743        37.774         0.734         2.504       200.839         0.000         0.000         0.000
  MH0242298.1                403.557        99.853        61.015         1.180         3.956       325.610         0.000         0.000         0.000
  MH0242303.1                596.274       147.790        90.261         1.744         5.931       480.656         0.000         0.000         0.000
  MH0242782.1                298.641        73.903        45.055         0.878         2.990       241.061         0.000         0.000         0.000
  MH0258475.1                 93.730        23.099        14.182         0.278         0.917        75.872         0.000         0.000         0.000
  VP0232532.1                 49.455        12.486         7.610         0.146         0.502        40.192         0.000         0.000         0.000
  YS2003067.1                804.538       200.008       122.727         2.396         8.058       653.119         0.000         0.000         0.000
  HS2003014.2              1.079e+04      2759.114      1430.743        33.092        67.005      8974.831         0.000         0.000         0.000
  HS2003014.1                170.546       630.517         0.000        32.148        66.905      1149.203         0.000         0.000         0.000
  1                          559.865       153.082        76.290         1.804         4.857       481.704         0.000         0.000         0.000
  2                         7480.428      1879.399      1080.927        22.461        58.003      6115.424         0.000         0.000         0.000
  

  Analysis begun on:  Sun Nov 30 13:42:57 2025
  Analysis ended on:  Sun Nov 30 13:45:00 2025
  Total elapsed time: 00:02:03